country,date,title,description,source,url
KR,2024-12-23,Brusco calo termico e venti forti levoluzione fino a Natale e Santo Stefano,,zazoom.it,https://www.zazoom.it/2024-12-23/brusco-calo-termico-e-venti-forti-levoluzione-fino-a-natale-e-santo-stefano/16058058/
KR,2024-12-23,বগুড়ার সোনাতলায় সাব্বির হত্যা মামলার আসামি তিন আ  লীগ কর্মী গ্রেপ্তার,,karatoa.com.bd,https://www.karatoa.com.bd/article/111980
KR,2024-12-23," Je suis ému de marrêter  : après 30 ans aux manettes ,  Monsieur manège  part",,larochesuryon.maville.com,https://larochesuryon.maville.com/actu/actudet_--je-suis-emu-de-m-arreter-apres-30-ans-aux-manettes-monsieur-manege-part-a-la-retraite-_fil-6610869_actu.Htm
KR,2024-12-23,"Personalidade popular histórica de Cunha , Chiquinho de Castro morre aos 84 anos",,g1.globo.com,https://g1.globo.com/sp/vale-do-paraiba-regiao/noticia/2024/12/23/personalidade-popular-historica-de-cunha-chiquinho-de-castro-morre-aos-84-anos.ghtml
KR,2024-12-23,Stearns County Sheriff Soyka Gives End Of The Year Recap,,power96radio.com,https://power96radio.com/ixp/67/p/stearns-county-sheriff-office-careers/
KR,2024-12-23,Anonymous US backer matching donations to Irish Traditional Music Archive ahead of New Year,,independent.ie,https://www.independent.ie/irish-news/anonymous-us-backer-matching-donations-to-irish-traditional-music-archive-ahead-of-new-year/a873179245.html
KR,2024-12-23,Dólar : con la brecha de nuevo cerca del 10 % en la City se preguntan si se seguirá moviendo,,clarin.com,https://www.clarin.com/economia/dolar-brecha-nuevo-cerca-10-city-preguntan-seguira-moviendo_0_Pk4oZXKXK2.html
KR,2024-12-23,Против начальника подразделения ЦЖКУ Минобороны возбудили уголовное дело,,ria.ru,https://ria.ru/20241223/tszhka-1990860411.html
KR,2024-12-23,Trochę ciepła zimą . To najpopularniejsze kierunki podróży Polaków w święta,,bankier.pl,https://www.bankier.pl/wiadomosc/Troche-ciepla-zima-To-najpopularniejsze-kierunki-podrozy-Polakow-w-swieta-8860674.html
KR,2024-12-23,Streit in Stuttgart : Unbekannte greifen 17 - Jährigen körperlich an - Nachrichten aus Stuttgart,,zvw.de,https://www.zvw.de/stuttgart-region/streit-in-stuttgart-unbekannte-greifen-17-j%C3%A4hrigen-k%C3%B6rperlich-an_arid-903970
KR,2024-12-23,Amber Heard speaks out about Blake Lively Justin Baldoni claims,,dailymail.co.uk,https://www.dailymail.co.uk/tvshowbiz/article-14221559/amber-heard-speaks-blake-lively-justin-baldoni-feud.html
KR,2024-12-23,"Contribuyentes recibirán hasta $1 , 400 dólares del IRS – Telemundo Chicago",,telemundochicago.com,https://www.telemundochicago.com/noticias/eeuu/irs-dinero-contribuyentes-pagos-especiales/2516694/
KR,2024-12-23,Victoria Furtună acuză PAS de restricționarea noilor partide : „ Guvernarea demonstrează că îi fuge pământul de sub picioare  ,,news.yam.md,https://news.yam.md/ro/story/16050467
KR,2024-12-23,Kasım - Jomart Tokayev Prezident İlham Əliyevə təbrik məktubu ünvanlayıb,,az.trend.az,https://az.trend.az/azerbaijan/politics/3985635.html
KR,2024-12-23,"  Në Kuadër të Dashurisë , nga 25 Dhjetori , vjen në kanalin e Top Channel në YouTube",,top-channel.tv,https://top-channel.tv/2024/12/23/ne-kuader-te-dashurise-nga-25-dhjetori-vjen-ne-kanalin-e-top-channel-ne-youtube/
KR,2024-12-23,"Al teatro San Leonardo , arriva il Gran galà di giocoleria",,tusciaweb.eu,https://www.tusciaweb.eu/2024/12/al-teatro-san-leonardo-arriva-gran-gala-giocoleria/
KR,2024-12-23,Iconic Arby Location Closes Due to Minimum Wage Increase,,kickam1530.com,https://kickam1530.com/ixp/204/p/iconic-arbys-closes-minimum-wage-increase/
KR,2024-12-23,Furtuna a agravat consecințele poluărilor de pe coasta Mării Negre,,news.yam.md,https://news.yam.md/ro/story/16050498
KR,2024-12-23,  ภูมิธรรม  อัดพวกปั่นข่าว ว้า - ไทยรบกัน จ่อปิดชายแดนตาก 1 เดือน สกัดอหิวาตกโรค,,thairath.co.th,https://www.thairath.co.th/news/politic/2832591
KR,2024-12-23,Пострадавших от мазута после крушения танкеров птиц передали в центр реабилитации животных,,profile.ru,https://profile.ru/news/society/postradavshih-ot-mazuta-posle-krusheniya-tankerov-ptic-peredali-v-centr-reabilitacii-zhivotnyh-a999-1638474/
KR,2024-12-23,"Jutarnji list - Večeras u 20 : 15 jedino sučeljavanje svih kandidata i kandidatkinja na izborima , Periša Čakarun otkrila što možemo očekivati",,jutarnji.hr,https://www.jutarnji.hr/vijesti/hrvatska/veceras-u-20-15-jedino-suceljavanje-svih-kandidata-i-kandidatkinja-na-izborima-perisa-cakarun-otkrila-sto-mozemo-ocekivati-15535986
KR,2024-12-23,France mourns Mayotte victims amid uncertainty over government,,khaleejtimes.com,https://www.khaleejtimes.com/world/europe/france-mourns-mayotte-victims-amid-uncertainty-over-government
KR,2024-12-23,"For young adults , caregiving isnt just hard . It can shape you for life",,iowapublicradio.org,https://www.iowapublicradio.org/news-from-npr/2024-12-23/for-young-adults-caregiving-isnt-just-hard-it-can-shape-you-for-life
KR,2024-12-23,NIGHTMARE FUEL : Texas Woman Bitten By Snake While on The Toilet,,b93.net,https://b93.net/ixp/157/p/nightmare-fuel-texas-woman-bitten-by-snake-while-on-the-toilet/
KR,2024-12-23,中国黄金原董事长陈雄伟落马 ， 家中搜出大量黄金珠宝 _ 华侨 _ 集团 _ 浙江,,sohu.com,https://www.sohu.com/a/841020990_120094090?edtsign=F8B5B17B0B1DCD6CF879AE76166E3B465430A79B&edtcode=t2LpbykuINx4I7go63iwYw==&scm=thor.280_14-200000.0.0.
KR,2024-12-23,"Nosferatu , el renacer de un clásico en manos de Robert Eggers",,24-horas.mx,https://www.24-horas.mx/2024/12/23/nosferatu-el-renacer-de-un-clasico-en-manos-de-robert-eggers/
KR,2024-12-23,官方通报  女子举报前公公  调查结果公布 _ 新闻频道 _ 中华网,,news.china.com,https://news.china.com/socialgd/10000169/20241223/47782378.html
KR,2024-12-23,"Cristina de Middel ,  Berry  y la revista  Camacuc , entre las Medallas al Mérito en las Bellas Artes",,laopiniondezamora.es,https://www.laopiniondezamora.es/cultura/2024/12/23/cristina-middle-berry-revista-camacuc-112880500.html
KR,2024-12-23,"Майката на Ники : По Коледа стават чудеса , имам малка надежда , дано ми доведат детето ! ",,plovdiv24.bg,https://www.plovdiv24.bg/novini/Bylgaria/Maikata-na-Niki-Po-Koleda-stavat-chudesa-imam-malka-nadezhda-dano-mi-dovedat-deteto-2386109
KR,2024-12-23, 【 人民城市 · 温情中国 】 以科技  高度  守护民生  温度 _ 大陆 _ 国内新闻 _ 新闻 _ 齐鲁网,,news.iqilu.com,https://news.iqilu.com/china/gedi/2024/1223/5759709.shtml
KR,2024-12-23,FOTO | Forțe proaspete la ISU Alba : 1 maistru militar și 14 subofițeri își vor desfășura activitatea în cadrul Inspectoratului,,ziarulunirea.ro,https://ziarulunirea.ro/foto-forte-proaspete-la-isu-alba-1-maistru-militar-si-14-subofiteri-isi-vor-desfasura-activitatea-in-cadrul-inspectoratului-918154/
KR,2024-12-23,North Dakota Josh Duhamel Family Christmas Card Photos,,supertalk1270.com,https://supertalk1270.com/ixp/505/p/north-dakotas-josh-duhamels-family-christmas-card-photos/
KR,2024-12-23,Selenskyj kritisiert Fico scharf nach dessen Putin - Besuch - Nachrichten aus aller Welt,,zvw.de,https://www.zvw.de/mehr-nachrichten/ausland/selenskyj-kritisiert-fico-scharf-nach-dessen-putin-besuch_arid-904051
KR,2024-12-23,"Ελεονώρα Μελέτη : Ως Ευρωβουλευτής παίρνω 60 % λιγότερα , παραπληροφόρηση όσα ακούγονται ΒΙΝΤΕΟ",,pelop.gr,https://pelop.gr/eleonora-meleti-os-evrovouleftis-pairno-60-ligotera-parapliroforisi-osa-akougontai-vinteo/
KR,2024-12-23,2025 – Anul Mihai Eminescu - News . yam . md,,news.yam.md,https://news.yam.md/ro/story/16050453
KR,2024-12-23,St . Martin News Network - Person of The YEAR 2024 : Nurse Monique Gumbs with GBNM Nanny Nurssy Foundation . ,,smn-news.com,https://www.smn-news.com/index.php/st-maarten-st-martin-news/46689-person-of-the-year-nurse-monique-gumbs-with-gbnm-nanny-nurssy-foundation.html
KR,2024-12-23,Noël 2024 : conseils pour réduire les effets négatifs de lalcool,,rtl.fr,https://www.rtl.fr/actu/sante/noel-2024-conseils-pour-reduire-les-effets-negatifs-de-l-alcool-7900454429
KR,2024-12-23,Motociclista morre após colidir contra motocicleta conduzida por adolescente de 17 anos em São João do Paraíso,,jornalfloripa.com.br,https://jornalfloripa.com.br/noticia/80615
KR,2024-12-23,Müdür Gür ortaokul öğrencileri ile derse katıldı,,diyadinnet.com,http://www.diyadinnet.com/mudur-gur-ortaokul-ogrencileri-ile-derse-katildi-h342065/
KR,2024-12-23,BBVA Trader vs Santander Bolsa : Todo lo que debes saber antes de elegir,,estrategiasdeinversion.com,https://www.estrategiasdeinversion.com/actualidad/noticias/bolsa-espana/bbva-trader-vs-santander-bolsa-todo-lo-que-debes-n-773423
KR,2024-12-23,O menino de 9 anos entre os mortos em ataque a feira de Natal na Alemanha,,bbc.com,https://www.bbc.com/portuguese/articles/c98l92yjdero
KR,2024-12-23,"1 injured after  a few dozen drone fall from sky , FAA investigating",,nbc24.com,https://nbc24.com/news/nation-world/1-injured-drones-fall-sky-falling-from-faa-investigating-show-holiday-federal-aviation-administration-spectator-attendee-dozen-dropped-shot-out-down-small-collided-fell
KR,2024-12-23,Quinte West welcomes 24 - plus businesses in 2024,,brightontoday.ca,https://www.brightontoday.ca/2024/12/23/49146/
KR,2024-12-23,"Petrol zengini İran , enerji krizini aşmaya çalışıyor",,ogunhaber.com,https://www.ogunhaber.com/dunya/petrol-zengini-iran-enerji-krizini-asmaya-calisiyor-2881823h.html
KR,2024-12-23,"  Y vosotros , ¿ para cuándo ?: cómo responder a esta pregunta cuando no se consigue ser padres",,laopiniondezamora.es,https://www.laopiniondezamora.es/salud/guia/2024/12/23/responder-pregunta-padres-112879554.html
KR,2024-12-23,Azərbaycan Biznesinin İnkişafı Fondunun vəzifələri və hüquqları məlum olub,,az.trend.az,https://az.trend.az/azerbaijan/politics/3985607.html
KR,2024-12-23,"1 फरवरी को बजट , दिन शनिवार को क्या खुला रहेगा बाजार या बंद , यहां जानें ? - budget on 1 february will the market be open or closed on saturday",,punjabkesari.in,https://www.punjabkesari.in/business/news/budget-on-1-february-will-the-market-be-open-or-closed-on-saturday-2079267
KR,2024-12-23,My Brutally Honest Ranking of 2024 Biggest Movies,,krna.com,https://krna.com/ixp/726/p/2024-movies-rank/
KR,2024-12-23,Η μεταβατική κυβέρνηση του Τζολάνι μετά την πτώση Άσαντ : Νέα στελέχη στα 14 υπουργεία,,pelop.gr,https://pelop.gr/i-metavatiki-kyvernisi-tou-tzolani-meta-tin-ptosi-asant-nea-stelechi-sta-14-ypourgeia/
KR,2024-12-23,Another deadly crush in Nigeria at event offering free food,,businessghana.com,http://www.businessghana.com/site/news/politics/320032/Another-deadly-crush-in-Nigeria-at-event-offering-free-food
KR,2024-12-23,Iran marks milestone with first all - female flight crew,,news.az,https://news.az/news/iran-marks-milestone-with-first-all-female-flight-crew
KR,2024-12-23,Haluk Levent hastaneye kaldırıldı,,mavikocaeli.com.tr,https://www.mavikocaeli.com.tr/haluk-levent-hastaneye-kaldirildi/199591/
KR,2024-12-23,OPINION :  Líderes  de Washington Heights | AlMomento . net - Noticias de República Dominicana al instante ! ,,almomento.net,https://almomento.net/opinion-lideres-de-washington-heights/
KR,2024-12-23,Maserati : Maurizio Zuares è il nuovo Chief Commercial Officer globale,,motorionline.com,https://www.motorionline.com/maserati-maurizio-zuares-e-il-nuovo-chief-commercial-officer-globale/
KR,2024-12-23,Belfast City reopens after plane  hard landing  ,,travelmole.com,https://www.travelmole.com/news/belfast-city-reopens-after-planes-hard-landing/
KR,2024-12-23,Kırıkkalede FETÖ Üyesi Şahıs Yakalandı,,haberler.com,https://www.haberler.com/3-sayfa/kirikkale-de-feto-uyesi-sahis-yakalandi-18187582-haberi/
KR,2024-12-23,"Meteoroloji uyardı : Sağanak etkili olacak ! – Güncel Haberler , Son Dakika Haberleri , Turktime Haber Portalı",,turktime.com,https://www.turktime.com/haber/meteoroloji-uyardi-saganak-etkili-olacak/704757
KR,2024-12-23,"Yılın kelimesi  kalabalık yalnızlık  seçildi – Güncel Haberler , Son Dakika Haberleri , Turktime Haber Portalı",,turktime.com,https://www.turktime.com/haber/yilin-kelimesi-kalabalik-yalnizlik-secildi/704755
KR,2024-12-23,"Biden green focus gives way to Trump  Drill , baby , drill  – NBC 7 San Diego",,nbcsandiego.com,https://www.nbcsandiego.com/news/national-international/trumps-drill-baby-drill-bidens-landmark-green-investments/3704896/
KR,2024-12-23,  Vital  to address Lord Advocate concerns on length of Eljamel probe – Swinney,,enfieldindependent.co.uk,https://www.enfieldindependent.co.uk/news/national/24815121.vital-address-lord-advocates-concerns-length-eljamel-probe---swinney/
KR,2024-12-23,Why are people microdosing Ozempic ? ,,theweek.com,https://theweek.com/health/why-are-people-microdosing-ozempic
KR,2024-12-23,"Russia considers launching direct flights with Malaysia , Brazil , Pakistan , says minister",,thestar.com.my,https://www.thestar.com.my/news/nation/2024/12/23/russia-considers-launching-direct-flights-with-malaysia-brazil-pakistan-says-minister
KR,2024-12-23,"For young adults , caregiving isnt just hard . It can shape you for life",,wglt.org,https://www.wglt.org/2024-12-23/for-young-adults-caregiving-isnt-just-hard-it-can-shape-you-for-life
KR,2024-12-23,Chuva que causou estragos em Olímpia durou cerca de duas horas,,g1.globo.com,https://g1.globo.com/sp/sao-jose-do-rio-preto-aracatuba/noticia/2024/12/23/chuva-que-causou-estragos-em-olimpia-durou-cerca-de-duas-horas.ghtml
KR,2024-12-23,Foxconn Announces Strategic Partnership With Zettabyte to Transform AI Data Centers,,tmcnet.com,https://www.tmcnet.com/usubmit/2024/12/23/10124360.htm
KR,2024-12-23,Formula 1 : Schumi back ! ,,thejudge13.com,https://thejudge13.com/2024/12/23/formula-1-schumi-back/
KR,2024-12-23,Sky Rolls Out Latest Feature Upgrade For Its Glass TVs And Stream Boxes Including AirPlay Support,,forbes.com,https://www.forbes.com/sites/johnarcher/2024/12/23/sky-rolls-out-latest-feature-upgrade-for-its-glass-tvs-and-stream-boxes---including-airplay-support/
KR,2024-12-23,Quiz . 15 questions sur lactualité de 2024,,larochesuryon.maville.com,https://larochesuryon.maville.com/actu/actudet_-quiz.-15-questions-sur-l-actualite-de-2024_fil-6605761_actu.Htm
KR,2024-12-23,"  I dont understand why Virat Kohli blocked me on Instagram , says Rahul Vaidya | Bollywood News",,indianexpress.com,https://indianexpress.com/article/entertainment/bollywood/i-dont-understand-why-virat-kohli-blocked-me-on-instagram-says-rahul-vaidya-9740773/
KR,2024-12-23,Biden commutes dozens of death row sentences to life without parole,,nbcsandiego.com,https://www.nbcsandiego.com/news/national-international/biden-commutes-dozens-of-death-row-sentences-to-life-without-parole/3707223/
KR,2024-12-23,Nearly 50 % of Young People Resolve to Quit Nicotine in 2025,,tmcnet.com,https://www.tmcnet.com/usubmit/2024/12/23/10124361.htm
KR,2024-12-23,Northern Tool + Equipment Revs It Up with Legendary Monster Jam® Truck at Milwaukee Store,,tmcnet.com,https://www.tmcnet.com/usubmit/2024/12/23/10124372.htm
KR,2024-12-23,Competition Council Starts Public Debate On Railway Tariff Principles Guide,,zfenglish.com,http://www.zfenglish.com/companies/automotive/competition-council-starts-public-debate-on-railway-tariff-22621185
KR,2024-12-23,"Biden commutes 37 federal death row sentences . And , a push to understand long COVID",,wcbe.org,https://www.wcbe.org/npr-news/2024-12-23/biden-commutes-37-federal-death-row-sentences-and-a-push-to-understand-long-covid
KR,2024-12-23,Man arrested following hit - and - run which claimed life of young mother,,beat102103.com,https://www.beat102103.com/editors-pick/man-arrested-following-hit-and-run-which-claimed-life-of-young-mother-2119940
KR,2024-12-23,Коя е  Тъмната страна на TikTok  – гледайте разследването на уебсайта на Bloomberg TV Bulgaria,,investor.bg,https://www.investor.bg/a/454-sotsialni-mrezhi/406163-koya-e-tamnata-strana-na-tiktok-gledayte-razsledvaneto-na-uebsayta-na-bloomberg-tv-bulgaria
KR,2024-12-23,Biden conmuta la pena de muerte de 37 reos federales – Telemundo Chicago,,telemundochicago.com,https://www.telemundochicago.com/noticias/eeuu/biden-conmuta-pena-muerte-reos-federales-cadena-perpetua/2516681/
KR,2024-12-23,Gürcüstanın Baş naziri İrakli Kobaxidze Prezident İlham Əliyevi təbrik edib,,az.trend.az,https://az.trend.az/azerbaijan/politics/3985573.html
KR,2024-12-23,"When to hold on , when to let go | News , Sports , Jobs",,lewistownsentinel.com,https://www.lewistownsentinel.com/uncategorized/2024/12/when-to-hold-on-when-to-let-go/
KR,2024-12-23,İletişim Başkanı Altun : Türkiyenin önceliği her zaman Suriyenin toprak bütünlüğü ve siyasi birliğinin korunması oldu,,aa.com.tr,https://www.aa.com.tr/tr/gundem/iletisim-baskani-altun-turkiyenin-onceligi-her-zaman-suriyenin-toprak-butunlugu-ve-siyasi-birliginin-korunmasi-oldu/3432237
KR,2024-12-23,Laura Ranalli appointed new Italian Ambassador to Ghana,,businessghana.com,http://businessghana.com/site/news/general/320018/Ghana-gets-new-Italian-Ambassador
KR,2024-12-23,中国黄金原董事长陈雄伟落马 家中搜出大量黄金珠宝 _ 东方财富网,,finance.eastmoney.com,https://finance.eastmoney.com/a/202412233276471774.html
KR,2024-12-23,Επιδεινώνεται ραγδαία ο καιρός τις επόμενες ώρες : Σε ποιες περιοχές θα βρέξει και πού θα χιονίσει ΧΑΡΤΕΣ,,pelop.gr,https://pelop.gr/epideinonetai-ragdaia-o-kairos-tis-epomenes-ores-se-poies-perioches-tha-vrexei-kai-pou-tha-chionisei-chartes/
KR,2024-12-23,Alasan Jay Idzes Lebih Senang Main di Hadapan Suporter Timnas Indonesia ketimbang Fans Italia : Okezone Bola,,bola.okezone.com,https://bola.okezone.com/read/2024/12/23/51/3098168/alasan-jay-idzes-lebih-senang-main-di-hadapan-suporter-timnas-indonesia-ketimbang-fans-italia
KR,2024-12-23,Luigi Mangione to appear in Manhattan court to face state charges in death of UnitedHealthcare CEO,,smdailyjournal.com,https://www.smdailyjournal.com/news/national/luigi-mangione-to-appear-in-manhattan-court-to-face-state-charges-in-death-of-unitedhealthcare/article_db26e86f-074b-5358-a66a-3964a6f450fb.html
KR,2024-12-23,Honda and Nissan announce merger talks aiming to form world third - largest automaker,,kfoxtv.com,https://kfoxtv.com/news/nation-world/honda-and-nissan-announce-merger-talks-aiming-to-form-worlds-third-largest-automaker-industry-changes-fossil-fuels-electric-vehicles-mitsubishi-motors
KR,2024-12-23,Renault Scenic E - Tech 2024 : la prova dellelettrica Long Range [ FOTO ] ,,motorionline.com,https://www.motorionline.com/renault-scenic-e-tech-2024-la-prova-dellelettrica-long-range-foto/
KR,2024-12-23,Kızıl Goncalar CANLI izle ! 23 Aralık 2024 ! NOW TV Kızıl Goncalar 32 . bölüm SON BÖLÜM izleme linki ! Kızıl Goncalar dizisi nereden izlenir ? ,,haberler.com,https://www.haberler.com/haberler/kizil-goncalar-canli-izle-23-aralik-2024-now-tv-18187636-haberi/
KR,2024-12-23,El obispo de Santander llama a  vivir con intensidad la caridad  en Navidad,,europapress.es,https://www.europapress.es/cantabria/noticia-obispo-santander-llama-vivir-intensidad-caridad-navidad-20241223132918.html
KR,2024-12-23,Γλυκάνισος : Ένας « θησαυρός » στο χριστουγεννιάτικο τραπέζι - Πώς βοηθά στις λοιμώξεις,,newsbomb.gr,https://www.newsbomb.gr/ygeia/story/1613364/glykanisos-enas-thisavros-sto-xristougenniatiko-trapezi-pos-voitha-stis-loimokseis
KR,2024-12-23,Lamborghini : 20 anni di collaborazione con la Polizia di Stato [ FOTO ] ,,motorionline.com,https://www.motorionline.com/lamborghini-20-anni-di-collaborazione-con-la-polizia-di-stato-foto/
KR,2024-12-23,2024年我国跨区域人员流动量约645亿人次,,stdaily.com,https://www.stdaily.com/web/gdxw/2024-12/23/content_277719.html
KR,2024-12-23,Σωκράτης Φάμελλος : Παντρεύτηκε την χορογράφο Τατιάνα Παπαδοπούλου ΦΩΤΟ,,pelop.gr,https://pelop.gr/sokratis-famellos-pantreftike-tin-chorografo-tatiana-papadopoulou-foto/
KR,2024-12-23,Wall Street : treading water until Christmas Eve,,marketscreener.com,https://www.marketscreener.com/quote/index/DOW-JONES-INDUSTRIAL-4945/news/Wall-Street-treading-water-until-Christmas-Eve-48645981/
KR,2024-12-23,FDA approves weight - loss drug for obstructive sleep apnea,,wyff4.com,https://www.wyff4.com/article/zepbound-fda-approval-sleep-apnea/63251722
KR,2024-12-23,"Azerbaijan , Serbia praise strategic partnership , discuss security issues",,news.az,https://news.az/news/azerbaijan-serbia-praise-strategic-partnership-discuss-security-issues
KR,2024-12-23,"Cristina de Middel ,  Berry  y la revista  Camacuc , entre las Medallas al Mérito en las Bellas Artes",,elcorreogallego.es,https://www.elcorreogallego.es/cultura/2024/12/23/cristina-middle-berry-revista-camacuc-112880522.html
KR,2024-12-23,Trump promete  cerrar las fronteras  nada más llegar al poder | Todas las noticias de Palencia,,diariopalentino.es,https://www.diariopalentino.es/noticia/z818214df-0e9b-4d24-31964f3e4072c194/202412/trump-promete-cerrar-las-fronteras-nada-mas-llegar-al-poder
KR,2024-12-23,Surprise fees at the doctor office,,nbc24.com,https://nbc24.com/news/nation-world/patients-surprise-medical-fees-at-the-doctors-office-billing-transparency
KR,2024-12-23,Comentar | Chimbotenlinea . com,,chimbotenlinea.com,http://www.chimbotenlinea.com/comment/reply/74285
KR,2024-12-23,"Au picat câteva site - uri guvernamentale , pagina SIS și a Președinției",,news.yam.md,https://news.yam.md/ro/story/16050506
KR,2024-12-23,"Borsa : Milano invariata , corre Leonardo , giù Buzzi e Stellantis - Notizie",,ansa.it,https://www.ansa.it/sito/notizie/economia/2024/12/23/borsa-milano-invariata-corre-leonardo-giu-buzzi-e-stellantis_232e8496-a7a6-4756-b05a-b93de3a9d9da.html
KR,2024-12-23,سياسة التجويع .. جريمة حرب وإبادة - قناة العالم الاخبارية,,alalam.ir,https://www.alalam.ir/news/7118673/%d8%b3%d9%8a%d8%a7%d8%b3%d8%a9-%d8%a7%d9%84%d8%aa%d8%ac%d9%88%d9%8a%d8%b9--%d8%ac%d8%b1%d9%8a%d9%85%d8%a9-%d8%ad%d8%b1%d8%a8-%d9%88%d8%a5%d8%a8%d8%a7%d8%af%d8%a9
KR,2024-12-23,Τρία μετάλλια για την Τάτσιου του ΝΟΠ στο Πανελλήνιο,,pelop.gr,https://pelop.gr/tria-metallia-gia-tin-tatsiou-tou-nop-sto-panellinio/
KR,2024-12-23,  El Nini  y su intento fallido de registrar su apodo como marca comercial – La Verdad Noticias,,laverdadnoticias.com,https://laverdadnoticias.com/crimen/el-nini-y-su-intento-fallido-de-registrar-su-apodo-como-marca-comercial-20241223
KR,2024-12-23,Inadmiten las denuncias contra Mazón por la gestión de la DANA | Todas las noticias de Palencia,,diariopalentino.es,https://www.diariopalentino.es/noticia/z7fd7f8c6-b9bc-a462-45b71d17c1c324c0/202412/inadmiten-las-denuncias-contra-mazon-por-la-gestion-de-la-dana
KR,2024-12-23,"Salute , lassessore regionale Volo dispone sopralluogo urgente allOspedale Ingrassia dopo decesso di una paziente di 76 anni - il Fatto Nisseno",,ilfattonisseno.it,https://www.ilfattonisseno.it/2024/12/salute-lassessore-regionale-volo-dispone-sopralluogo-urgente-allospedale-ingrassia-dopo-decesso-di-una-paziente-di-76-anni/
KR,2024-12-23,深观察丨  关税始终是非常危险的  武器 _ 国际新闻 _ 新闻 _ 齐鲁网,,news.iqilu.com,https://news.iqilu.com/guoji/20241223/5759642.shtml
KR,2024-12-23,EBRDden Fiba Yenilenebilir Enerjiye 42 milyon dolar güneş enerjisi finansmanı,,aa.com.tr,https://www.aa.com.tr/tr/ekonomi/ebrdden-fiba-yenilenebilir-enerjiye-42-milyon-dolar-gunes-enerjisi-finansmani/3432255
KR,2024-12-23,Обновлен прогноз потребности российской экономики в кадрах / Новости / Независимая газета,,ng.ru,https://www.ng.ru/news/807633.html
KR,2024-12-23,Beetlejuice Beetlejuice : anche una steelbook 4K UHD che si illumina al buio per il gran ritorno di Tim Burton,,movieplayer.it,https://movieplayer.it/articoli/beetlejuice-beetlejuice-steelbook-4k-uhd-film-tim-burton_34414/
KR,2024-12-23,普京 ： 俄上一代政客  摧毁国家  西方从未接纳俄罗斯 _ 新闻频道 _ 中华网,,news.china.com,https://news.china.com/socialgd/10000169/20241223/47782391.html
KR,2024-12-23,В Google прокомментировали падение трафика YouTube в России,,ria.ru,https://ria.ru/20241223/youtube-1990858572.html
KR,2024-12-23,Prezident İlham Əliyev minimum aylıq əməkhaqqının artırılması ilə bağlı Sərəncam imzalayıb,,az.trend.az,https://az.trend.az/azerbaijan/politics/3985582.html
KR,2024-12-23,"Miguel Angel Aguilar , SoCal Fitness influencer dies 3 months after failed robbery",,scallywagandvagabond.com,https://scallywagandvagabond.com/2024/12/miguel-angel-aguilar-socal-fitness-influencer-dies-3-months-after-robbery/
KR,2024-12-23,Statistics Canada reports real GDP grew 0 . 3 per cent in October – Winnipeg Free Press,,winnipegfreepress.com,https://www.winnipegfreepress.com/business/2024/12/23/statistics-canada-reports-real-gdp-grew-0-3-per-cent-in-october
KR,2024-12-23,Iconic Arby Location Closes Due to Minimum Wage Increase,,keanradio.com,https://keanradio.com/ixp/204/p/iconic-arbys-closes-minimum-wage-increase/
KR,2024-12-23,King Charles to deliver Xmas speech from ex - hospital,,katherinetimes.com.au,https://www.katherinetimes.com.au/story/8854342/king-charles-to-deliver-xmas-speech-from-ex-hospital/
KR,2024-12-23,闪电评论｜秀出山东的  好 _ 原创阵地 _ 齐鲁时评 _ 齐鲁网,,pinglun.iqilu.com,https://pinglun.iqilu.com/yuanchuang/2024/1223/5759661.shtml
KR,2024-12-23,中国黄金原董事长陈雄伟落马 ， 家中搜出大量黄金珠宝,,finance.sina.com.cn,https://finance.sina.com.cn/roll/2024-12-23/doc-ineancvn9260203.shtml
KR,2024-12-23,"Nio ET9 , lammiraglia elettrica cinese che punta al segmento premium [ FOTO ] ",,motorionline.com,https://www.motorionline.com/nio-et9-lammiraglia-elettrica-cinese-che-punta-al-segmento-premium-foto/
KR,2024-12-23,"EBRD , Kavram Enerjiye 42 Milyon Dolar Finansman Sağladı",,haberler.com,https://www.haberler.com/ekonomi/ebrd-kavram-enerji-ye-42-milyon-dolar-finansman-sagladi-18187580-haberi/
KR,2024-12-23,Volkswagen zor durumda ! 4 bin yöneticinin ikramiyeleri kesilecek,,bigpara.hurriyet.com.tr,https://bigpara.hurriyet.com.tr/haberler/teknoloji-haberleri/volkswagen-zor-durumda-4-bin-yoneticinin-ikramiyeleri-kesilecek_ID1605073/
KR,2024-12-23,Компания из Южной Кореи поставит в Ирак армейские вертолеты KUH - 1 Surion / Новости / Независимая газета,,ng.ru,https://www.ng.ru/news/807631.html
KR,2024-12-23,La Inteligencia de Rusia acusa a la presidenta de Moldavia de buscar una guerra en Transnistria,,europapress.es,https://www.europapress.es/internacional/noticia-inteligencia-rusia-acusa-presidenta-moldavia-buscar-guerra-transnistria-20241223123412.html
KR,2024-12-23,"Jailed activist  hurt  PM did not raise case with Egyptian leader , says family",,wiltshiretimes.co.uk,https://www.wiltshiretimes.co.uk/news/national/24814787.jailed-activist-hurt-pm-not-raise-case-egyptian-leader-says-family/
KR,2024-12-23,"Biden green focus gives way to Trump  Drill , baby , drill  – NBC Los Angeles",,nbclosangeles.com,https://www.nbclosangeles.com/news/national-international/trumps-drill-baby-drill-bidens-landmark-green-investments/3586466/
KR,2024-12-23,"Shohei Ohtani wins 3rd AP Male Athlete of the Year award , tying Michael Jordan for 1 shy of record – Winnipeg Free Press",,winnipegfreepress.com,https://www.winnipegfreepress.com/world/2024/12/23/shohei-ohtani-wins-3rd-ap-male-athlete-of-the-year-award-tying-michael-jordan-for-1-shy-of-record
KR,2024-12-23,"Killer di Magdeburgo , lestradizione a Riad fu rifiutata",,rsi.ch,https://www.rsi.ch/info/mondo/Killer-di-Magdeburgo-l%E2%80%99estradizione-a-Riad-fu-rifiutata--2454631.html
KR,2024-12-23,"La desgarradora carta de Dani La Chepi , tras la repentina muerte de su gato",,clarin.com,https://www.clarin.com/fama/desgarradora-carta-dani-chepi-repentina-muerte-gato_0_EZnEuGXHG2.html
KR,2024-12-23,Huntsville home to $220 million project as state attracts billions,,al.com,https://www.al.com/news/birmingham/2024/12/huntsville-home-to-220-million-project-as-state-attracts-billions.html
KR,2024-12-23,Elazığ  da umre kafilesini yüzlerce kişi uğurladı,,diyadinnet.com,http://www.diyadinnet.com/elazig-da-umre-kafilesini-yuzlerce-kisi-ugurladi-h342063/
KR,2024-12-23,Flu hits Georgia hard as cases soar across U . S . ,,wrdw.com,https://www.wrdw.com/2024/12/23/flu-hits-georgia-hard-cases-soar-across-us/
KR,2024-12-23,  Vital  to address Lord Advocate concerns on length of Eljamel probe – Swinney,,newarkadvertiser.co.uk,https://www.newarkadvertiser.co.uk/national/vital-to-address-lord-advocate-s-concerns-on-length-of-eljamel-probe-swinney-135380/
KR,2024-12-23,Мишустин потребовал разрешить выдавать семейную ипотеку на вторичное жилье,,ura.news,https://ura.news/news/1052860066
KR,2024-12-23,Spekulationen um angebliche Assad - Scheidung halten an,,berchtesgadener-anzeiger.de,"https://www.berchtesgadener-anzeiger.de/startseite_artikel,-spekulationen-um-angebliche-assadscheidung-halten-an-_arid,915330.html"
KR,2024-12-23,"Nissan , Honda announce plans to merge , creating world No . 3 automaker",,wbrz.com,https://www.wbrz.com/news/nissan-honda-announce-plans-to-merge-creating-world-s-no-3-automaker
KR,2024-12-23,Илон Маск обратился к Павлу Дурову : вот что он сказал,,pda.kp.ru,https://pda.kp.ru/online/news/6153238/
KR,2024-12-23,Inzaghi : Dua të qëndroj sa më gjatë tek Interi,,koha.mk,https://koha.mk/inzaghi-dua-te-qendroj-sa-me-gjate-tek-interi/
KR,2024-12-23,Luigi Mangione to appear in Manhattan court to face state charges in death of UnitedHealthcare CEO,,toronto.citynews.ca,https://toronto.citynews.ca/2024/12/23/luigi-mangione-to-appear-in-manhattan-court-to-face-state-charges-in-death-of-unitedhealthcare-ceo/
KR,2024-12-23,Khả Ngân phản hồi tin có bạn trai mới,,baomoi.com,https://baomoi.com/kha-ngan-phan-hoi-tin-co-ban-trai-moi-c51064499.epi
KR,2024-12-23,Türkische Airline bietet künftig Döner und Ayran auf Flügen an,,berliner-zeitung.de,https://www.berliner-zeitung.de/news/tuerkische-airline-bietet-kuenftig-doener-und-ayran-auf-fluegen-an-li.2284094
KR,2024-12-23,MSBV - Early Redemption - 23 Dec 2024 | Company Announcement,,investegate.co.uk,https://www.investegate.co.uk:443/announcement/rns/morgan-stanley-b-v---71lf/msbv-early-redemption-23-dec-2024/8628421
KR,2024-12-23,"South Carolina gas prices creep up ahead of holiday travel , end of year",,live5news.com,https://www.live5news.com/2024/12/23/south-carolina-gas-prices-creep-up-ahead-holiday-travel-end-year/
KR,2024-12-23,National Geographic - Lindblad Expeditions reveals first - ever united kingdom Wave campaign,,travelmole.com,https://www.travelmole.com/news/national-geographic-lindblad-expeditions-reveals-first-ever-uk-wave-campaign/
KR,2024-12-23,Friseursalon Schweizer in Weinstadt : Kunden zahlen krebskranker Frau die Perücke - Nachrichten aus Weinstadt,,zvw.de,https://www.zvw.de/lokales/weinstadt/friseursalon-schweizer-in-weinstadt-kunden-zahlen-krebskranker-frau-die-per%C3%BCcke_arid-904063
KR,2024-12-23,В Саровской пустыни освящен храм великомученика и целителя Пантелеимона / Новости / Патриархия . ru,,patriarchia.ru,http://www.patriarchia.ru/db/text/6067121.html
KR,2024-12-23,Could Google Quantum Leap Represent Long - Term Challenges For NVIDIA ? ,,forbes.com,https://www.forbes.com/sites/danirvine/2024/12/23/could-googles-quantum-leap-represent-long-term-challenges-for-nvidia/
KR,2024-12-23,2025 Skoda Octavia review,,gleninnesexaminer.com.au,https://www.gleninnesexaminer.com.au/story/8854338/2025-skoda-octavia-review/?cs=34616
KR,2024-12-23,Trei scenarii pe care le poate testa Rusia pentru a recâștiga controlul asupra Moldovei,,news.yam.md,https://news.yam.md/ro/story/16050504
KR,2024-12-23, „ Тренд : Всеки пети човек у нас слуша музика чрез стрийминг платформи,,investor.bg,https://www.investor.bg/a/554-lifestyle/406159-trend-vseki-peti-chovek-u-nas-slusha-muzika-chrez-striyming-platformi
KR,2024-12-23,The Kulpa Foundation Names the Winner of the 2024 Kulpa Health Innovations Scholarship,,tmcnet.com,https://www.tmcnet.com/usubmit/2024/12/23/10124364.htm
KR,2024-12-23,Nissan and Honda to attempt a merger that would create the world No . 3 automaker,,fitzhugh.ca,https://www.fitzhugh.ca/national-business/nissan-and-honda-to-attempt-a-merger-that-would-create-the-worlds-no-3-automaker-9994562
KR,2024-12-23,House Ethics report finds evidence Matt Gaetz paid a 17 - year - old for sex in 2017,,wjcl.com,https://www.wjcl.com/article/house-ethics-committee-gaetz-report/63264232
KR,2024-12-23,King Charles to deliver Xmas speech from ex - hospital,,illawarramercury.com.au,https://www.illawarramercury.com.au/story/8854342/king-charles-to-deliver-xmas-speech-from-ex-hospital/
KR,2024-12-23,  Bir bilenle bilge nesil projesi  Patnosta öğrencilerle buluştu,,diyadinnet.com,http://www.diyadinnet.com/bir-bilenle-bilge-nesil-projesi-patnos-ta-ogrencilerle-bulustu-h342031/
KR,2024-12-23,Покупает ли Европа российский газ : в Финляндии предложили ограничить импорт газа из России и Белоруссии,,ura.news,https://ura.news/news/1052860073
KR,2024-12-23,"Here what you need to know : Monday , Dec . 23",,komu.com,https://www.komu.com/news/midmissourinews/heres-what-you-need-to-know-monday-dec-23/article_d8bcc590-c0d5-11ef-ad7c-c77a38e9f695.html
KR,2024-12-23,外交部 ： 中方敦促菲律宾尽快撤走  堤丰  中导系统 _ 大陆 _ 国内新闻 _ 新闻 _ 齐鲁网,,news.iqilu.com,https://news.iqilu.com/china/gedi/2024/1223/5759720.shtml
KR,2024-12-23,LUe raggiunge i 300 miliardi come esborsi del Pnrr - Notizie,,ansa.it,https://www.ansa.it/sito/notizie/economia/2024/12/23/lue-raggiunge-i-300-miliardi-come-esborsi-del-pnrr_0236aa0d-0b1a-4d62-a04b-72d8f110ce2e.html
KR,2024-12-23,Festivus 2024 : When is it and how is it celebrated ? – NBC Los Angeles,,nbclosangeles.com,https://www.nbclosangeles.com/entertainment/entertainment-news/happy-festivus-what-is-it-and-how-to-celebrate-the-seinfeld-holiday/3588192/
KR,2024-12-23,Jäger erschießt grundlos fremden Hund - Revision nach Urteil - Nachrichten aus Deutschland,,zvw.de,https://www.zvw.de/mehr-nachrichten/deutschland/j%C3%A4ger-erschie%C3%9Ft-grundlos-fremden-hund-revision-nach-urteil_arid-904015
KR,2024-12-23,"Joel Mekler | Medicare Moments : Medicare coverage of second opinions : When , where and how ? ",,ncnewsonline.com,https://www.ncnewsonline.com/news/lifestyles/joel-mekler-medicare-moments-medicare-coverage-of-second-opinions-when-where-and-how/article_bfdb57b0-5b33-11ef-94bc-ab4a36518459.html
KR,2024-12-23,Slovak president expects PM to brief him on outcome of talks with Putin agency,,tass.com,https://tass.com/world/1891931
KR,2024-12-23,Elon Musk X raises premium - plus subscription price,,news.az,https://news.az/news/elon-musk-s-x-raises-premium-plus-subscription-price
KR,2024-12-23,  Vital  to address Lord Advocate concerns on length of Eljamel probe – Swinney,,richmondandtwickenhamtimes.co.uk,https://www.richmondandtwickenhamtimes.co.uk/news/national/24815121.vital-address-lord-advocates-concerns-length-eljamel-probe---swinney/
KR,2024-12-23,Police seize hundreds of cannabis plants in Nowra and Worrigee | Southern Highland News,,southernhighlandnews.com.au,https://www.southernhighlandnews.com.au/story/8854211/police-seize-hundreds-of-cannabis-plants-in-nowra-and-worrigee/?cs=300
KR,2024-12-23,Аналитик Фельдман : идею Трампа касательно двух полов реализовать на практике будет сложно,,m24.ru,https://www.m24.ru/news/politika/23122024/755050
KR,2024-12-23,Man appears in court charged with stabbing Gemma Devonish to death | News united kingdom ,,metro.co.uk,https://metro.co.uk/2024/12/23/man-appears-court-charged-stabbing-gemma-devonish-death-22241285/
KR,2024-12-23,2025 Skoda Octavia review,,tenterfieldstar.com.au,https://www.tenterfieldstar.com.au/story/8854338/2025-skoda-octavia-review/?cs=34616
KR,2024-12-23,Mark Zuckerberg went all in on Meta AI strategy this year . The pressure builds in 2025,,nbclosangeles.com,https://www.nbclosangeles.com/news/business/money-report/mark-zuckerberg-went-all-in-on-metas-ai-strategy-this-year-the-pressure-builds-in-2025/3588225/
KR,2024-12-23,"Cristina de Middel ,  Berry  y la revista  Camacuc , entre las Medallas al Mérito en las Bellas Artes",,diariocordoba.com,https://www.diariocordoba.com/cultura/2024/12/23/cristina-middle-berry-revista-camacuc-112880490.html
KR,2024-12-23,"I år koster det 8 , 25 kroner at stege juleanden | Nyheder",,dr.dk,https://www.dr.dk/nyheder/seneste/i-aar-koster-det-825-kroner-stege-juleanden
KR,2024-12-23,"Rental , Leasing Car Telematics Market to Grow 15 % by 2030",,autorentalnews.com,https://www.autorentalnews.com/10233419/rental-and-leasing-car-telematics-market-to-grow-15-by-2030
KR,2024-12-23,F1 | Massa crede in Bortoleto :  Il suo stile è simile a quello di Verstappen  ,,f1grandprix.motorionline.com,https://f1grandprix.motorionline.com/f1-massa-crede-in-bortoleto-il-suo-stile-e-simile-a-quello-di-verstappen/
KR,2024-12-23,Gençlere spor malzemesi hediye edildi - Ağrı Haberleri,,diyadinnet.com,http://www.diyadinnet.com/genclere-spor-malzemesi-hediye-edildi-h342069/
KR,2024-12-23,Muş  ta şeker pancarı kampanyasında rekor,,diyadinnet.com,http://www.diyadinnet.com/mus-ta-seker-pancari-kampanyasinda-rekor-h342070/
KR,2024-12-23,Durov : Telegram total revenue surpasses $1 billion in 2024,,news.az,https://news.az/news/durov-t-elegram-s-total-revenue-surpasses-1-billion-in-2024
KR,2024-12-23,"Les infos de 12h30 - Météo en France : dimportantes chutes de neige attendues , les stations font le plein",,rtl.fr,https://www.rtl.fr/actu/meteo/les-infos-de-12h30-meteo-en-france-d-importantes-chutes-de-neige-attendues-les-stations-font-le-plein-7900454388
KR,2024-12-23,WhatsApp führt festliche AR - Effekte und Emojis zu Weihnachten ein,,merkur.de,https://www.merkur.de/welt/whatsapp-fuehrt-festliche-ar-effekte-und-emojis-zu-weihnachten-ein-festtage-neujahr-zr-93483980.html
KR,2024-12-23,Elon Musk : ¿ El verdadero poder detrás de la presidencia de Trump ? ,,laverdadnoticias.com,https://laverdadnoticias.com/internacional/elon-musk-el-verdadero-poder-detras-de-la-presidencia-de-trump-20241223
KR,2024-12-23,Sadır Japarov Prezident İlham Əliyevə təbrik məktubu göndərib,,az.trend.az,https://az.trend.az/azerbaijan/politics/3985618.html
KR,2024-12-23,Eswatini Talks Agreed by all,,eturbonews.com,https://eturbonews.com/eswatini-talks-agreed-by-all/
KR,2024-12-23,Arlington trash pickup pushed back for Christmas and New Year ,,arlnow.com,https://www.arlnow.com/2024/12/23/arlington-trash-pickup-pushed-back-for-christmas-and-new-years/
KR,2024-12-23,تأكيدًا لما نشرته « البوابة نيوز ».. فوز « مسار » بعد انسحاب لاعبات بيراميدز بالدوري,,albawabhnews.com,https://www.albawabhnews.com/5126565
KR,2024-12-23,最高法 ： 在全国法院部署开展治理欠薪冬季专项行动,,stdaily.com,https://www.stdaily.com/web/gdxw/2024-12/23/content_277680.html
KR,2024-12-23,عند مستوى 11948 نقطة .. مؤشر سوق الأسهم السعودية يغلق مرتفعًا,,elbrqnews.com,http://www.elbrqnews.com/world/47270.html
KR,2024-12-23,СК РФ направил в суд дело о терактах украинских военных в Курской области,,ridus.ru,https://www.ridus.ru/sk-rf-napravil-v-sud-delo-o-teraktah-ukrainskih-voennyh-v-kurskoj-oblasti-532010.html
KR,2024-12-23,Ballinrobe shopkeeper Patsy Murphy to be laid to rest,,mayonews.ie,https://www.mayonews.ie/news/local-news/1687163/ballinrobe-shopkeeper-patsy-murphy-to-be-laid-to-rest.html
KR,2024-12-23,"Road rage mystery in Clifton , NJ NJ Top News",,nj1015.com,https://nj1015.com/road-rage-mystery-in-clifton-nj-nj-top-news/
KR,2024-12-23,Ankaragücü  nde ayrılık rüzgarı - Son Dakika Spor Haberleri,,dha.com.tr,https://www.dha.com.tr/spor/ankaragucunde-ayrilik-ruzgari-2554142
KR,2024-12-23,The Bold and the Beautiful Spoilers : Luna Injuries Convince Bill to Pull Freedom Strings – Move Works Like a Charm ? ,,celebdirtylaundry.com,https://www.celebdirtylaundry.com/2024/the-bold-and-the-beautiful-spoilers-lunas-injuries-convince-bill-to-pull-freedom-strings-move-works-like-a-charm/
KR,2024-12-23,俄3人在零下24℃山中待3天奇迹生还 雪地求生终获救 _ 新闻频道 _ 中华网,,news.china.com,https://news.china.com/socialgd/10000169/20241223/47782374.html
KR,2024-12-23,Honda - Nissan : Ένας κολοσσός 50 δισ . στα σκαριά - Τι σημαίνει η συνένωση δυνάμεων,,naftemporiki.gr,https://www.naftemporiki.gr/auto/1864507/honda-nissan-enas-kolossos-50-dis-sta-skaria-ti-simainei-i-synenosi-dynameon/
KR,2024-12-23,Hai người tử vong sau tiếng nổ lớn ở Nghệ An,,dantri.com.vn,https://dantri.com.vn/xa-hoi/hai-nguoi-tu-vong-sau-tieng-no-lon-o-nghe-an-20241223201854804.htm
KR,2024-12-23,Moody Upgrades Sri Lanka Rating To  Caa1  After Creditor Approval Of $12 . 55 Billion Debt Restructuring,,menafn.com,https://menafn.com/1109023972/Moodys-Upgrades-Sri-Lankas-Rating-To-Caa1-After-Creditors-Approval-Of-1255-Billion-Debt-Restructuring
KR,2024-12-23,"Send Hindi News , Send News In Hindi - Amarujala . com",,amarujala.com,https://www.amarujala.com/tags/send?text=https:/www.amarujala.com/photo-gallery/spirituality/religion/hindu-calendar-2025-yearly-hindu-panchang-2025-vrat-festivals-holidays-list-in-2025-2024-12-11
KR,2024-12-23,京东调整2024年年终奖结构 ， 采销员工平均薪酬将达到23薪,,163.com,https://www.163.com/dy/article/JK4IP8MJ051492T3.html
KR,2024-12-23,Poliisi ei epäile Anna - Maja Henrikssonin erityisavustajaa rikoksesta nikotiinipussikohuun liittyen,,itahame.fi,https://www.itahame.fi/uutissuomalainen/8167422
KR,2024-12-23,German far - right AfD to march in city hit by Christmas market attack,,foxbangor.com,https://www.foxbangor.com/news/national/german-far-right-afd-to-march-in-city-hit-by-christmas-market-attack/article_272b80ab-9d3f-5804-af5c-59e406d9fec0.html
KR,2024-12-23,"Tres fuerzas invisibles que redefinen el futuro global : despoblación , crimen y China",,laverdadnoticias.com,https://laverdadnoticias.com/internacional/tres-fuerzas-invisibles-que-redefinen-el-futuro-global-despoblacion-crimen-y-china-20241223
KR,2024-12-23,Azərbaycan və İtaliya arasında qarşılıqlı fikir mübadiləsi aparılıb,,az.trend.az,https://az.trend.az/azerbaijan/politics/3985651.html
KR,2024-12-23,بعد إثارته الجدل .. هل ترامب أول من طرح فكرة شراء جزيرة جرينلاند من الدنمارك ؟ ,,shorouknews.com,https://www.shorouknews.com/news/view.aspx?cdate=23122024&id=9553c6fd-e23c-4b5c-bbb5-f440bef038e2
KR,2024-12-23,MS Dhoni Ranchi Home Under Legal Scrutiny : Probe Ordered Over Alleged Commercial Use,,techstory.in,https://techstory.in/ms-dhonis-ranchi-home-under-legal-scrutiny-probe-ordered-over-alleged-commercial-use/
KR,2024-12-23,"Haluk Levent apar topar hastaneye kaldırıldı : Sağlık durumu nasıl ? ( Haluk Levent hastalığı ne , neden hastaneye kaldırıldı ?) ",,yenisafak.com,https://www.yenisafak.com/foto-galeri/hayat/haluk-levent-apar-topar-hastaneye-kaldirildi-saglik-durumu-nasil-haluk-levent-hastaligi-ne-neden-hastaneye-kaldirildi-4664998
KR,2024-12-23,Biden Commutes Death Sentences Of Nearly Every Federal Death Row Inmate,,talkradio1080.iheart.com,https://talkradio1080.iheart.com/content/2024-12-23-biden-commutes-death-sentences-of-nearly-every-federal-death-row-inmate/
KR,2024-12-23,"King Charles III Christmas speech - how to watch , what will he say",,gazetteseries.co.uk,https://www.gazetteseries.co.uk/news/national/uk-today/24815192.king-charles-iii-christmas-speech---watch-will-say/
KR,2024-12-23,House Ethics report finds evidence Matt Gaetz paid a 17 - year - old for sex in 2017,,wyff4.com,https://www.wyff4.com/article/house-ethics-committee-gaetz-report/63264232
KR,2024-12-23,Annual Report and Accounts 2024 and Notice of AGM | Company Announcement,,investegate.co.uk,https://www.investegate.co.uk:443/announcement/rns/premier-miton-group--pmi/annual-report-and-accounts-2024-and-notice-of-agm/8628438
KR,2024-12-23,Cirrus Celebrates 600 Vision Jet Deliveries,,tmcnet.com,https://www.tmcnet.com/usubmit/2024/12/23/10124369.htm
KR,2024-12-23,Former Rep . Matt Gaetz seeks restraining order to halt release of House Ethics report,,nbclosangeles.com,https://www.nbclosangeles.com/news/national-international/former-rep-matt-gaetz-seeks-restraining-order-to-halt-release-of-house-ethics-report/3588275/
KR,2024-12-23,НОИ обяви кога ще се изплащат обезщетенията за майчинство,,actualno.com,https://www.actualno.com/finance/noi-objavi-koga-shte-se-izplashtat-obezshtetenijata-za-majchinstvo-news_2364637.html
KR,2024-12-23,中办 、 国办发布关于加快建设统一开放的交通运输市场的意见 _ 大陆 _ 国内新闻 _ 新闻 _ 齐鲁网,,news.iqilu.com,https://news.iqilu.com/china/gedi/2024/1223/5759693.shtml
KR,2024-12-23,El Capi Pérez : Cómo triunfa en la comedia sin miedo a la cancelación,,laverdadnoticias.com,https://laverdadnoticias.com/espectaculos/el-capi-perez-como-triunfa-en-la-comedia-sin-miedo-a-la-cancelacion-20241223
KR,2024-12-23,"TRASEISM POLITIC // Invitați : Dragoș Galbur , președintele PNM , Ion Ciobanu , expert",,news.yam.md,https://news.yam.md/ro/story/16050462
KR,2024-12-23,Trump impact and fireballs : Down in Alabama,,al.com,https://www.al.com/news/2024/12/trumps-impact-and-fireballs-down-in-alabama.html
KR,2024-12-23,Bé gái 10 tuổi nhiều lần bị đánh đập ở Bình Dương,,dantri.com.vn,https://dantri.com.vn/xa-hoi/be-gai-10-tuoi-nhieu-lan-bi-danh-dap-o-binh-duong-20241223171107253.htm
KR,2024-12-23,Perdonan a mujer por muerte de una niña,,diario.mx,https://diario.mx/juarez/2024/dec/22/perdonan-a-mujer-por-muerte-de-una-nina-1046688.html
KR,2024-12-23,خليجي بنك يطلق حملة حساب الوافر الترويجية الكبرى خلال شهر ديسمبر عبر 6 منصات ترويجية في مختلف أنحاء المملكة,,elbrqnews.com,http://www.elbrqnews.com/New-News/47244.html
KR,2024-12-23,Meghalaya Govt Planning to Seek Centre Help in Dealing with Fuel Price Hike : # PoliticalNews,,rashtranews.com,https://www.rashtranews.com/meghalaya-govt-planning-to-seek-centres-help-in-dealing-with-fuel-price-hike-politicalnews/
KR,2024-12-23,"Pohjois - Korea on ehkä lähettämssä Ukrainaan kamikaze - lennokkeja , jotka räjhtävt törmätessn kohteeseensa",,hameensanomat.fi,https://www.hameensanomat.fi/uutissuomalainen/8168456
KR,2024-12-23,"State Bank of India Digital Transformation Strategy Profile 2024 - Accelerators , Incubators and Innovation Programs",,tmcnet.com,https://www.tmcnet.com/usubmit/2024/12/23/10124374.htm
KR,2024-12-23,Surprise fees at the doctor office,,foxreno.com,https://foxreno.com/news/nation-world/patients-surprise-medical-fees-at-the-doctors-office-billing-transparency
KR,2024-12-23,Leonardo ! A Wonderfully Scary Good Time At Children Theatre Co . ,,power96radio.com,https://power96radio.com/ixp/67/p/leonardo-a-wonderfully-scary-good-time-at-childrens-theatre-company/
KR,2024-12-23,FOTO | 8 . 000 de puieți plantați în comuna Șpring de către Fundația Pădurea de Mâine în campania de împădurire și reîmpădurire din toamna anului 2024 . Peste 250 de voluntari implicați în acțiune,,ziarulunirea.ro,https://ziarulunirea.ro/foto-8-000-de-puieti-plantati-in-comuna-spring-de-catre-fundatia-padurea-de-maine-in-campania-de-impadurire-si-reimpadurire-din-toamna-anului-2024-peste-250-de-voluntari-implicati-in-actiune-918097/
KR,2024-12-23,"General Hospital Spoilers : Will Dex Family Appear at Funeral – Mom , Dad and Brother Last Chance at Goodbye ? ",,celebdirtylaundry.com,https://www.celebdirtylaundry.com/2024/general-hospital-spoilers-will-dexs-family-appear-at-funeral-mom-dad-and-brothers-last-chance-at-goodbye/
KR,2024-12-23,  Vital  to address Lord Advocate concerns on length of Eljamel probe – Swinney,,eadt.co.uk,https://www.eadt.co.uk/news/national/24815121.vital-address-lord-advocates-concerns-length-eljamel-probe---swinney/
KR,2024-12-23,25日水星西大距 ， 这次有望肉眼见到这颗  晨星  ,,stdaily.com,https://www.stdaily.com/web/gdxw/2024-12/23/content_277658.html
KR,2024-12-23,"Conheça as rotas alternativas após desabamento da ponte JK , entre Tocantins e Maranhão",,oprogressonet.com,https://oprogressonet.com/noticia/43182/conheca-as-rotas-alternativas-apos-desabamento-da-ponte-jk-entre-tocantins-e-maranhao
KR,2024-12-23,"Jailed activist  hurt  PM did not raise case with Egyptian leader , says family",,dudleynews.co.uk,https://www.dudleynews.co.uk/news/national/24814787.jailed-activist-hurt-pm-not-raise-case-egyptian-leader-says-family/
KR,2024-12-23,Хинштейн рассказал о последствиях ударов ВСУ по Рыльску,,ria.ru,https://ria.ru/20241223/rylsk-1990859518.html
KR,2024-12-23,Yasak aşkıyla bir türlü muradına eremiyor ... Hafta sonu düğün falan yok ... Bu kadar saf olmayın ! ,,hurriyet.com.tr,https://www.hurriyet.com.tr/kelebek/magazin/yasak-askiyla-bir-turlu-muradina-eremiyor-hafta-sonu-dugun-falan-yok-bu-kadar-saf-olmayin-42634707
KR,2024-12-23,Scienziati rivelano la data esatta della nascita di Gesù : non è affatto il 25 dicembre,,supereva.it,https://www.supereva.it/scienziati-rivelano-la-data-esatta-della-nascita-di-gesu-non-e-affatto-il-25-dicembre-90901
KR,2024-12-23,Aureon Appoints George ONeal as Chief Executive Officer,,tmcnet.com,https://www.tmcnet.com/usubmit/2024/12/23/10124366.htm
KR,2024-12-23,Nissan and Honda merger would create world No . 3 automaker,,cp24.com,https://www.cp24.com/news/world/2024/12/23/nissan-and-honda-to-attempt-a-merger-that-would-create-the-worlds-no-3-automaker/
KR,2024-12-23,Union furious after Congress drops 9 / 11 healthcare funding from budget,,ems1.com,https://www.ems1.com/9-11/union-furious-after-congress-drops-9-11-healthcare-funding-from-budget
KR,2024-12-23,Embajada vietnamita apoya a trabajadores con salarios impagados en Japón,,es.vietnamplus.vn,https://es.vietnamplus.vn/embajada-vietnamita-apoya-a-trabajadores-con-salarios-impagados-en-japon-post212790.vnp
KR,2024-12-23,"Comunicat de Presă : „ Modernizare și dotare Școala Gimnazială Roșia de Secaș , Corp A și Corp B , str . Principală Nr . 282 , Loc . Roșia de Secaș , județ Alba  ",,ziarulunirea.ro,https://ziarulunirea.ro/comunicat-de-presa-modernizare-si-dotare-scoala-gimnaziala-rosia-de-secas-corp-a-si-corp-b-str-principala-nr-282-loc-rosia-de-secas-judet-alba-918173/
KR,2024-12-23,Biden Commutes Death Sentences Of Nearly Every Federal Death Row Inmate,,newstalk1130.iheart.com,https://newstalk1130.iheart.com/content/2024-12-23-biden-commutes-death-sentences-of-nearly-every-federal-death-row-inmate/
KR,2024-12-23,দিনাজপুরের পার্বতীপুরে ছেলের মোটরসাইকেল থেকে ছিটকে পড়ে মায়ের মৃত্যু,,karatoa.com.bd,https://www.karatoa.com.bd/article/111981
KR,2024-12-23,Які квартири українці не хочуть купувати - перелік ознак,,24tv.ua,https://24tv.ua/realestate24/yaki-kvartiri-ukrayintsi-ne-hochut-kupuvati-perelik-oznak_n2710884
KR,2024-12-23,Kiev maltrata a sus soldados - Últimas Noticias,,ultimasnoticias.com.ve,https://ultimasnoticias.com.ve/noticias/opinion/kiev-maltrata-a-sus-soldados/
KR,2024-12-23,"  Greenland is not for sale , its leader responds to Trump",,news.az,https://news.az/news/greenland-is-not-for-sale-its-leader-responds-to-trump
KR,2024-12-23,Скръбна вест : Почина световноизвестна българска професорка,,marica.bg,https://www.marica.bg/balgariq/obshtestvo/skrabna-vest-pochina-svetovnoizvestna-balgarska-profesorka
KR,2024-12-23,FOTO | Șofer - cascador la 71 de ani : A sărit cu mașina peste un șanț și s - a împlântat în zidul unei case,,ziarulunirea.ro,https://ziarulunirea.ro/foto-sofer-cascador-la-71-de-ani-a-sarit-cu-masina-peste-un-sant-si-s-a-implantat-in-zidul-unei-case-918186/
KR,2024-12-23,Azərbaycan Biznesinin İnkişafı Fondunda uçot və hesabatın aparılması qaydası məlum olub,,az.trend.az,https://az.trend.az/azerbaijan/politics/3985623.html
KR,2024-12-23,"Jailed activist  hurt  PM did not raise case with Egyptian leader , says family",,eadt.co.uk,https://www.eadt.co.uk/news/national/24814787.jailed-activist-hurt-pm-not-raise-case-egyptian-leader-says-family/
KR,2024-12-23,"Bangladesh Economy Crisis - The Economist picks Bangladesh as country of the year , panauti , debatable , say critics",,indiatoday.in,https://www.indiatoday.in/world/story/the-economist-country-of-year-2024-bangladesh-economic-crisis-inflation-imf-loans-past-winner-outcome-2654031-2024-12-23
KR,2024-12-23,Сколько денег выделят на ремонт дорог : заявление правительства,,ura.news,https://ura.news/news/1052860076
KR,2024-12-23,Does Elon Musk Starlink internet services have a future in Bharat,,organiser.org,https://organiser.org/2024/12/23/270461/bharat/does-elon-musks-starlink-internet-services-have-a-future-in-bharat/
KR,2024-12-26,Правкомиссия ввела режим ЧС федерального уровня на Кубани,,ria.ru,https://ria.ru/20241226/chs-1991508225.html
KR,2024-12-26,Palencia : Roba pedidos a un repartidor de comida y pierde en su huida el móvil y el DNI,,elnortedecastilla.es,https://www.elnortedecastilla.es/palencia/roba-pedidos-repartidor-comida-pierde-huida-movil-20241226151325-nt.html
KR,2024-12-26,The lifeline Somerset service which is just  like friends coming to visit  ,,somersetlive.co.uk,https://www.somersetlive.co.uk/news/somerset-news/lifeline-somerset-service-just-like-9818497
KR,2024-12-26,Где начало годового круга ? |  Ставрополь - на - Волге  - новости Ставропольского района Самарской области,,vstrg.info,http://vstrg.info/krasota-moej-zemli/gde-nachalo-godovogo-kruga.html
KR,2024-12-26,Apel pentru reluarea dialogului între Parlamentul Republicii Moldova și Adunarea Populară a Găgăuziei,,news.yam.md,https://news.yam.md/ro/story/16065392
KR,2024-12-26,"Russian ship that sank in the Mediterranean was attacked , owner says",,bozemandailychronicle.com,https://www.bozemandailychronicle.com/ap_news/business/russian-ship-that-sank-in-the-mediterranean-was-attacked-owner-says/article_cee220e6-d2a8-5afc-8c04-43c19a1ec985.html
KR,2024-12-26,Arıcılara kraliçe ana arı kovanı dağıtıldı | Son dakika haberleri,,haberturk.com,https://www.haberturk.com/aricilara-kralice-ana-ari-kovani-dagitildi-3750496
KR,2024-12-26,Prof . Dr . Akın Turgut Son Yolculuğuna Uğurlandı,,haberler.com,https://www.haberler.com/yerel/prof-dr-akin-turgut-son-yolculuguna-ugurlandi-18199262-haberi/
KR,2024-12-26,"Azerbaijani airliner crashes in Kazakhstan , killing 38 , officials say",,wcpo.com,https://www.wcpo.com/world/asia/azerbaijani-airliner-crashes-in-kazakhstan-killing-38-with-29-survivors-officials-say
KR,2024-12-26,"뉴욕증시 프리뷰 , 국채 금리 상승에 주가지수 선물 일제 하락 ... 테슬라 · 팔라다인AI↑ VS 엔비디아 · 애플↓",,newspim.com,https://www.newspim.com/news/view/20241226000878
KR,2024-12-26,China Approves World Largest Dam over Brahmaputra River Close to Indian Border,,kashmirlife.net,https://kashmirlife.net/china-approves-worlds-largest-dam-over-brahmaputra-river-close-to-indian-border-377447/
KR,2024-12-26,Redmi Book 16 2025  in Bazı Özellikleri Açıkladı,,webtekno.com,https://www.webtekno.com/redmi-book-16-2025-bazi-ozellikleri-belli-oldu-h153822.html
KR,2024-12-26,vivodan Yeni Yıla Özel Kampanya : İşte Öne Çıkan Ürünler,,webtekno.com,https://www.webtekno.com/vivo-yilbasi-indirim-kampanyasi-h153840.html
KR,2024-12-26,Israeli strike kills five Palestinian journalists in Gaza Strip,,breakingnews.ie,https://www.breakingnews.ie/world/israeli-strike-kills-five-palestinian-journalists-in-gaza-strip-1711757.html
KR,2024-12-26,Tsunamiskandalerna – hemliga band och teater,,hn.se,https://www.hn.se/nyheter/sverige/tsunamiskandalerna-hemliga-band-och-teater.1bab0c03-b6bc-56e9-9e43-22ff954e0a73
KR,2024-12-26,Tokyodaki Bu Devasa Tünel Ne İşe Yarar ? ,,webtekno.com,https://www.webtekno.com/tokyo-devasa-tunel-h153788.html
KR,2024-12-26,"Центробанк Турции снизил ключевую ставку до 47 , 5 % впервые за 2 года",,ridus.ru,https://www.ridus.ru/centrobank-turcii-snizil-klyuchevuyu-stavku-do-475-vpervye-za-2-goda-534102.html
KR,2024-12-26,Motociclista morre ao ser arremessado para o alto em acidente com carro no RJ ; vídeo é forte,,jornalfloripa.com.br,https://jornalfloripa.com.br/noticia/82415
KR,2024-12-26,WATCH : Mount Sion school students performing at their Christmas concert - News,,waterford-news.ie,https://www.waterford-news.ie/news/watch-mount-sion-school-students-performing-at-their-christmas-concert_arid-42572.html
KR,2024-12-26,How long can you keep leftover turkey in the fridge ? ,,airdrieecho.com,https://www.airdrieecho.com:443/life/food/leftover-turkey-in-the-fridge
KR,2024-12-26,"Son dakika / Narin cinayetinde savcı mütalaasını açıkladı : Tüm sanıklar suç ortağı ! – Güncel Haberler , Son Dakika Haberleri , Turktime Haber Portalı",,turktime.com,https://www.turktime.com/haber/son-dakika-narin-cinayetinde-savci-mutalaasini-acikladi-tum-saniklar-suc-ortagi/704993
KR,2024-12-26,2025 Mercedes - Benz C - Class review,,hepburnadvocate.com.au,https://www.hepburnadvocate.com.au/story/8855317/2025-mercedes-benz-c-class-review/?cs=34616
KR,2024-12-26,Ucrania acusa a Rusia de derribar el avión de Kazajistán | Noticias Diario de Burgos,,diariodeburgos.es,https://www.diariodeburgos.es/noticia/z202d04f2-964c-343b-6bebfeb8019ddf27/202412/ucrania-acusa-a-rusia-de-derribar-el-avion-de-kazajistan
KR,2024-12-26,Zama zamas snack on  human flesh ! ,,snl24.com,https://www.snl24.com/dailysun/news/stilfontein-zama-zamas-claim-they-are-eating-human-flesh-for-survival-20241226
KR,2024-12-26,Rusija upozorava na moguće  hipoteze  nakon pada azerbajdžanskog aviona,,vecernji.hr,https://www.vecernji.hr/vijesti/rusija-upozorava-na-moguce-hipoteze-nakon-pada-azerbajdzanskog-aviona-1826144
KR,2024-12-26,Can I return my unwanted Christmas gift ? Here everything you need to know,,leitrimobserver.ie,https://www.leitrimobserver.ie/news/christmas/1683576/can-i-return-my-unwanted-christmas-gift-here-s-everything-you-need-to-know.html
KR,2024-12-26,Kemerde 4 . 5 metrelik ölü yunus bulundu,,haberler.com,https://www.haberler.com/guncel/kemer-de-4-5-metrelik-olu-yunus-bulundu-18198931-haberi/
KR,2024-12-26,Ο Λίβανος επιδιώκει καλύτερες σχέσεις με τη Συρία,,skai.gr,https://www.skai.gr/news/world/o-livanos-epidiokei-kalyteres-sxeseis-me-ti-syria
KR,2024-12-26,"Süper Ligde Fenerbahçe geriden gelerek şampiyon oldu mu , kaç puan fark kapandı ? ",,yenisafak.com,https://www.yenisafak.com/foto-galeri/spor/super-ligde-fenerbahce-geriden-gelerek-sampiyon-oldu-mu-kac-puan-fark-kapandi-4665693
KR,2024-12-26,В МИД Эстонии прокомментировали инцидент с отключением электрокабеля,,news.mail.ru,https://news.mail.ru/politics/64243984/
KR,2024-12-26,WA State and OR 2024 in Review : The Top 11 Stories We Covered,,keyw.com,https://keyw.com/ixp/113/p/top-11-stories-of-2024-in-washington-and-oregon/
KR,2024-12-26,İnci Tanelerinin Pirayesi Selma Ergeç  in annesi Elizabethi gören hayran kaldı ! ,,ahaber.com.tr,https://www.ahaber.com.tr/viral/galeri/tikla/inci-tanelerinin-pirayesi-selma-ergecin-annesi-elizabethi-goren-hayran-kaldi
KR,2024-12-26,Disruptive Theme of the Week : 2024 Top Investment Themes & Trends,,etftrends.com,https://www.etftrends.com/disruptive-technology-channel/disruptive-theme-week-2024s-top-investment-themes-trends/
KR,2024-12-26,Analysts expect double - digit return on Sanathan Textiles debut on December 27,,moneycontrol.com,https://www.moneycontrol.com/news/business/ipo/analysts-expect-double-digit-return-on-sanathan-textiles-debut-on-december-27-12898324.html
KR,2024-12-26,"Παρίσι : Άνοιξε ξανά το μεγαλύτερο παγοδρόμιο του κόσμου - Δείτε βίντεο , φωτογραφίες",,skai.gr,https://www.skai.gr/news/travel/parisi-anoikse-ksana-to-megalytero-pagodromio-tou-kosmou-deite-vinteo-fotografies
KR,2024-12-26,"Israeli strike kills 5 Palestinian journalists in Gaza , officials say",,wcsufm.org,https://www.wcsufm.org/latest-from-npr/2024-12-26/israeli-strike-kills-5-palestinian-journalists-in-gaza-officials-say
KR,2024-12-26,"Accusations of genocide . Charges of corruption . Improbably , Netanyahu had a good year",,kesq.com,https://kesq.com/news/national-world/cnn-world/2024/12/25/accusations-of-genocide-charges-of-corruption-improbably-netanyahu-had-a-good-year/
KR,2024-12-26,Famosos lamentam morte de Ney Latorraca | Tribuna Online,,tribunaonline.com.br,https://tribunaonline.com.br/entretenimento/famosos/famosos-lamentam-morte-de-ney-latorraca-214463
KR,2024-12-26,"Головне за ніч та ранок четверга , 26 грудня : удар по Нікополю , майже 220 ворожих штурмів , вибухи на Бєлгородщині",,vv.com.ua,https://vv.com.ua/20241226/golovne-za-nich-ta-ranok-chetverga-26-grydnia-ydar-po-nikopolu-maije-220-vorojih-shtyrmiv-vibyhi-na-belgorodshini/
KR,2024-12-26,"Middle East latest : 5 Palestinian journalists killed by Israeli strike , Gaza Health Ministry says",,somdnews.com,https://www.somdnews.com/ap/nation/middle-east-latest-5-palestinian-journalists-killed-by-israeli-strike-gaza-health-ministry-says/article_16a2e279-3efc-52fc-b805-0653d1ee917e.html
KR,2024-12-26,"Dentist Explains How People Can Maximize Benefits From Their Dental Insurance , Netizens Thank Him",,boredpanda.com,https://www.boredpanda.com/dentist-explains-dental-insurance/?cexp_id=113405&cexp_var=17&_f=homepage_featured
KR,2024-12-26,Muere a los 16 años el actor Hudson Joseph Meek,,leonoticias.com,https://www.leonoticias.com/gente-estilo/muere-anos-actor-baby-driver-hudson-meek-20241226131058-ntrc.html
KR,2024-12-26,"Israeli strike kills 5 Palestinian journalists in Gaza , officials say",,kgou.org,https://www.kgou.org/world/2024-12-26/israeli-strike-kills-5-palestinian-journalists-in-gaza-officials-say
KR,2024-12-26,"Trump takes aim at Canada , Greenland and the Panama Canal in Christmas Day posts",,cnbc.com,https://www.cnbc.com/2024/12/26/trump-takes-aim-at-canada-greenland-and-the-panama-canal-in-christmas-day-posts.html
KR,2024-12-26,Star Parker : The International Criminal Court Pretends to Be About Justice,,patriotpost.us,https://patriotpost.us/opinion/113135-the-international-criminal-court-pretends-to-be-about-justice-2024-12-26
KR,2024-12-26,Ascolti tv Natale : Alberto Angela e i dati auditel,,notizie.it,https://www.notizie.it/ascolti-tv-del-natale-alberto-angela-trionfa-su-canale-5/
KR,2024-12-26,"Incendio consume dos camionetas en comunidad de Santa María del Refugio , en Celaya",,periodicocorreo.com.mx,https://www.periodicocorreo.com.mx/seguridad/incendio-consume-dos-camionetas-en-comunidad-de-santa-maria-del-refugio-en-celaya-20241226-117577.html
KR,2024-12-26,"Ahead of January 2025 , Man Cautions People about Spending Money , Mentions What They Should Avoid",,legit.ng,https://www.legit.ng/people/1632639-ahead-january-2025-man-cautions-people-spending-money-mentions-what-avoid/
KR,2024-12-26,Israeli strike kills 5 Palestinian journalists in Gaza . The military says they were militants,,bowenislandundercurrent.com,https://www.bowenislandundercurrent.com/world-news/israeli-strike-kills-5-palestinian-journalists-in-gaza-the-military-says-they-were-militants-10004044
KR,2024-12-26,"Christmas Is the world festival , its happy place | Guest Commentary | Columnists",,santamariatimes.com,https://santamariatimes.com/opinion/columnists/christmas-is-the-world-s-festival-its-happy-place-guest-commentary/article_987bded2-c1fa-11ef-8419-9bad4d7f89d4.html
KR,2024-12-26,Keys to Breakthrough in the Spirit :  By My Hand  ,,charismanews.com,https://charismanews.com/culture/keys-to-breakthrough-in-the-spirit-by-my-hand/
KR,2024-12-26,多图｜沪苏湖高铁开通 ！ 一次性贯通江浙沪 ， 谁能从中受益,,yicai.com,https://www.yicai.com/news/102419073.html
KR,2024-12-26,بين الحب والألم .. ذكرى نصف قرن على رحيل فريد الأطرش « صوت الشجن وملك العود » ( تقرير ) ,,almasryalyoum.com,https://www.almasryalyoum.com/news/details/3338376
KR,2024-12-26,München : Weihnachtlich geschmückter Lamborghini gestoppt,,abendzeitung-muenchen.de,https://www.abendzeitung-muenchen.de/muenchen/muenchen-weihnachtlich-geschmueckter-lamborghini-gestoppt-art-1027414
KR,2024-12-26,Dementia united kingdom : Christmas advise for caring for loved ones,,thisisoxfordshire.co.uk,https://www.thisisoxfordshire.co.uk/news/24817552.dementia-uk-christmas-advise-caring-loved-ones/
KR,2024-12-26,Spekulation um abgestürztes Flugzeug : Ist Russland schuld ? ,,soester-anzeiger.de,http://www.soester-anzeiger.de/deutschland-welt/spekulation-um-abgestuerztes-flugzeug-ist-russland-schuld-zr-93485984.html
KR,2024-12-26,النيجر : مقتل 6 جنود في هجومين مسلحين غربي البلاد,,alakhbar.info,http://alakhbar.info/?q=node/58159
KR,2024-12-26,गुल्मीमा स्कुटर दुर्घटना हुँदा २ जनाको मृत्यु,,onlinekhabar.com,https://www.onlinekhabar.com/2024/12/1593439/2-killed-in-scooter-accident-in-gulmi
KR,2024-12-26,Popular RJ Simran Singh found dead in Gurugram ; suicide suspected,,economictimes.indiatimes.com,https://economictimes.indiatimes.com/news/new-updates/popular-rj-simran-singh-found-dead-in-gurugram-suicide-suspected/articleshow/116686588.cms
KR,2024-12-26,Presidente de la Duma será el representante de Putin en la posible toma de posesión de Maduro,,lapatilla.com,https://www.lapatilla.com/2024/12/26/presidente-de-la-duma-sera-el-representante-de-putin-en-la-posible-toma-de-posesion-de-maduro/
KR,2024-12-26,Russia : It up to Trump team to make first move to improve ties,,gazette.com,https://gazette.com/news/us-world/russia-its-up-to-trump-team-to-make-first-move-to-improve-ties/article_3587fd4f-ca20-552c-993e-68cee6ba2e86.html
KR,2024-12-26,Popular News Anchor Mark Spain Dead At 64 | NewsRadio 1110 KFAB,,kfab.iheart.com,https://kfab.iheart.com/content/2024-12-25-popular-news-anchor-mark-spain-dead-at-64/
KR,2024-12-26,Embracing hospitality beyond borders | The Manila Times,,manilatimes.net,https://www.manilatimes.net/2024/12/27/business/boardroom-watch/embracing-hospitality-beyond-borders/2027588
KR,2024-12-26,"V Azerbajdžanu dan žalovanja , vzrok nesreče še ni znan",,24ur.com,https://www.24ur.com/novice/tujina/v-azerbajdzanu-dan-zalovanja-vzrok-nesrece-se-ni-znan.html
KR,2024-12-26,Gobierno canario dice que las explicaciones del  caso Mascarilla  se quedan cortas  y pide clarificar todo,,teleprensa.com,https://www.teleprensa.com/articulo/nacional-3/gobierno-canario-dice-que-explicaciones-caso-mascarillas-quedan-cortas-pide-clarificar-todo/202412261412361992336.html
KR,2024-12-26,Падіння літака в Казахстані - пошкодження характерні для зенітної ракети,,unian.ua,https://www.unian.ua/world/padinnya-litaka-v-kazahstani-poshkodzhennya-harakterni-dlya-zenitnoji-raketi-ekspert-12865596.html
KR,2024-12-26,السيسي يوجه بتطوير أسطول الصيد المصري,,sarabic.ae,https://sarabic.ae/20241226/%D8%A7%D9%84%D8%B3%D9%8A%D8%B3%D9%8A-%D9%8A%D9%88%D8%AC%D9%87-%D8%A8%D8%AA%D8%B7%D9%88%D9%8A%D8%B1-%D8%A3%D8%B3%D8%B7%D9%88%D9%84-%D8%A7%D9%84%D8%B5%D9%8A%D8%AF-%D8%A7%D9%84%D9%85%D8%B5%D8%B1%D9%8A-1096218580.html
KR,2024-12-26,Af­koman um­fram væntingar,,vb.is,https://vb.is/frettir/afkoman-umfram-vaentingarr/
KR,2024-12-26,FTX executives shave serious time off their sentences,,wsiltv.com,https://www.wsiltv.com/news/consumer/ftx-executives-shave-serious-time-off-their-sentences/article_93b0c1ad-c6fc-5211-910d-2dc8d405aa5f.html
KR,2024-12-26,How long can you keep leftover turkey in the fridge ? ,,wiartonecho.com,https://www.wiartonecho.com:443/life/food/leftover-turkey-in-the-fridge
KR,2024-12-26,Tödlicher Unfall an Weihnachten in München : Frau wird von Auto angefahren und stirbt,,abendzeitung-muenchen.de,https://www.abendzeitung-muenchen.de/muenchen/stadtviertel/toedlicher-unfall-an-weihnachten-in-muenchen-frau-wird-von-auto-angefahren-und-stirbt-art-1027796
KR,2024-12-26,Migrantów zimą będzie mniej . Przepisy o strefie buforowej można złagodzić,,portalsamorzadowy.pl,"https://www.portalsamorzadowy.pl/wydarzenia-lokalne/migrantow-zima-bedzie-mniej-przepisy-o-strefie-buforowej-mozna-zlagodzic,590270.html"
KR,2024-12-26,Δεν έχουν κέφι για ψώνια φέτος τα Χριστούγεννα οι Γερμανοί,,euro2day.gr,https://www.euro2day.gr/news/world/article/2279235/den-ehoyn-kefi-gia-psonia-fetos-ta-hristoygenna-oi.html
KR,2024-12-26,Следната година почнува собраниската процедура за разрешување на 5 членови на Судскиот совет,,time.mk,https://time.mk/c/ac7ee32bfa/slednata-godina-pocnuva-sobraniskata-procedura-za-razresuvanje-na-5-clenovi-na-sudskiot-sovet.html
KR,2024-12-26,"Новини Львова : Росіяни поцілили дроном в ринок у Нікополі , є постраждалі",,galinfo.com.ua,https://galinfo.com.ua/news/rosiyany_potsilyly_dronom_v_rynok_u_nikopoli_ie_postrazhdali_428341.html
KR,2024-12-26,Φόβοι για νέο κύκλο αίματος στη Συρία,,kathimerini.gr,https://www.kathimerini.gr/world/563391772/fovoi-gia-neo-kyklo-aimatos-sti-syria/
KR,2024-12-26,أول تجربة ناجحة لـ « لمس الشمس ».. العلماء يترقبون سلامة المركبة الفضائية لمواصلة مهمتها,,almasryalyoum.com,https://www.almasryalyoum.com/news/details/3338296
KR,2024-12-26,About Us - Rushlane . com | Daily Auto News,,rushlane.com,https://rushlane.com/about
KR,2024-12-26,Do you know double benefits of donating publicly traded stocks ? ,,christianpost.com,https://www.christianpost.com:443/voices/charity-donation-stocks.html
KR,2024-12-26,"Sonakshi Sinha , Zaheer Iqbal adventure is too hot to handle",,sangbadpratidin.in,https://www.sangbadpratidin.in/photo/sonakshi-sinha-zaheer-iqbals-adventure-is-too-hot-to-handle/
KR,2024-12-26,"ATENCION : TransMilenio sube tarifa para 2025 : Será de $3 . 200 para buses troncales , buses zonales , y TransMicable , a partir del 18 de enero – Radio Santa Fe 1070 a . m . Noticias de Colombia",,radiosantafe.com,https://www.radiosantafe.com/2024/12/26/atencion-transmilenio-sube-tarifa-para-2025-sera-de-3-200-para-buses-troncales-y-buses-zonales-y-transmicable/
KR,2024-12-26,"Mom Furious As Daughter Christmas Anti - List Calls Out Years Of Unwanted Gifts , Family Is Amused",,boredpanda.com,https://www.boredpanda.com/christmas-gift-anti-list/?cexp_id=113267&cexp_var=4&_f=homepage_featured
KR,2024-12-26,Hombre muere ahogado en playa en Luquillo,,elvocero.com,https://www.elvocero.com/noticia_rotary/article_03ea9fc8-c37c-11ef-a858-472dbb0ec27b.html
KR,2024-12-26,Russian Region Declares Emergency After Black Sea Oil Tanker Collision,,oilprice.com,https://oilprice.com/Latest-Energy-News/World-News/Russian-Region-Declares-Emergency-After-Black-Sea-Oil-Tanker-Collision.html
KR,2024-12-26,Iran arrests individual suspected of spying for  neighboring country - Xinhua,,english.news.cn,https://english.news.cn/20241226/3c66a0cbc07845d8a489c21ddceabd76/c.html
KR,2024-12-26,"Переправлення чоловіків за кордон - прикордонники розповіли , до чого додумалися ухилянти УНІАН",,unian.ua,https://www.unian.ua/society/prilashtuvalisya-do-pohoronu-vojina-prikordonniki-rozpovili-do-chogo-dodumalisya-uhilyanti-12865677.html
KR,2024-12-26,Çalıntı Motosikletle Yakalanan 2 Zanlı Tutuklandı,,haberler.com,https://www.haberler.com/guncel/calinti-motosikletle-yakalanan-2-zanli-tutuklandi-18199181-haberi/
KR,2024-12-26,"Ticaret Bakanı Bolat , Kuzey Makedonyada Yeni Hastane Açılışına Katıldı",,haberler.com,https://www.haberler.com/guncel/ticaret-bakani-bolat-kuzey-makedonya-da-yeni-hastane-acilisina-katildi-18199158-haberi/
KR,2024-12-26,Pope Francis opens symbolic Holy Door in Rome prison,,naroomanewsonline.com.au,https://www.naroomanewsonline.com.au/story/8855297/pope-francis-opens-symbolic-holy-door-in-rome-prison/?cs=14264
KR,2024-12-26,2024 Year in Review : New York politics dominated by City Hall turmoil,,amny.com,https://www.amny.com/news/2024-year-in-review-new-york-politics/
KR,2024-12-26,Πλημμύρισαν δρόμοι στον Άλιμο - « Βούλιαξαν » υπόγεια πάρκινγκ,,ertnews.gr,https://www.ertnews.gr/eidiseis/ellada/plimmyrisan-dromoi-ston-alimo-vouliaksan-ypogeia-parkingk/
KR,2024-12-26,Ön araştırma tamamlandı : Azerbaycan uçağını Rus füzesi düşürdü,,sozcu.com.tr,https://www.sozcu.com.tr/on-sorusturma-tamamlandi-azerbaycan-ucagini-rus-fuzesi-dusurdu-p119867
KR,2024-12-26,Decyzja środowiskowa dla sądeczanki . Droga będzie budowana etapami,,portalsamorzadowy.pl,"https://www.portalsamorzadowy.pl/inwestycje/decyzja-srodowiskowa-dla-sadeczanki-droga-bedzie-budowana-etapami,589954.html"
KR,2024-12-26,Dubai - Schokolade : Anatomie eines Hypes,,solothurnerzeitung.ch,https://www.solothurnerzeitung.ch/wirtschaft/social-media-phaenomen-anatomie-eines-hypes-wie-der-rummel-um-die-dubai-schokolade-begann-und-wie-lindt-daraus-profit-schlug-ld.2712660
KR,2024-12-26,Video : Belén celebra otra Navidad bajo la sombra de la guerra entre Israel y Hamás en la Franka de Gaza por TVPerú Noticias,,deperu.com,https://www.deperu.com/tv/-NUgWs0H8Uw.belen-celebra-otra-navidad-bajo-la-sombra-de-la-guerra-entre-israel-y-hamas-en-la-franka-de-gaza.UCkZCoc42IipR1ucqJmIehsA.html
KR,2024-12-26,歐洲智庫看明年地緣挑戰 憂俄烏虛和 、 民主倒退 | 國際,,cna.com.tw,https://www.cna.com.tw:443/news/aopl/202412260363.aspx
KR,2024-12-26,2024 : The year of broken Navajo relations,,navajotimes.com,https://navajotimes.com/reznews/2024-the-year-of-broken-navajo-relations/
KR,2024-12-26,Има си и харчи : Безос вдига сватба за 600 милиона ! ,,blitz.bg,https://blitz.bg/svyat/ima-si-i-kharchi-bezos-vdiga-svatba-za-600-miliona_news1057763.html
KR,2024-12-26,Disminuye actividad sísmica en El Salvador - Noticias Prensa Latina,,prensa-latina.cu,https://www.prensa-latina.cu/2024/12/26/disminuye-actividad-sismica-en-el-salvador/
KR,2024-12-26,Sacrifices of Shahdeed BB for restoration of democracy to always be remembered : Ayaz,,article.wn.com,https://article.wn.com/view/2024/12/26/Sacrifices_of_Shahdeed_BB_for_restoration_of_democracy_to_al/
KR,2024-12-26,"Wiederansiedlung der Wölfe in Bayern : Neun Rudel , ein Paar , drei Einzeltiere",,sueddeutsche.de,https://www.sueddeutsche.de/bayern/bayern-woelfe-bund-naturschutz-wiederansiedlung-rudel-lux.QqiDF3ZpQHWumnpkW2DKiT
KR,2024-12-26,World News | Russian Ship That Sank in Mediterranean Attacked : Owner,,latestly.com,https://www.latestly.com/agency-news/world-news-russian-ship-that-sank-in-mediterranean-attacked-owner-6520061.html
KR,2024-12-26,Michael Müller kritisiert SPD - intern eine Aufgabe der Mitte,,finanznachrichten.de,https://www.finanznachrichten.de/nachrichten-2024-12/64165888-michael-mueller-kritisiert-spd-intern-eine-aufgabe-der-mitte-003.htm
KR,2024-12-26,中国企业助力斯里兰卡绿色发展 _ 广州日报大洋网,,news.dayoo.com,https://news.dayoo.com/world/202412/26/139998_54766710.htm
KR,2024-12-26,In the eye of the beholder : Calgary photographer fave images of 2024,,calgaryherald.com,https://calgaryherald.com:443/life/postmedia-calgary-photographers-favourite-images-2024
KR,2024-12-26,"Χιονοθύελλα στη Βοσνία - 200 χιλιάδες σπίτια χωρίς ρεύμα τα Χριστούγεννα - The Press Project - Ειδήσεις , Αναλύσεις , Ραδιόφωνο , Τηλεόραση",,thepressproject.gr,https://thepressproject.gr/chionothyella-sti-vosnia-erzegovini-200-chiliades-spitia-choris-revma-ta-christougenna/
KR,2024-12-26,Al menos 33 muertos tras fuga de 1 . 534 presos en Mozambique – Radio Santa Fe 1070 a . m . Noticias de Colombia,,radiosantafe.com,https://www.radiosantafe.com/2024/12/26/al-menos-33-muertos-tras-fuga-de-1-534-presos-en-mozambique/
KR,2024-12-26,"Tahanan Meninggal Dunia , Kapolrestabes Medan : Secara Komprehensif Saya Lihat Dulu",,liputan6.com,https://www.liputan6.com/regional/read/5851369/tahanan-meninggal-dunia-kapolrestabes-medan-secara-komprehensif-saya-lihat-dulu
KR,2024-12-26,"Israeli strike kills 5 Palestinian journalists in Gaza , officials say",,kvnf.org,https://www.kvnf.org/npr-news/2024-12-26/israeli-strike-kills-5-palestinian-journalists-in-gaza-officials-say
KR,2024-12-26,NHS Tackles Problem Gambling Amid Growing Demand,,einpresswire.com,https://www.einpresswire.com/article/771981772/nhs-tackles-problem-gambling-amid-growing-demand
KR,2024-12-26,Headington Fairtrade shop closes permanently at Christmas,,thisisoxfordshire.co.uk,https://www.thisisoxfordshire.co.uk/news/24818635.headington-fairtrade-shop-closes-permanently-christmas/
KR,2024-12-26,"Новини України : Нацрада впродовж року оновила список осіб , які загрожують безпеці України",,galinfo.com.ua,https://galinfo.com.ua/news/natsrada_vprodovzh_roku_onovyla_spysok_osib_yaki_zagrozhuyut_bezpetsi_ukrainy_428346.html
KR,2024-12-26,Новий рік 2025 - що потрібно викинути з дому до 1 січня - прибирання перед новим роком УНІАН,,unian.ua,https://www.unian.ua/curiosities/noviy-rik-2025-shcho-potribno-vikinuti-z-domu-do-1-sichnya-pribirannya-pered-novim-rokom-12865539.html
KR,2024-12-26,В Волгограде под руководством Андрея Бочарова проходит совещание по обеспечению правопорядка в Волгоградской области,,news.vdv-s.ru,https://news.vdv-s.ru/society/39201-v-volgograde-pod-rukovodstvom-andreja-bocharova-prohodit-soveschanie-po-obespecheniju-pravoporjadka-v-volgogradskoj-oblasti.html
KR,2024-12-26,ВЗГЛЯД / Путин положительно оценил итоги заседания лидеров ЕАЭС :: Новости дня,,vz.ru,https://vz.ru/news/2024/12/26/1305750.html
KR,2024-12-26,库里 ： 我和詹姆斯可能不会合作 ！ 我恐惧过詹姆斯 ！ 彼此尊重的竞争关系 _ 新闻频道 _ 中华网,,news.china.com,https://news.china.com/socialgd/10000169/20241226/47796243.html
KR,2024-12-26,Tokatta kadın istihdamını artıracak  Sanayide Kadın Eli  projesi başladı,,malatyaguncel.com,https://www.malatyaguncel.com/tokatta-kadin-istihdamini-artiracak-sanayide-kadin-eli-projesi-basladi-2681964h.htm
KR,2024-12-26,Новини Львова : У Львові закуплять близько 350 звукових орієнтирів для світлофорів,,galinfo.com.ua,https://galinfo.com.ua/news/u_lvovi_zakuplyat_blyzko_350_zvukovyh_oriientyriv_dlya_svitloforiv_428352.html
KR,2024-12-26,Πηγές Αζερμπαϊτζάν : Το αεροπλάνο το έριξε η ρωσική αεράμυνα,,naftemporiki.gr,https://www.naftemporiki.gr/kosmos/1866758/piges-azermpaitzan-to-aeroplano-to-erixe-i-rosiki-aeramyna/
KR,2024-12-26,Noticia : La Policía Vial detectó e infraccionó a 216 conductores alcoholizados,,salta.gob.ar,https://www.salta.gob.ar/prensa/noticias/la-policia-vial-detecto-e-infracciono-a-216-conductores-alcoholizados-99394
KR,2024-12-26,Analysis : How the Vatican Appeases Putin Orthodox Auxiliaries,,kyivpost.com,https://www.kyivpost.com/analysis/44490
KR,2024-12-26,Antalyada ölü yunus sahile vurdu,,cumhuriyet.com.tr,https://www.cumhuriyet.com.tr/turkiye/antalyada-olu-yunus-sahile-vurdu-2283147
KR,2024-12-26,"QASJE SATIRIKE /  Më jepni një sanduiç ... edhe një shishe ujë ! Kam mbi 5 orë këtu , të fus diçka në bark se po më lënë leqet , Kolegët : Mbahu Erion ! Miqtë që ta duan të mirën ... ",,oranews.tv,https://www.oranews.tv/politike/frike-nga-burgu-veliaj-ne-spak-me-jepni-nje-sanduic-e-nje-shishe-uje-te-i1208837
KR,2024-12-26,"Israeli strike kills 5 Palestinian journalists in Gaza , officials say",,kpbs.org,https://www.kpbs.org/news/international/2024/12/26/israeli-strike-kills-5-palestinian-journalists-in-gaza-officials-say
KR,2024-12-26,Azerbaijan mourns air crash victims as speculation on cause intensifies,,wwmt.com,https://wwmt.com/news/nation-world/azerbaijan-mourns-air-crash-victims-embraer-as-speculation-on-cause-intensifies-kazakhstan-baku-grozny-caspian-sea-bird-strike-emergency
KR,2024-12-26,"Sorry Apple , I didnt miss my iPhone at all this year",,trustedreviews.com,https://www.trustedreviews.com/opinion/sorry-apple-didnt-miss-iphone-at-all-this-year-4580570
KR,2024-12-26,Las mejores noticias sobre el clima que te has perdido este año,,finanzas.com,https://www.finanzas.com/inversion/esg/clima-tendencias/
KR,2024-12-26,Indiana cold case involving Greenwood woman disappearance nearly solved . ,,yahoo.com,https://www.yahoo.com/news/indiana-cold-case-involving-greenwood-134352054.html
KR,2024-12-26,Vandaki Ruhsatsız 4 İş Yeri Mühürledi ! ,,vandahaber.com,https://www.vandahaber.com/vandaki-ruhsatsiz-4-is-yeri-muhurledi/
KR,2024-12-26,Pet food recalled over bird flu contamination after house cat death,,fox5atlanta.com,https://www.fox5atlanta.com/news/northwest-naturals-pet-food-recall-bird-flu-cats-death
KR,2024-12-26,هيئة مراقبة الطيران في روسيا : إغلاق جميع مطارات موسكو الأربعة مؤقتا,,elbrqnews.com,http://www.elbrqnews.com/New-News/56714.html
KR,2024-12-26,Jessore Road will be closed for two days,,sangbadpratidin.in,https://www.sangbadpratidin.in/bengal/jessore-road-will-be-closed-for-two-days/
KR,2024-12-26,Swift - Geheimnis und Baulöwen - Pleite : Diese AZ - Artikel haben Leser überzeugt,,abendzeitung-muenchen.de,https://www.abendzeitung-muenchen.de/muenchen/hotel-geheimnis-von-taylor-swift-und-bauloewen-pleite-diese-az-artikel-haben-ueberzeugt-art-1026138
KR,2024-12-26,La Jornada : El recuerdo navideño de Truman Capote,,jornada.com.mx,https://www.jornada.com.mx/2024/12/26/politica/012a1pol
KR,2024-12-26,"Campitello Matese , al via oggi stagione invernale 2024 - 2025 - Notizie",,ansa.it,https://www.ansa.it/molise/notizie/2024/12/26/campitello-matese-al-via-oggi-stagione-invernale-2024-2025_2ca27e41-ada8-4881-8b14-73eaf4a0f39f.html
KR,2024-12-26,Bitliste  İl Afet Risk Azaltma Planı  toplantısı yapıldı,,diyadinnet.com,http://www.diyadinnet.com/bitlis-te-il-afet-risk-azaltma-plani-toplantisi-yapildi-h342455/
KR,2024-12-26,Мошенники убеждали пенсионерку поджечь банкомат в Башкирии | « НТА Приволжье » Новости Н . Новгорода,,nta-pfo.ru,https://nta-pfo.ru/news/accidents/2024/news_705244/
KR,2024-12-26,Міноборони анулювало результати голосування за членів громадської антикорупційної ради через технічний збій,,ukranews.com,https://ukranews.com/ua/news/1055153-minoborony-anulyuvalo-rezultaty-golosuvannya-za-chleniv-gromadskoyi-antykoruptsijnoyi-rady-cherez
KR,2024-12-26,Wild India - National Geographic WILD HD,,tvguide.co.uk,https://www.tvguide.co.uk/schedule/04a5b1b2-1272-5fff-8f85-3ee27da6344c/wild-india
KR,2024-12-26, [ 춘추칼럼 ] 지인의 죽음을 애도하며 - 장석주 ( 시인 ) ,,knnews.co.kr,http://www.knnews.co.kr/news/articleView.php?idxno=1449952
KR,2024-12-26,UNS ustanovio dve nove nagrade -  Milorad Doderović  i  Jaroslav Pap  - Društvo,,danas.rs,https://www.danas.rs/vesti/drustvo/uns-ustanovio-dve-nove-nagrade-milorad-doderovic-i-jaroslav-pap/
KR,2024-12-26,"সচিবালয়ে আগুন : উচ্চপর্যায়ের কমিটি , ৩ দিনের মধ্যে প্রতিবেদন |",,bd-pratidin.com,https://www.bd-pratidin.com/national/2024/12/26/1065687
KR,2024-12-26, ( 影 ) 坠毁前盘旋了个  8  字大弯 ! 阿塞拜疆机长最后举动 挽救数十人性命 ＊ 阿波罗新闻网,,aboluowang.com,https://www.aboluowang.com/2024/1226/2150895.html
KR,2024-12-26,Kolmessa tietoliikennekaapelissa Viron ja Suomen välillä vika – Elisan mukaan ei vaikuta palveluihin,,sss.fi,https://www.sss.fi/2024/12/kolmessa-tietoliikennekaapelissa-viron-ja-suomen-valilla-vika-elisan-mukaan-ei-vaikuta-palveluihin/
KR,2024-12-26,2024年12月至2025年2月 ， 专项整治 ！- 新闻中心 - 南海网,,hinews.cn,http://www.hinews.cn/news/system/2024/12/26/033245925.shtml
KR,2024-12-26,入冬首波 「 強烈冷氣團 」 明殺到 ！ 全台急凍轉濕冷 跌破10℃時間曝 | ETtoday生活新聞,,ettoday.net,https://www.ettoday.net/news/20241226/2881370.htm
KR,2024-12-26,中美電子戰交鋒 ？ 央視曝山東艦在台灣東部遭電磁干擾 | ETtoday軍武新聞,,ettoday.net,https://www.ettoday.net/news/20241226/2881136.htm
KR,2024-12-26,"  Janë 93 mijë , po shkojmë drejt 100 mijë , Bajqinovci fton mërgatën për votim – Indeksonline . net",,indeksonline.net,https://indeksonline.net/jane-93-mije-po-shkojme-drejt-100-mije-bajqinovci-fton-mergaten-per-votim/
KR,2024-12-26,Si può denunciare il pm che archivia senza fare le indagini ? ,,laleggepertutti.it,https://www.laleggepertutti.it/716031_si-puo-denunciare-il-pm-che-archivia-senza-fare-le-indagini
KR,2024-12-26,Şarjda bırakılan matkap patladı,,malatyaguncel.com,https://www.malatyaguncel.com/sarjda-birakilan-matkap-patladi-2681933h.htm
KR,2024-12-26,"Где искать Деда Мороза : 8 бесплатных идей для калининградцев , которые не знают , чем занять последний уикенд декабря",,klops.ru,https://klops.ru/afisha/2024-12-26/311826-gde-iskat-deda-moroza-8-besplatnyh-idey-dlya-kaliningradtsev-kotorye-ne-znayut-chem-zanyat-posledniy-uikend-dekabrya
KR,2024-12-26,"Azerbaijani , Kazakh prime ministers hold phone talk",,news.az,https://news.az/news/azerbaijani-kazakh-prime-ministers-hold-phone-talk
KR,2024-12-26,国防部批驳美  国防授权法案 ： 美国最大的敌人是他自己 - 大河网,,news.dahe.cn,https://news.dahe.cn/2024/12-26/1871621.html
KR,2024-12-26,Feliz Navidad y Próspero 2025 - ECUADOR EN VIVO,,ecuadorenvivo.com,https://ecuadorenvivo.com/blog/2024/12/26/feliz-navidad-y-prospero-2025/
KR,2024-12-26,TEMA Ağrı İl Temsilciliği yeni dönem çalışmalarını değerlendirdi,,diyadinnet.com,http://www.diyadinnet.com/tema-agri-il-temsilciligi-yeni-donem-calismalarini-degerlendirdi-h342412/
KR,2024-12-26,深夜值班室 | 守  望 ： 深夜的宇宙级浪漫 ， 是他们每天的日常 - 看点,,voc.com.cn,https://www.voc.com.cn/article/202412/202412262103523810.html
KR,2024-12-26,El Kremlin alerta del  error  de formular hipótesis precipitadas sobre el accidente aéreo en Kazajistán,,diariosigloxxi.com,https://www.diariosigloxxi.com/texto-ep/mostrar/20241226132900/kremlin-alerta-error-formular-hipotesis-precipitadas-sobre-accidente-aereo-kazajistan
KR,2024-12-26,أستاذ هندسة طرق : مصر تشهد تطويرا غير مسبوق في مجال النقل,,albawabhnews.com,https://www.albawabhnews.com/5128184
KR,2024-12-26,Bitkin kartal jandarmanın şefkatli ellerinde,,malatyaguncel.com,https://www.malatyaguncel.com/bitkin-kartal-jandarmanin-sefkatli-ellerinde-2681932h.htm
KR,2024-12-26,"Russian ship that sank in the Mediterranean was attacked , owner says",,whec.com,https://www.whec.com/business/russian-ship-that-sank-in-the-mediterranean-was-attacked-owner-says/
KR,2024-12-26,"공수처 , 윤에 체포영장 대신 3차 출석요구 … 강제수사 절차 확보 : 네이트 뉴스",,news.nate.com,http://news.nate.com/view/20241226n31164
KR,2024-12-26,General Hospital Spoilers : Ric Surprise Passion Partner Derails Ava Romantic Future ? ,,celebdirtylaundry.com,https://www.celebdirtylaundry.com/2024/general-hospital-spoilers-rics-surprise-passion-partner-derails-avas-romantic-future/
KR,2024-12-26,Военнослужащие Балтфлота учатся пользоваться беспилотниками с помощью очков виртуальной реальности,,klops.ru,https://klops.ru/kaliningrad/2024-12-26/311856-voennosluzhaschie-baltflota-uchatsya-polzovatsya-bespilotnikami-s-pomoschyu-ochkov-virtualnoy-realnosti
KR,2024-12-26,Квартира в нижегородской многоэтажке загорелась из - за холодильника | « НТА Приволжье » Новости Н . Новгорода,,nta-pfo.ru,https://nta-pfo.ru/news/accidents/2024/news_705250/
KR,2024-12-26,"Corupție electorală , trădare de patrie și complot împotriva Moldovei . Cele mai răsunătoare dosare din 2024",,news.yam.md,https://news.yam.md/ro/story/16065180
KR,2024-12-26,Bespoke Infiniti  Red Bull Racing  performance model on the way ? – PerformanceDrive,,performancedrive.com.au,https://performancedrive.com.au/infiniti-red-bull-racing-performance-model-on-the-way-0313/
KR,2024-12-26,"Felcer din Chișinău condamnat pentru neglijență medicală , un pacient a decedat după intervenția sa",,news.yam.md,https://news.yam.md/ro/story/16065195
KR,2024-12-26,Отиде си млад актьор от номиниран за  Оскар  филм - Култура Новини Стандарт,,standartnews.com,https://www.standartnews.com/kultura/otide-si-mlad-aktyor-ot-nominiran-za-oskar-film-583696.html
KR,2024-12-26,Denizlide cadde ve sokaklar yeni yılı ışıl ışıl karşılıyor,,malatyaguncel.com,https://www.malatyaguncel.com/denizlide-cadde-ve-sokaklar-yeni-yili-isil-isil-karsiliyor-2681945h.htm
KR,2024-12-26,"Taiwan Cashback Programs Market Report 2024 - 2029 : Forecasting and Growth Opportunities , Consumer Demographics , Business Model , Competitive Benchmarking",,tmcnet.com,https://www.tmcnet.com/usubmit/2024/12/26/10124688.htm
KR,2024-12-26,Thanh niên đu cửa taxi rồi rơi xuống cao tốc Liên Khương Prenn - Tin nổi bật,,vietgiaitri.com,https://vietgiaitri.com/thanh-nien-du-cua-taxi-roi-roi-xuong-cao-toc-lien-khuong-prenn-20241226i7346812/
KR,2024-12-26,Veja como funciona o alerta sonoro no celular da Defesa Civil que assustou moradores,,acidadeon.com,https://www.acidadeon.com/campinas/cotidiano/veja-como-funciona-o-alerta-sonoro-no-celular-da-defesa-civil-que-assustou-moradores/
KR,2024-12-26,Die besten Recherche - Podcasts 2024 : Diese 11 Audio - Dokumentationen sollten Sie gehört haben,,augsburger-allgemeine.de,https://www.augsburger-allgemeine.de/panorama/die-besten-recherche-podcasts-2024-diese-11-audio-dokumentationen-sollten-sie-gehoert-haben-103508654
KR,2024-12-26,FYI Daily - ITV4 | TV Guide,,tvguide.co.uk,https://www.tvguide.co.uk/schedule/5e975a33-2165-52d4-a858-d8de60a3b0c9/fyi-daily
KR,2024-12-26,Anupama has reached America fans got confused after hearing her dialogue in English,,hindi.filmibeat.com,https://hindi.filmibeat.com/news/anupama-has-reached-america-fans-got-confused-after-hearing-her-dialogue-in-english-151857.html
KR,2024-12-26,AUH enero : cuánto se cobra con la Tarjeta Alimentar y Complemento Leche,,mdzol.com,https://www.mdzol.com/sociedad/2024/12/26/auh-enero-cuanto-se-cobra-con-la-tarjeta-alimentar-complemento-leche-1177020.html
KR,2024-12-26,State marketing plan faces backlash after researchers insist safety claims are greatly exaggerated :  Sort of problematic  ,,yahoo.com,https://www.yahoo.com/news/state-marketing-plan-faces-backlash-113044380.html
KR,2024-12-26,4 In 2024 : An Employment Law Year In Review,,mondaq.com,https://www.mondaq.com:443/unitedstates/employee-rights-labour-relations/1561744/4-in-2024-an-employment-law-year-in-review
KR,2024-12-26,"Las redes se llenan de memes tras la demolición de unos apartamentos de lujo ilegales en Mallorca :  Los ricos también lloran , pero no nos dan pena  ",,publico.es,https://www.publico.es/tremending/redes-llenan-memes-demolicion-apartamentos-lujo-ilegales-mallorca-ricos-lloran-pero-dan-pena.html
KR,2024-12-26,Mussten wegen dieser Todeslücke fünf Menschen sterben ? ,,20min.ch,https://www.20min.ch/story/magdeburg-d-mussten-wegen-dieser-todesluecke-fuenf-menschen-sterben-103246573
KR,2024-12-26,Year in review : How many protesters arrested on campuses were actually students,,gazette.com,https://gazette.com/news/wex/year-in-review-how-many-protesters-arrested-on-campuses-were-actually-students/article_e8e7dde1-5796-53ad-bede-1be91968ca1a.html
KR,2024-12-26,Điểm bất thường trong vụ rơi máy bay ở Kazakhstan khiến gần 40 người chế . t,,vietgiaitri.com,https://vietgiaitri.com/diem-bat-thuong-trong-vu-roi-may-bay-o-kazakhstan-khien-gan-40-nguoi-chet-20241226i7346821/
KR,2024-12-26,"Women Are Less Likely Than Men to Take Medication After a Stroke , Study Suggests",,purdueexponent.org,https://www.purdueexponent.org/lifestyles/health/women-are-less-likely-than-men-to-take-medication-after-a-stroke-study-suggests/article_6547d65b-d24c-5928-9fcf-f9855e49e9ee.html
KR,2024-12-26,FOTO Protest al activiștilor pentru protecția animalelor în fața Parlamentului . De ce sunt nemulțumiți,,news.yam.md,https://news.yam.md/ro/story/16065145
KR,2024-12-26,"200+ câu ca dao , tục ngữ về đám cưới , đám hỏi hay nhất",,voh.com.vn,https://voh.com.vn/song-dep/200-cau-ca-dao-tuc-ngu-ve-dam-cuoi-dam-hoi-hay-nhat-572324.html
KR,2024-12-26,算力太一致 ， 谁是跨年龙 ？ ,,finance.sina.com.cn,https://finance.sina.com.cn/tech/roll/2024-12-26/doc-ineavfqm6511574.shtml
KR,2024-12-26,Doğanşehirde Çığlık  ın su sorunu zülyor,,malatyaguncel.com,https://www.malatyaguncel.com/dogansehirde-ciglikin-su-sorunu-cozuluyor-2681947h.htm
KR,2024-12-26,2025年银行股还能一骑绝尘吗 高股息优势延续 _ 新闻频道 _ 中华网,,news.china.com,https://news.china.com/socialgd/10000169/20241226/47796220.html
KR,2024-12-26,En la comuna de Colina el despelote es total  - El Clarin de Chile,,elclarin.cl,https://www.elclarin.cl/2024/12/26/en-la-comuna-de-colina-el-despelote-es-total/
KR,2024-12-26,ADX 2025 : Acura презентувала свій найбюджетніший кросовер,,gazeta.ua,https://gazeta.ua/articles/avto/_acura-prezentuvala-svij-najbyudzhetnishij-krosover/1203437
KR,2024-12-26,"Honda and Nissan consider a merger . And , Russia Christmas Day attack in Ukraine",,wsiu.org,https://www.wsiu.org/2024-12-26/honda-and-nissan-consider-a-merger-and-russias-christmas-day-attack-in-ukraine
KR,2024-12-26,"Baru sebulan kahwin , lelaki pijak anak tiri hingga patah tulang",,kosmo.com.my,https://www.kosmo.com.my/2024/12/26/baru-sebulan-kahwin-lelaki-pijak-anak-tiri-hingga-patah-tulang/
KR,2024-12-26,Baby Driver star Hudson Meek has died aged 16,,joe.co.uk,https://www.joe.co.uk/entertainment/baby-driver-star-hudson-meek-has-died-aged-16-2-469499
KR,2024-12-26,Wind change fans unpredictable fires as towns evacuated,,braidwoodtimes.com.au,https://www.braidwoodtimes.com.au/story/8854870/wind-change-fans-unpredictable-fires-as-towns-evacuated/?cs=9676
KR,2024-12-26,"Gera žinia vaiko tėvų globėjams : kaip ir seneliai , galės gauti atostogas anūkams prižiūrėti",,kauno.diena.lt,https://kauno.diena.lt/naujienos/verslas/ekonomika/gera-zinia-vaiko-tevu-globejams-kaip-ir-seneliai-gales-gauti-atostogas-anukams-priziureti-1205481
KR,2024-12-26,Нацбанк Казахстана утвердил стратегию цифровой трансформации регуляторов | Казахстан Центробанк Финансвые рынки | АФН | Белорусские новости | Республика Беларусь,,afn.by,http://afn.by/news/i/324965
KR,2024-12-26,Turkish Airlines suspends flights to Mozambique amid political unrest,,news.az,https://news.az/news/turkish-airlines-suspends-flights-to-mozambique-amid-political-unrest
KR,2024-12-26,HAON - Orosz katonatisztek elleni összeesküvés,,haon.hu,https://www.haon.hu/orszag-vilag/2024/12/orosz-katonatisztek-elleni-ukran-osszeeskuves-moszkva
KR,2024-12-26,2024 in Karikatur : « Das Publikum ist dünnhäutiger geworden » ,,bazonline.ch,https://www.bazonline.ch/2024-in-karikatur-das-publikum-ist-duennhaeutiger-geworden-424238621984
KR,2024-12-26,"Elmano muda 12 secretários e dirigentes , transfere vice , Catanho e Nelson e nomeia Lia e Domingos",,opovo.com.br,https://www.opovo.com.br/noticias/politica/2024/12/26/elmano-muda-12-secretarios-do-governo-transfere-vice-e-catanho-e-nomeia-lia-e-domingos.html
KR,2024-12-26,Americans are exhausted by political news . TV ratings and a new AP - NORC poll show theyre tuning out,,gazette.com,https://gazette.com/ap/national/americans-are-exhausted-by-political-news-tv-ratings-and-a-new-ap-norc-poll-show/article_91fd9422-08af-5f74-83ea-4770d3a9b329.html
KR,2024-12-26,"Middle East latest : 5 Palestinian journalists killed by Israeli strike , Gaza Health Ministry says",,yahoo.com,https://www.yahoo.com/news/middle-east-latest-5-palestinian-132436723.html
KR,2024-12-26,Безос призна за сватбата - Любопитно Новини Стандарт,,standartnews.com,https://www.standartnews.com/lifestyle-lyubopitno/bezos-prizna-za-svatbata-583700.html
KR,2024-12-26,Barbara DUrso torna su Canale 5 a Striscia la notizia | Pier Silvio ? Va tutto bene,,zazoom.it,https://www.zazoom.it/2024-12-26/barbara-durso-torna-su-canale-5-a-striscia-la-notizia-pier-silvio-va-tutto-bene/16069808/
KR,2024-12-26,Прокуратура Удмуртии добилась восстановления прав студентов - сирот на льготный проезд | « НТА Приволжье » Новости Н . Новгорода,,nta-pfo.ru,https://nta-pfo.ru/news/jkh/2024/news_705261/
KR,2024-12-26,Gerardo Werthein no pudo nombrar a su ala económica internacional : qué consecuencias tiene,,iprofesional.com,https://www.iprofesional.com/politica/419658-gerardo-werthein-no-pudo-nombrar-a-su-ala-economica-internacional-que-consecuencias-tiene
KR,2024-12-26,Έκλεισαν και τα τέσσερα αεροδρόμια της Μόσχας – Άγνωστος ο λόγος,,inewsgr.com,https://www.inewsgr.com/379/ekleisan-kai-ta-tessera-aerodromia-tis-moschas--agnostos-o-logos.htm
KR,2024-12-26,Ukraine plot to kill military officials foiled : Russia,,goulburnpost.com.au,https://www.goulburnpost.com.au/story/8855302/ukraine-plot-to-kill-military-officials-foiled-russia/?cs=14264
KR,2024-12-26,Ultimele ştiri din Moldova,,news.yam.md,https://news.yam.md/ro/subjects/16064188
KR,2024-12-26,Jornal Tropical - Notícias de São Tomé e Príncipe e do resto do mundo,,jornaltropical.st,https://www.jornaltropical.st/01.php?id=287
KR,2024-12-26,Cumhurbaşkanlığı Güneydoğu Kariyer Fuarı Şanlıurfada başladı,,malatyaguncel.com,https://www.malatyaguncel.com/cumhurbaskanligi-guneydogu-kariyer-fuari-sanliurfada-basladi-2681942h.htm
KR,2024-12-26,Russian missile caused Azerbaijani plane crash : Preliminary investigation confirms,,news.az,https://news.az/news/russian-missile-caused-azerbaijani-plane-crash-preliminary-investigation-confirms
KR,2024-12-26,铜吉铁路 （ 湖南段 ） 正式开工建设 - 要闻 - 湖南在线,,hunan.voc.com.cn,https://hunan.voc.com.cn/article/202412/202412261818089098.html
KR,2024-12-26,ЕЭК прогнозирует замедление экономической активности в Беларуси в начале 2025 года | Беларусь ЕЭК Экономика Прогноз | АФН | Белорусские новости | Республика Беларусь,,afn.by,http://afn.by/news/i/324977
KR,2024-12-26,New THE MONKEY Clip Teases One Of Many  Insane Kills  ,,fangoria.com,https://www.fangoria.com/the-monkey-new-clip/
KR,2024-12-26,Το Αζερμπαϊτζάν ισχυρίζεται ότι το αεροσκάφος καταρρίφθηκε από ρωσικό πύραυλο,,newsbomb.gr,https://www.newsbomb.gr/kosmos/story/1614021/to-azermpaitzan-isxyrizetai-oti-to-aeroskafos-katarrifthike-apo-rosiko-pyravlo
KR,2024-12-26,Глава Росрыболовства исключил дефицит икры на внутреннем рынке,,govoritmoskva.ru,https://govoritmoskva.ru/news/436750/
KR,2024-12-26,川普把特鲁多怼下台 ？ 真成美一州 ? 川普提议 : 由他出任加拿大总理,,aboluowang.com,https://www.aboluowang.com/2024/1226/2150904.html
KR,2024-12-26,"Претреси во Скопје , пронајден амфетамин",,time.mk,https://time.mk/c/e31cda8a22/pretresi-vo-skopje-pronajden-amfetamin.html
KR,2024-12-26,"Євген Клопотенко і Акім Галімов не платили за зйомки в Лаврі . Захід проводився на благодійній основі , – Мінкульт",,ukranews.com,https://ukranews.com/ua/news/1055161-yevgen-klopotenko-i-akim-galimov-ne-platyly-za-zjomky-v-lavri-zahid-provodyvsya-na-blagodijnij
KR,2024-12-26,Konyasporda maddi sıkıntılar aşılamadı Genel Kurul kararı çıktı,,yenimeram.com.tr,https://www.yenimeram.com.tr/konyaspor-da-maddi-sikintilar-asilamadi-genel-kurul-karari-cikti-560415.htm
KR,2024-12-26,Brewer mishandling of Corbin Burnes could lead to revenge tour with division rival,,reviewingthebrew.com,https://reviewingthebrew.com/brewers-mishandling-corbin-burnes-could-lead-to-revenge-tour-with-division-rival
KR,2024-12-26,পাকিস্তানের সামরিক আদালতে ৬০ বেসামরিক নাগরিককে কারাদণ্ড |,,bd-pratidin.com,https://www.bd-pratidin.com/international-news/2024/12/26/1065698
KR,2024-12-26,В Харкові та Харківській області тимчасово не будуть вимикати світло,,ukranews.com,https://ukranews.com/ua/news/1055130-v-harkovi-ta-harkivskij-oblasti-tymchasovo-ne-budut-vymykaty-svitlo
KR,2024-12-26,Готов встать под парус : в начале января в Калининград доставят реплику « дедушки русского флота » ( фото ) ,,klops.ru,https://klops.ru/afisha/2024-12-26/311842-gotov-vstat-pod-parus-v-nachale-yanvarya-v-kaliningrad-dostavyat-repliku-dedushki-russkogo-flota-foto
KR,2024-12-26,马伊琍获国家一级演员正高职称 演艺生涯再添荣耀 _ 新闻频道 _ 中华网,,news.china.com,https://news.china.com/socialgd/10000169/20241226/47796235.html
KR,2024-12-26,Pocamarket Named  Best K - POP Photocard Platform  at 2024 KBS N Brand Awards,,tmcnet.com,https://www.tmcnet.com/usubmit/2024/12/26/10124676.htm
KR,2024-12-26,"Conagua pronostica frío intenso , lluvias y vientos fuertes para este jueves 26 de diciembre , con el frente frío 18 sobre el norte de México | Noticias de México",,elimparcial.com,https://www.elimparcial.com/mexico/2024/12/26/conagua-pronostica-frio-intenso-lluvias-y-vientos-fuertes-para-este-jueves-26-de-diciembre-con-el-frente-frio-18-sobre-el-norte-de-mexico/
KR,2024-12-26,Muş  ta genç yetenekler yarıştı,,diyadinnet.com,http://www.diyadinnet.com/mus-ta-genc-yetenekler-yaristi-h342452/
KR,2024-12-26,"Битиќи : Едвај 60 %, власта има катастрофална реализација на капиталните инвестиции досега",,time.mk,https://time.mk/c/450c061c45/bitiki-edvaj-60-vlasta-ima-katastrofalna-realizacija-na-kapitalnite-investicii-dosega.html
KR,2024-12-26,"Ağrı  da Ahmed - i Hani Havalimanı ve TEİAŞ müdürleri , Meteorolojiyi ziyaret etti",,diyadinnet.com,http://www.diyadinnet.com/agri-da-ahmed-i-hani-havalimani-ve-teias-mudurleri-meteoroloji-yi-ziyaret-etti-h342418/
KR,2024-12-26,Hoth Therapeutics Enters Partnership with the Department of Veterans Affairs to Develop Obesity Treatment,,lelezard.com,https://www.lelezard.com/en/news-21651686.html
KR,2024-12-26,Colorado facing a nearly $700 million budget deficit next year,,koaa.com,https://www.koaa.com/americavotes/colorado-facing-a-nearly-700-million-budget-deficit-next-year
KR,2024-12-26,"Top 3 Utilities Stocks Youll Regret Missing In December - American Electric Power ( NASDAQ : AEP ), NextEra Energy ( NYSE : NEE ) ",,benzinga.com,https://www.benzinga.com/24/12/42684254/top-3-utilities-stocks-youll-regret-missing-in-december
KR,2024-12-26,Flugzeugabsturz in Kasachstan : Mädchen aus Deutschland auf Passagierliste – Auswärtiges Amt äußert sich,,wa.de,http://www.wa.de/deutschland-welt/ursache-ueberlebende-110-menschen-an-bord-passagierflugzeug-in-kasachstan-abgestuerzt-zr-93485801.html
KR,2024-12-26,Inmet aumenta grau de perigo no estado de SP ; Veja cidades afetadas,,acidadeon.com,https://www.acidadeon.com/ribeiraopreto/cotidiano/inmet-aumenta-grau-de-perigo-no-estado-de-sp-veja-cidades-afetadas/
KR,2024-12-26,Houthis claim drone strike forced US aircraft carrier to retreat in Red Sea,,news.az,https://news.az/news/houthis-claim-drone-strike-forced-us-aircraft-carrier-to-retreat-in-red-sea
KR,2024-12-26,Trump has it backward : Free press corrects corruption,,fremonttribune.com,https://fremonttribune.com/opinion/column/trump-has-it-backward-free-press-corrects-corruption-new-york-daily-news/article_67c8f3c3-47d8-547a-902d-23019ab0aa5e.html
KR,2024-12-26,What Behind Rapid Turnover of Big City Police Chiefs ? ,,officer.com,https://www.officer.com/command-hq/news/55251787/whats-behind-rapid-turnover-of-big-city-police-chiefs
KR,2024-12-26,Мир соболезнует Азербайджану в связи с трагедией в Актау,,vestikavkaza.ru,https://vestikavkaza.ru/news/mir-soboleznuet-azerbajdzanu-v-svazi-s-tragediej-v-aktau.html
KR,2024-12-26,Yalovada valilik binasının yıkımı devam ediyor,,malatyaguncel.com,https://www.malatyaguncel.com/yalovada-valilik-binasinin-yikimi-devam-ediyor-2681922h.htm
KR,2024-12-26,Menteşe Kent Meydanı  nda buz paten pisti açılıyor,,malatyaguncel.com,https://www.malatyaguncel.com/mentese-kent-meydaninda-buz-paten-pisti-aciliyor-2681923h.htm
KR,2024-12-26,Taiwan former presidential candidate indicted on corruption charges,,news.az,https://news.az/news/taiwans-former-presidential-candidate-indicted-on-corruption-charges
KR,2024-12-26,全球唯一 ！ 这个平台在三亚建成投用→ - 新闻中心 - 南海网,,hinews.cn,http://www.hinews.cn/news/system/2024/12/26/033245941.shtml
KR,2024-12-26,Russian Missile Shot Down Azerbaijani Passenger Plane – Reports,,themoscowtimes.com,https://www.themoscowtimes.com/2024/12/26/russian-missile-shot-down-azerbaijani-passenger-plane-reports-a87463
KR,2024-12-26,"The Young and the Restless Spoilers Friday , December 27 : Chelsea Alarm Bells , Abby Suspects Ian & LA Search Setback",,celebdirtylaundry.com,https://www.celebdirtylaundry.com/2024/the-young-and-the-restless-spoilers-friday-december-27-chelseas-alarm-bells-abby-suspects-ian-la-search-setback/
KR,2024-12-26,"PeScurt // Anul 2025 , declarat „ Anul Mihai Eminescu . Un proiect de hotărâre în acest sens a fost votat în Parlament , pentru a marca 175 de ani de la nașterea poetului național . ",,news.yam.md,https://news.yam.md/ro/story/16065223
KR,2024-12-26,На Острове достроили Высшую школу музыкального и театрального искусства,,klops.ru,https://klops.ru/kaliningrad/2024-12-26/311851-na-ostrove-dostroili-vysshuyu-shkolu-muzykalnogo-i-teatralnogo-iskusstva
KR,2024-12-26,"После новости URA . RU многодетной семье бойца СВО из Екатеринбурга подарили иномарку : фото , видео",,ura.news,https://ura.news/news/1052861506
KR,2024-12-26,В кабмине пообещали определить правила выдачи семейной ипотеки на вторичное жильё,,govoritmoskva.ru,https://govoritmoskva.ru/news/436744/
KR,2024-12-29,Bu obyektlərin də istismarına icazə verilməsi xüsusi qaydada həyata keçiriləcək,,az.trend.az,https://az.trend.az/azerbaijan/politics/3988665.html
KR,2024-12-29,Briefkasten an Jan Fedders Grab : Das schreiben die Fans,,shz.de,https://www.shz.de/deutschland-welt/promi-show/artikel/briefkasten-an-jan-fedders-grab-das-schreiben-die-fans-48135487
KR,2024-12-29,"The fall of Syria dictatorship ripples out to one family in Toledo , Ohio",,ketr.org,https://www.ketr.org/2024-12-29/the-fall-of-syrias-dictatorship-ripples-out-to-one-family-in-toledo-ohio
KR,2024-12-29,Hubo al menos 177 muertos en el peor accidente aéreo de la historia de Corea del Sur,,larepublica.co,https://www.larepublica.co/globoeconomia/hubo-al-menos-177-muertos-en-el-peor-accidente-aereo-de-la-historia-de-corea-del-sur-4029612
KR,2024-12-29,David Shapiro : Hawaii island volcanoes are sure to fire the spirit,,staradvertiser.com,https://www.staradvertiser.com/2024/12/29/news/david-shapiro-hawaii-island-volcanoes-are-sure-to-fire-the-spirit/
KR,2024-12-29,Zašto više ljudi nego ikada pre doživi stotu,,nin.rs,https://www.nin.rs/bbc/vesti/65038/zasto-vise-ljudi-nego-ikada-pre-dozivi-stotu
KR,2024-12-29,Judi Dench setzt Maggie Smith ein besonderes Denkmal,,azonline.de,https://www.azonline.de/welt/vermischtes/judi-dench-setzt-maggie-smith-ein-besonderes-denkmal-3217931
KR,2024-12-29,Nyhetsstudio - Mann drept av hai i Australia,,dagbladet.no,https://www.dagbladet.no/studio/nyhetsstudio/687?post=175621
KR,2024-12-29,Opinion : The case for killing the tax credit for electric vehicles,,latimes.com,https://www.latimes.com/opinion/story/2024-12-29/ineffective-federal-tax-credit-electric-vehicles
KR,2024-12-29,"Cinco anos depois , Covid continua perigosa para vulneráveis e não vacinados | Tribuna Online",,tribunaonline.com.br,https://tribunaonline.com.br/saude/cinco-anos-depois-covid-continua-perigosa-para-vulneraveis-e-nao-vacinados-214753
KR,2024-12-29,"Pura , Madonna , vittima , santa . Addio allattrice Olivia Hussey",,ilgiornale.it,https://www.ilgiornale.it/news/pura-madonna-vittima-santa-addio-allattrice-olivia-hussey-2417005.html
KR,2024-12-29,"Not Living Fast and Dying Young : Why Older , Bigger Animals Matter",,insideclimatenews.org,https://insideclimatenews.org/news/29122024/not-living-fast-and-dying-young-why-older-bigger-animals-matter/
KR,2024-12-29,County - wide call for backup issued as authorities serve warrant in Montgomery County,,yahoo.com,https://www.yahoo.com/news/county-wide-call-backup-issued-140926928.html
KR,2024-12-29,Ağrı  da kar manzarası görsel şölen oluşturdu,,diyadinnet.com,http://www.diyadinnet.com/agri-da-kar-manzarasi-gorsel-solen-olusturdu-h342871/
KR,2024-12-29,"Hà Nội : Nhiều nhà xưởng cháy ngùn ngụt , đỏ rực một vùng",,cafebiz.vn,https://cafebiz.vn/ha-noi-nhieu-nha-xuong-chay-ngun-ngut-do-ruc-mot-vung-176241229211526501.chn
KR,2024-12-29,"Pinpoint Weather Alert Day : Heavy rain , severe weather risk",,yahoo.com,https://www.yahoo.com/news/pinpoint-weather-alert-day-heavy-121336687.html
KR,2024-12-29,"Picchia la fidanzata nel Reggiano , arrestato dai carabinieri - Notizie",,ansa.it,https://www.ansa.it/emiliaromagna/notizie/2024/12/29/picchia-la-fidanzata-nel-reggiano-arrestato-dai-carabinieri_25972fdd-8ab3-4e3a-8e0c-392247265767.html
KR,2024-12-29,"I tmerruar , i shfazuar , i dëshpëruar dhe i poshtëruar si Erion Veliaj ! ",,cna.al,https://www.cna.al/opinione/i-tmerruar-i-shfazuar-i-deshperuar-dhe-i-poshteruar-si-erion-veliaj-i419096
KR,2024-12-29,Brüssel : Bpost - Lkw völlig ausgebrannt - BRF Nachrichten,,brf.be,https://brf.be/national/1930063/
KR,2024-12-29,Найдены тела всех 179 погибших при авиакатастрофе в Южной Корее,,m24.ru,https://www.m24.ru/news/proisshestviya/29122024/757154
KR,2024-12-29,Democrats taunt Trump with  President Musk  moniker,,newsnationnow.com,https://www.newsnationnow.com/politics/democrats-taunt-trump-with-president-musk-moniker/
KR,2024-12-29,Orbán távozását követeli Gyurcsány Ferenc,,atv.hu,https://www.atv.hu/belfold/20241229/orban-viktor-gyurcsany-ferenc-dk-eu/
KR,2024-12-29,El presidente de Azerbaiyán exige a Rusia que confiese su responsabilidad por el avión siniestrado,,elperiodico.com,https://www.elperiodico.com/es/internacional/20241229/presidente-azerbaiyan-exige-rusia-responsabilidad-avion-siniestrado-112990340
KR,2024-12-29,"Νεκρή από δηλητηρίαση με μονοξείδιο άνθρακα η Ντέιλ Χάντον , σούπερ μόντελ ... ",,thetoc.gr,https://www.thetoc.gr/diethni/article/nekri-apo-dilitiriasi-me-monoxeidio-anthraka-i-nteil-xanton-souper-montel-ton-80s---o-apoxairetismos-tou-trinto/
KR,2024-12-29,Acidente aéreo na Coreia do Sul :  Toda a família desapareceu  ,,bbc.com,https://www.bbc.com/portuguese/articles/cwy32g664w5o
KR,2024-12-29,"  Ruthless criminal caused three migrant deaths in the Channel , says minister",,edp24.co.uk,https://www.edp24.co.uk/news/national/24822230.ruthless-criminals-caused-three-migrant-deaths-channel-says-minister/
KR,2024-12-29,"Kazakhstan plane crash | Azerbaijan plane crash  lost control  due to damage and electronic warfare , Azerbaijani President says",,abc7.com,https://abc7.com/post/kazakhstan-plane-crash-azerbaijan-lost-control-due-damage-electronic-warfare-azerbaijani-president-says/15722999/
KR,2024-12-29,Trilogia românească Moromeții va fi prezentată la Rotterdam International Film Festival 2025,,news.yam.md,https://news.yam.md/ro/story/16079133
KR,2024-12-29,Gehalt : Inder sind Top - Verdiener in Deutschland - wegen der Berufswahl,,derwesten.de,https://www.derwesten.de/politik/gehalt-inder-deutschland-id301285203.html
KR,2024-12-29,Investigation after man shot dead,,manningrivertimes.com.au,https://www.manningrivertimes.com.au/story/8856252/investigation-after-man-shot-dead/?cs=9676
KR,2024-12-29,Online child exploitation spiked during lockdowns . Police worry it here to stay,,stalbertgazette.com,https://www.stalbertgazette.com/national-news/online-child-exploitation-spiked-during-lockdowns-police-worry-its-here-to-stay-10011178
KR,2024-12-29,Pare că viața trece prea repede ? Percepția timpului și cum să - l încetinești în 2025 - studiu,,dcnews.ro,https://www.dcnews.ro/pare-ca-viata-trece-prea-repede-perceptia-timpului-si-cum-sa-l-incetinesti-in-2025-studiu_982218.html
KR,2024-12-29,Je kan nu ook televisie kijken tijdens het tanken,,metronieuws.nl,https://www.metronieuws.nl/in-het-nieuws/opvallend/2024/12/je-kan-nu-ook-televisie-kijken-tijdens-het-tanken/
KR,2024-12-29,Intel low - power Twin Lake NX50 series specs leak All efficient core design based on Alder Lake silicon comes back for another lap,,tomshardware.com,https://www.tomshardware.com/pc-components/cpus/intels-low-power-twin-lake-nx50-series-specs-leak-all-efficient-core-design-based-on-alder-lake-silicon-comes-back-for-another-lap
KR,2024-12-29,内田有紀 、 念願の 『 マジカル頭脳パワー !!』 出演 『 クイズタイムリープ 』 で復活に反響 「 懐かしくて涙出そう 」「 令和でも面白いよね 」： 紀伊民報AGARA｜和歌山県のニュースサイト,,agara.co.jp,https://www.agara.co.jp/article/448072
KR,2024-12-29,8 büyüklüğünde deprem uyarısı ! O fay hattına dikkat çekti ... ,,medyatava.com,https://www.medyatava.com/gundem/8-buyuklugunde-deprem-uyarisi-o-fay-hattina-dikkat-cekti-410384
KR,2024-12-29,"A Plane Crashes And Bursts Into Flames While Landing In South Korea , Killing 179 – 710am KURV",,kurv.com,https://www.kurv.com/a-plane-crashes-and-bursts-into-flames-while-landing-in-south-korea-killing-179/
KR,2024-12-29,Praca Content Reviewer - Fluent Slovak - oferty pracy Kraków,,praca.egospodarka.pl,"https://www.praca.egospodarka.pl/oferty-pracy/malopolskie/content-reviewer-fluent-slovak,68995908.html"
KR,2024-12-29,"Alioune Tine après la DPG de Ousmane Sonko :  sil réalise 50 % du  projet  en 5ans , ce sera déjà un succès  ",,senenews.com,https://www.senenews.com/actualites/alioune-tine-apres-la-dpg-de-ousmane-sonko-sil-realise-50-du-projet-en-5ans-ce-sera-deja-un-succes_521557.html
KR,2024-12-29,Патриарх Кирилл выразил соболезнования в связи с крушением самолета в Южной Корее,,tass.ru,https://tass.ru/obschestvo/22800519
KR,2024-12-29,"Μείωση εισφορών , κατάργηση τέλους επιτηδεύματος , αυξήσεις στο Δημόσιο - Όλα ... ",,thetoc.gr,https://www.thetoc.gr/oikonomia/article/meiosi-eisforon-katargisi-telous-epitideumatos-auxiseis-sto-dimosio---ola-ta-metra-pou-fernei-to-2025/
KR,2024-12-29,"UAE weather alert : Rain expected , temperature to dip",,gulfnews.com,https://gulfnews.com/uae/weather/uae-weather-alert-rain-expected-temperature-to-dip-1.500008491
KR,2024-12-29,Estafador finge ser actor y mujer le da todos sus ahorros tras creer que iba a casarse con ella,,elvocero.com,https://www.elvocero.com/actualidad/estafador-finge-ser-actor-y-mujer-le-da-todos-sus-ahorros-tras-creer-que-iba/article_f855cb7c-c5cb-11ef-96c6-bfe694dd0f15.html
KR,2024-12-29,Ultimele ştiri din Moldova,,news.yam.md,https://news.yam.md/ro/subjects/16076134
KR,2024-12-29,Azerbaidzhanin presidentti syytt Venäj matkustajakoneen putoamisen syyn peittelyst,,ilkkapohjalainen.fi,https://ilkkapohjalainen.fi/ulkomaat/azerbaidzhanin-presidentti-syyttaa-venajaa-matkustajakoneen-putoamisen-syyn-peittelysta
KR,2024-12-29,Promi - News : Massenansturm auf Waffelladen wegen Influencer - Verletzte,,news.de,https://www.news.de/promis/858258794/massenansturm-auf-waffelladen-wegen-influencer-verletzte-promi-news-der-dpa-aktuell-zu-gesellschaft-notfall-und-internet/1/
KR,2024-12-29,These are America most popular New Year resolutions for 2025 – Hartford Courant,,courant.com,https://www.courant.com/2024/12/29/these-are-americas-most-popular-new-years-resolutions-for-2025/
KR,2024-12-29,"PORTAGE NEWS ROUNDUP : Water project , Terriers skate , Christmas hampers",,winnipegsun.com,https://winnipegsun.com/news/provincial/portage-news-roundup-water-project-terriers-fan-skate-and-christmas-hampers
KR,2024-12-29,Hospitality Facilities In Saudi Arabia Must Have Valid License,,menafn.com,https://menafn.com/1109039385/Hospitality-Facilities-In-Saudi-Arabia-Must-Have-Valid-License
KR,2024-12-29,Гигантские пятна на далёкой звезде изменяют представления о космосе,,pravda.ru,https://www.pravda.ru/news/science/2155943-giant-star-spots/
KR,2024-12-29,Riesenwellen bedrohen Küste von Südamerika » latinapress Nachrichten,,latina-press.com,https://latina-press.com/news/331391-riesenwellen-bedrohen-kueste-von-suedamerika/
KR,2024-12-29,Công bố 10 sự kiện chứng khoán nổi bật năm 2024,,cafebiz.vn,https://cafebiz.vn/cong-bo-10-su-kien-chung-khoan-noi-bat-nam-2024-176241229205304621.chn
KR,2024-12-29,"  Ruthless criminal caused three migrant deaths in the Channel , says minister | Wilts and Gloucestershire Standard",,wiltsglosstandard.co.uk,https://www.wiltsglosstandard.co.uk/news/national/24822230.ruthless-criminals-caused-three-migrant-deaths-channel-says-minister/
KR,2024-12-29,濟州航空飛安意外 ！ 家屬焦急確認親人生死 情緒激動和保安肢體衝突 | 國際 | 三立新聞網 SETN . COM,,setn.com,https://www.setn.com/News.aspx?NewsID=1586815
KR,2024-12-29,"  Multi - hazard storm  to hit on New Year Day with snow , wind and rain warnings in place",,iwradio.co.uk,https://www.iwradio.co.uk/news/sky-news/multi-hazard-storm-to-hit-on-new-years-day-with-snow-wind-and-rain-warnings-in-place/
KR,2024-12-29,Vidéo .  Le spectacle vivant est politique  : Thomas Jolly face à lHumanité dans  a ira ,,humanite.fr,https://www.humanite.fr/culture-et-savoir/aya-nakamura/le-spectacle-vivant-est-politique-thomas-jolly-face-a-lhumanite-dans-ca-ira
KR,2024-12-29,Sát hại người tình tại nhà riêng do mâu thuẫn tình cảm ở Bạc Liêu,,baomoi.com,https://baomoi.com/sat-hai-nguoi-tinh-tai-nha-rieng-do-mau-thuan-tinh-cam-o-bac-lieu-c51115542.epi
KR,2024-12-29,"Plane crashes and bursts into flames at an airport in South Korea , killing at least 179",,wkyufm.org,https://www.wkyufm.org/news/2024-12-28/plane-crashes-and-bursts-into-flames-at-an-airport-in-south-korea-killing-at-least-179
KR,2024-12-29,Your View : Rep . Susan Wild reflects on her time in Congress . ,,mcall.com,https://www.mcall.com/2024/12/29/your-view-u-s-rep-susan-wild-proud-of-serving-lehigh-valley-the-country/
KR,2024-12-29,Izraelský súd odložil Netanjahuovo vypočúvanie : TOTO je dôvod ! ,,topky.sk,https://www.topky.sk/cl/11/2933153/Izraelsky-sud-odlozil-Netanjahuovo-vypocuvanie--TOTO-je-dovod-
KR,2024-12-29,Meistgelesene Artikel 2024 : Dezember - Thüringen steht vor einem Geheimdienstskandal : Die Bombe von Erfurt,,cicero.de,https://www.cicero.de:443/innenpolitik/meistgelesene-artikel-2024-dezember-thuringen-steht-vor-einem-geheimdienstskandal-die-bombe-von-erfurt
KR,2024-12-29,"Tras asumir los nuevos jefe y subjefe de la Policía de la Ciudad , designaron a la nueva cúpula : hay cuatro mujeres",,diarioelnorte.com.ar,https://diarioelnorte.com.ar/tras-asumir-los-nuevos-jefe-y-subjefe-de-la-policia-de-la-ciudad-designaron-a-la-nueva-cupula-hay-cuatro-mujeres/
KR,2024-12-29,"Plane crashes and bursts into flames at an airport in South Korea , killing at least 179",,wvasfm.org,https://www.wvasfm.org/2024-12-28/plane-crashes-and-bursts-into-flames-at-an-airport-in-south-korea-killing-at-least-179
KR,2024-12-29,  PDP cant afford a northern candidate in 2027  - Former Atiku campaign chief declares,,politicsnigeria.com,https://politicsnigeria.com/pdp-cant-afford-a-northern-candidate-in-2027-former-atiku-campaign-chief-declares/
KR,2024-12-29,South Korea plane crash death toll rises to 167 news agency,,tass.com,https://tass.com/emergencies/1895175
KR,2024-12-29,"  Ruthless criminal caused three migrant deaths in the Channel , says minister",,lancashiretelegraph.co.uk,https://www.lancashiretelegraph.co.uk/news/national/24822230.ruthless-criminals-caused-three-migrant-deaths-channel-says-minister/
KR,2024-12-29,Salerno piange lo scrittore e fumettista Amleto De Silva,,salernotoday.it,https://www.salernotoday.it/cronaca/morto-amleto-de-silva-salerno-29-dicembre-2024.html
KR,2024-12-29,"Πέθανε ο παγκόσμιος πρωταθλητής πυγμαχίας Πολ Μπάμπα , 6 ημέρες μετά τον τελευταίο του αγώνα",,skaipatras.gr,https://www.skaipatras.gr/2024/12/29/pethane-o-pagkosmios-protathlitis-pygmachias-pol-mpampa-6-imeres-meta-ton-teleytaio-toy-agona/
KR,2024-12-29,سقوط صاروخ أطلقته مليشيا الحوثي الإرهابية قرب مدرسة في أبين - موقع الصحوة نت الاخباري,,alsahwa-yemen.net,https://www.alsahwa-yemen.net/p-80183
KR,2024-12-29,Putnički avion se zapalio i srušio pri sletanju na aerodrom u Južnoj Koreji,,nin.rs,https://www.nin.rs/svet/vesti/65020/putnicki-avion-se-zapalio-i-srusio-pri-sletanju-na-aerodrom-u-juznoj-koreji
KR,2024-12-29,Pellegrini : még nem teljes a tanácsadói testületem,,felvidek.ma,https://felvidek.ma/2024/12/29/pellegrini-meg-nem-teljes-a-tanacsadoi-testuletem/
KR,2024-12-29,Костова : Укинувањето на „ недела неработен ден  е директен удар врз правата на работниците,,time.mk,https://time.mk/c/51fd82757f/kostova-sdsm-protiv-ukinuvanjeto-na-nedela-neraboten-den-toa-e-nov-udar-vrz-rabotnicite.html
KR,2024-12-29,Hyn në fuqi rregullorja e re evropiane për karikuesin e vetëm elektronik,,indeksonline.net,https://indeksonline.net/hyn-ne-fuqi-rregullorja-e-re-evropiane-per-karikuesin-e-vetem-elektronik/
KR,2024-12-29,"Giá nhà tăng sốc , lãi suất còn bất ổn thì càng khó mua nhà",,thesaigontimes.vn,https://thesaigontimes.vn/gia-nha-tang-soc-lai-suat-con-bat-on-thi-cang-kho-mua-nha/
KR,2024-12-29,Costa Rican Tourism Institute Invites You To Travel Responsibly At The End Of Year And Beginning Of 2025,,menafn.com,https://menafn.com/1109038793/Costa-Rican-Tourism-Institute-Invites-You-To-Travel-Responsibly-At-The-End-Of-Year-And-Beginning-Of-2025
KR,2024-12-29,A Boca Juniors lo incluyeron en la mejor broma del  Día de los Inocentes  ,,jornadaonline.com,https://jornadaonline.com/deporte/a-boca-juniors-lo-incluyeron-en-la-mejor-broma-del-dia-de-los-inocentes--202412299340
KR,2024-12-29,手游吃瓜周报 ： 涩涩二游联动双厨狂喜 ！ 鸣潮联动酷狗音乐 ？！ ,,163.com,https://www.163.com/dy/article/JKJVGUM605465NDV.html
KR,2024-12-29,Ανίτα Μπραντ :  Pajamas all day  - Τριπλά ευτυχισμένη στο χριστουγεννιάτικο ... ,,thetoc.gr,https://www.thetoc.gr/people-style/article/anita-mprant-pajamas-all-day---tripla-eutuxismeni-sto-xristougenniatiko-elatodasos-sto-saloni-tis/
KR,2024-12-29,Τέμπη : Αφαίρεσαν τα 58 « καρφιά » του μνημείου για τα θύματα - « Αυτό είναι ύβρις » ,,kerkida.net,https://www.kerkida.net/epikairotita/tempi-afairesan-ta-58-karfia-toy-mnimeioy-gia-ta-thymata-ayto-einai-ybris
KR,2024-12-29,10 melhores truques para você usar na sua máquina de lavar,,techtudo.com.br,https://www.techtudo.com.br/listas/2024/12/10-melhores-truques-para-voce-usar-na-sua-maquina-de-lavar-lb.ghtml
KR,2024-12-29,Меры безопасности накануне новогодних праздников усиливают в Марий Эл | « НТА Приволжье » Новости Н . Новгорода,,nta-pfo.ru,https://nta-pfo.ru/news/society/2024/news_705495/
KR,2024-12-29,Visa de estudiante : Consulta cómo solicitar una extensión de estancia en Estados Unidos a través de Uscis | united states | RPPUSA,,rpp.pe,https://rpp.pe/usa/servicios/visa-de-estudiante-consulta-como-solicitar-una-extension-de-estancia-en-estados-unidos-a-traves-de-uscis-usa-rppusa-noticia-1606938
KR,2024-12-29,"Hakkari haberleri Yüksekovada poşet , tepsi ve bidon ile kayak keyfi",,haber7.com,https://www.haber7.com/hakkari/3491877-yuksekovada-poset-tepsi-ve-bidon-ile-kayak-keyfi
KR,2024-12-29,苏炳添 ： 将在十五运会后退役,,163.com,https://www.163.com/news/article/JKK0EA110001899O.html
KR,2024-12-29,跨年特稿丨拉美图自强稳中求兴 中拉谋合作走深走实,,sxdaily.com.cn,https://www.sxdaily.com.cn/2024-12/29/content_11003150.html
KR,2024-12-29,World News : Experts question bird strike as cause of deadly South Korean plane crash,,gdnonline.com,https://www.gdnonline.com:443/Details/1340682/Experts-question-bird-strike-as-cause-of-deadly-South-Korean-plane-crash
KR,2024-12-29,แม่ช็อกลูกสาวเดินทางไปเยี่ยมที่เกาหลี สุดท้ายเสียชีวิตในเครื่องบินระเบิด,,dailynews.co.th,https://www.dailynews.co.th/news/4239226/
KR,2024-12-29,Karamanda takla atan otomobilin sürücüsü yaralandı,,malatyaguncel.com,https://www.malatyaguncel.com/karamanda-takla-atan-otomobilin-surucusu-yaralandi-2683762h.htm
KR,2024-12-29,القاهرة الإخبارية : الحياة أصبحت طبيعية في دمشق,,dostor.org,https://www.dostor.org/4907990
KR,2024-12-29,México fortalece red consular para proteger a migrantes en los Estados Unidos,,diarioelnorte.com.ar,https://diarioelnorte.com.ar/mexico-fortalece-red-consular-para-proteger-a-migrantes-en-los-estados-unidos/
KR,2024-12-29," [ 2021 - 2030 Estimation ]- Wound Dressings Market Business Is Expected To Reach $ 8 , 513 . 3 Mn From $ 6 , 153 . 7 Mn at CAGR Rate 3 . 3 - Market . Biz",,eturbonews.com,https://eturbonews.com/2021-2030-estimation-wound-dressings-market-business-is-expected-to-reach-8513-3-mn-from-6153-7-mn-at-cagr-rate-3-3-market-biz/
KR,2024-12-29,First Alert Weather : Dry and breezy conditions Sunday,,wbrc.com,https://www.wbrc.com/2024/12/29/first-alert-weather-dry-breezy-conditions-sunday/
KR,2024-12-29, - 9 . 6℃ ！ 破纪录 ！ 宁波人挺住 又要大反转 - 新闻中心 - 中国宁波网,,news.cnnb.com.cn,http://news.cnnb.com.cn/system/2024/12/29/030639142.shtml
KR,2024-12-29,广联达以AI驱动 建筑行业数字新生态,,finance.sina.com.cn,https://finance.sina.com.cn/stock/relnews/cn/2024-12-29/doc-ineccwtt4456774.shtml
KR,2024-12-29,Las madres de 2024 : de la sorpresa de Alejandra Rubio a la discreción de Margot Robbie,,hoy.es,https://www.hoy.es/gente-estilo/madres-2024-sorpresa-alejandra-rubio-discrecion-margot-20241229125046-ntrc.html
KR,2024-12-29,宁波在全国率先启动城市可信数据空间建设 - 新闻中心 - 中国宁波网,,news.cnnb.com.cn,http://news.cnnb.com.cn/system/2024/12/29/030639127.shtml
KR,2024-12-29,India is now partying with non - alcoholic spirits,,sangbadpratidin.in,https://www.sangbadpratidin.in/lifestyle/food/india-is-now-partying-with-non-alcoholic-spirits/
KR,2024-12-29,"Македонија е на дното со минимална плата , а ВМРО - ДПМНЕ одбива да ја покачи - СДСМ - Социјалдемократски сојуз на Македонија",,sdsm.org.mk,https://sdsm.org.mk/pres-konferencii/90619
KR,2024-12-29,ข่าวภูมิธรรม ยัน แก้ปัญหายาเสพติดใน 6 เดือน,,news.ch7.com,https://news.ch7.com/detail/775574
KR,2024-12-29,新时代中国调研行之看区域 · 大湾区篇丨从  岭表南来第一州  到珠三角新增长极 广东肇庆推动高质量发展见闻 - 新华网,,news.cn,http://www.news.cn/fortune/20241229/60d6a1b9f39e43558ce19375d5c884e6/c.html
KR,2024-12-29,"RTX 5090 цена - топовая карточка будет не просто дорогой , а очень дорогой УНИАН",,unian.net,https://www.unian.net/techno/hardware/rtx-5090-cena-topovaya-kartochka-budet-ne-prosto-dorogoy-a-ochen-dorogoy-12868431.html
KR,2024-12-29,Megállíthatatlanul szárnyal az arany,,economx.hu,https://www.economx.hu/gazdasag/arany-arfolyam-reszvenypiac-kakao-aranyar.801880.html
KR,2024-12-29,İngiltereden Esma Esad açıklaması,,birgun.net,https://www.birgun.net/haber/ingiltere-den-esma-esad-aciklamasi-587285%20target=_blank%20class=stretched-link
KR,2024-12-29,أخبار الخليج | جلالة الملك المعظم يستقبل سمو ولي العهد رئيس مجلس الوزراء ويوجه الشكر للمواطنين على مشاعرهم وتهانيهم بأعياد البحرين الوطنية ويشيد بافتتاح مشروعي تحديث مصفاة بابكو ومنتجع حوار,,akhbar-alkhaleej.com,https://akhbar-alkhaleej.com/news/article/1388264
KR,2024-12-29,Digital attendance at Guskara school to inform parents,,sangbadpratidin.in,https://www.sangbadpratidin.in/bengal/digital-attendance-at-guskara-school-to-inform-parents/
KR,2024-12-29,Chaos in Berlin : Polizei muss Fantreffen der Jindaouis abbrechen,,tz.de,http://www.tz.de/stars/chaos-in-berlin-polizei-muss-fantreffen-der-jindaouis-abbrechen-wonderwaffel-nader-louisa-zr-93489991.html
KR,2024-12-29,South Korea plane crash latest : Bird strike warning issued minutes before Jeju Air flight killed 179,,independent.co.uk,https://www.independent.co.uk/asia/east-asia/south-korea-plane-crash-death-toll-jeju-air-bird-strike-b2671146.html
KR,2024-12-29,Чем сбивают шахеды - в Украине могут появиться новые перехватчики российских дронов УНИАН,,unian.net,https://www.unian.net/weapons/chem-sbivayut-shahedy-v-ukraine-mogut-poyavitsya-novye-perehvatchiki-rossiyskih-dronov-12868485.html
KR,2024-12-29,平民工商有喜有悲 新政上路招商引资,,enanyang.my,https://www.enanyang.my/%E8%B4%A2%E7%BB%8F%E6%96%B0%E9%97%BB/%E5%B9%B3%E6%B0%91%E5%B7%A5%E5%95%86%E6%9C%89%E5%96%9C%E6%9C%89%E6%82%B2-%E6%96%B0%E6%94%BF%E4%B8%8A%E8%B7%AF%E6%8B%9B%E5%95%86%E5%BC%95%E8%B5%84
KR,2024-12-29,"Γυναίκα πανικοβλήθηκε , άνοιξε την έξοδο κινδύνου του αεροσκάφους και κάθισε στο φτερό",,inewsgr.com,https://www.inewsgr.com/379/gynaika-panikovlithike-anoixe-tin-exodo-kindynou-tou-aeroskafous-kai-kathise-sto-ftero.htm
KR,2024-12-29,"ATN International , Inc . ( ATNI ) To Go Ex - Dividend on December 31st",,etfdailynews.com,https://www.etfdailynews.com/2024/12/29/atn-international-inc-atni-to-go-ex-dividend-on-december-31st/
KR,2024-12-29,Підсумки 2024 року в фото - новини України,,zn.ua,https://zn.ua/ukr/UKRAINE/pidsumki-2024-roku-v-foto.html
KR,2024-12-29,Chimera Investment Co . ( NYSE : CIM ) to Issue Quarterly Dividend of $0 . 37,,etfdailynews.com,https://www.etfdailynews.com/2024/12/29/chimera-investment-co-nysecim-to-issue-quarterly-dividend-of-0-37/
KR,2024-12-29,Fiery plane crash kills at least 177 in South Korea,,yasstribune.com.au,https://www.yasstribune.com.au/story/8856092/fiery-plane-crash-kills-at-least-177-in-south-korea/?cs=14264
KR,2024-12-29,North Korea Kim vows the toughest anti - US policy before Trump takes office,,therepublic.com,https://www.therepublic.com/2024/12/29/north-koreas-kim-vows-the-toughest-anti-us-policy-before-trump-takes-office/
KR,2024-12-29,"The fall of Syria dictatorship ripples out to one family in Toledo , Ohio",,wcsufm.org,https://www.wcsufm.org/latest-from-npr/2024-12-29/the-fall-of-syrias-dictatorship-ripples-out-to-one-family-in-toledo-ohio
KR,2024-12-29,"Ambuteiaje la punctul de trecere Palanca - Maiaki - Udobnoe , pe sensul de intrare în Moldova . Precizările IGPF",,protv.md,https://protv.md/actualitate/ambuteiaje-la-punctul-de-trecere-palanca-maiaki-udobnoe-pe-sensul-de-intrare-in-moldova-precizarile-igpf-foto---2709338.html
KR,2024-12-29,Federico Gómez accedió al cuadro principal del ATP de Brisbane,,unosantafe.com.ar,https://www.unosantafe.com.ar/ovacion/federico-gomez-accedio-al-cuadro-principal-del-atp-brisbane-n10171846.html
KR,2024-12-29,"Active Outdoors events 2025 : Marathons , 5Ks , cycle sportives , hill races and more in the Highlands and Islands , Moray and Aberdeenshire",,johnogroat-journal.co.uk,https://www.johnogroat-journal.co.uk/news/active-outdoors-events-list-for-2025-369960/
KR,2024-12-29,"OnlyFans : Επαναπροσδιορίζοντας την πορνογραφία , χτίζει μια παγκόσμια οικονομική αυτοκρατορία",,ertnews.gr,https://www.ertnews.gr/eidiseis/diethni/onlyfans-epanaprosdiorizontas-tin-pornografia-xtizei-mia-pagkosmia-oikonomiki-aytokratoria/
KR,2024-12-29,"ФАС заинтересовалась крыльцом мэрии Сургута , которое стоит , как элитный коттедж",,ura.news,https://ura.news/news/1052862737
KR,2024-12-29,"चार बिघामा फुल्न लागेको काउलीको पात डढ्यो , पत्ता लागेन रोग",,onlinekhabar.com,https://www.onlinekhabar.com/2024/12/1595188/four-bighas-of-cauliflower-leaves-about-to-bloom-were-scorched-disease-not-detected
KR,2024-12-29,Un plato mexicano fue nombrado de los mejores del mundo : ¿ dónde comprarlo en California ? ,,eltiempo.com,https://www.eltiempo.com/mundo/eeuu-y-canada/un-plato-mexicano-fue-nombrado-de-los-mejores-del-mundo-donde-comprarlo-en-california-3412161
KR,2024-12-29,"75 terrorists killed in Jammu and Kashmir so far this year , majority from Pakistan",,sangbadpratidin.in,https://www.sangbadpratidin.in/india/75-terrorists-killed-in-jammu-and-kashmir-so-far-this-year-majority-from-pakistan/
KR,2024-12-29,"  Ruthless criminal caused three migrant deaths in the Channel , says minister",,johnogroat-journal.co.uk,https://www.johnogroat-journal.co.uk/news/national/ruthless-criminals-caused-three-migrant-deaths-in-the-channel-says-minister-124099/
KR,2024-12-29,世界最长高速公路隧道即将全线贯通,,baijiahao.baidu.com,https://baijiahao.baidu.com/s?id=1819759824914973841
KR,2024-12-29, ¿ Cuáles fueron los mejores libros que leíste en 2024 ?... 5 escritores responden,,aristeguinoticias.com,https://aristeguinoticias.com/2912/cultura/cuales-fueron-los-mejores-libros-que-leiste-en-2024-5-escritores-responden/
KR,2024-12-29,Israeli army to expand military offensive in Gaza : Media report,,aa.com.tr,https://www.aa.com.tr/en/middle-east/israeli-army-to-expand-military-offensive-in-gaza-media-report/3436998
KR,2024-12-29,Diese Bilder haben uns 2024 schockiert und alle waren sie gefälscht,,watson.ch,https://www.watson.ch/digital/faktencheck/830946996-diese-bilder-haben-uns-2024-schockiert-und-alle-waren-sie-gefaelscht
KR,2024-12-29,"  Regardless of the cause , I take full responsibility , says Jeju Airlines CEO after plane crash in South Korea Muan",,dnaindia.com,https://www.dnaindia.com/world/report-regardless-of-the-cause-i-take-full-responsibility-says-jeju-airlines-ceo-after-plane-crash-in-south-korea-s-muan-3124844
KR,2024-12-29,"  아니야 , 엄마 아닐 거야 … 통곡 이어진 가족 대기실 [ 제주항공 무안 참사 ] ",,segye.com,http://segye.com/newsView/20241229508970
KR,2024-12-29,Incidente stradale a Viareggio | morta una donna e la figlia le altre due figlie e il padre gravemente feriti,,zazoom.it,https://www.zazoom.it/2024-12-29/incidente-stradale-a-viareggio-morta-una-donna-e-la-figlia-le-altre-due-figlie-e-il-padre-gravemente-feriti/16084952/
KR,2024-12-29,"İmamoğlu o davayı kazandı ! – Güncel Haberler , Son Dakika Haberleri , Turktime Haber Portalı",,turktime.com,https://www.turktime.com/haber/imamoglu-o-davayi-kazandi/705252
KR,2024-12-29,"Bangladeshi SIM card recovered in Bangaon , woman arrested",,sangbadpratidin.in,https://www.sangbadpratidin.in/bengal/bangladeshi-sim-card-recovered-in-bangaon-woman-arrested/
KR,2024-12-29,Bank staff changes registered mobile number and siphon 12 crore from account,,sangbadpratidin.in,https://www.sangbadpratidin.in/india/bank-staff-changes-registered-mobile-number-and-siphon-12-crore-from-account/
KR,2024-12-29,"  Ruthless criminal caused three migrant deaths in the Channel , says minister",,nwemail.co.uk,https://www.nwemail.co.uk/news/national/24822230.ruthless-criminals-caused-three-migrant-deaths-channel-says-minister/
KR,2024-12-29,Мирные переговоры по Украине : Сергей Лавров назвал условия их проведения,,ura.news,https://ura.news/news/1052862726
KR,2024-12-29,Accidente aéreo Corea del Sur dejó 179 fallecidos - acn,,acn.com.ve,https://acn.com.ve/muertos-dejo-accidente-aereo-corea-del-sur/
KR,2024-12-29,"Jordan condemns incursions into Al Aqsa Mosque , holds Israel responsible",,aninews.in,https://aninews.in/news/world/middle-east/jordan-condemns-incursions-into-al-aqsa-mosque-holds-israel-responsible20241229194006/
KR,2024-12-29,ข่าว2 ครอบครัว ช็อกสูญเสียญาติเครื่องบินไถลรันเวย์,,news.ch7.com,https://news.ch7.com/detail/775569
KR,2024-12-29,Parts of human bodies found from a pond in Barasat,,sangbadpratidin.in,https://www.sangbadpratidin.in/bengal/parts-of-human-bodies-found-from-a-pond-in-barasat/
KR,2024-12-29,新技术如何赋能老电影  焕新颜 ？ - 新华网,,news.cn,http://www.news.cn/tech/20241229/aee9bdd8aae746178b8c9c12500bffba/c.html
KR,2024-12-29,Oyuncular dört gözle o oyunları bekliyor ! 2025  in en çok beklenen oyunları belli oldu,,turkiyegazetesi.com.tr,https://www.turkiyegazetesi.com.tr/teknoloji/oyuncular-dort-gozle-o-oyunlari-bekliyor-2025in-en-cok-beklenen-oyunlari-belli-oldu-1083441
KR,2024-12-29,Why arent journalists curious about their credibility problem ? ,,gazette.com,https://gazette.com/opinion/why-arent-journalists-curious-about-their-credibility-problem/article_fd401dde-c460-11ef-b5da-3f84a901ae6d.html
KR,2024-12-29,ЦАХАЛ расширяет операцию в Газе | MigNews - Новости Израиля и Мира на русском языкеMigNews - Новости Израиля и Мира на русском языке,,mignews.com,http://mignews.com/news/arabisrael/cahal-rasshiryaet-operaciyu-v-gaze.html
KR,2024-12-29,NASA - ruimtevaartuig vliegt op recordafstand en  raakt de zon aan  ,,bnr.nl,https://www.bnr.nl/nieuws/tech-innovatie/10563816/nasa-ruimtevaartuig-vliegt-op-recordafstand-en-raakt-de-zon-aan
KR,2024-12-29,مقتل مغني راب شهير برصاصة في الرأس,,24.ae,https://24.ae/article/866760/%D9%85%D9%82%D8%AA%D9%84-%D9%85%D8%BA%D9%86%D9%8A-%D8%B1%D8%A7%D8%A8-%D8%B4%D9%87%D9%8A%D8%B1-%D8%A8%D8%B1%D8%B5%D8%A7%D8%B5%D8%A9-%D9%81%D9%8A-%D8%A7%D9%84%D8%B1%D8%A3%D8%B3
KR,2024-12-29,新华鲜报丨2024 ， 世界更懂中国Loong - 新华网,,news.cn,http://www.news.cn/politics/20241229/bf8f16002592465e87a67095e56d3978/c.html
KR,2024-12-29,Левин будет и . о . премьер - министра на время госпитализации Нетаниягу | MigNews - Новости Израиля и Мира на русском языкеMigNews,,mignews.com,http://mignews.com/news/politic/levin-budet-io-premer-ministra-poka-netaniyagu-perenosit-operaciyu.html
KR,2024-12-29,"179 killed , two survive in plane crash at South Korean airport",,nbcnews.com,https://www.nbcnews.com/news/rcna185670
KR,2024-12-29,Facebook turned 20 in 2024 . Here what the 2004 site was like at Yale,,darientimes.com,http://www.darientimes.com/living/article/facebook-2024-20th-anniversary-yale-alums-ct-19999606.php
KR,2024-12-29,Грязный комментарий помощника депутата от партии  Авод  об операции Нетаниягу | MigNews - Новости Израиля и Мира на русском языкеMigNews,,mignews.com,http://mignews.com/news/politic/gryaznyj-kommentarij-pomoshnika-deputata-ot-avody-ob-operacii-netaniyagu.html
KR,2024-12-29,新华全媒+丨2024 ， 我们共同镌刻这些文化印记 - 新华网,,news.cn,http://www.news.cn/20241229/d51f9d2d9bb44e8bb54ff95eb59b98d1/c.html
KR,2024-12-29,وزيرة الداخلية البريطانية : لن نسمح لـ أسماء الأسد بالعودة إلى لندن,,shorouknews.com,https://www.shorouknews.com/news/view.aspx?cdate=29122024&id=5e70ce1b-cfad-4953-975b-3e2994e1813a
KR,2024-12-29,NBA All - Star Luka Doncic becomes latest professional athlete whose home was burglarized,,erienewsnow.com,https://www.erienewsnow.com/story/52083832/nba-all-star-luka-doncic-becomes-latest-professional-athlete-whose-home-was-burglarized
KR,2024-12-29,"Cumhurbaşkanı Başdanışmanı Mehmet Uçumdan Kritik Mesaj : Türkiye Yüzyılı , Türk ve Kürt Yüzyılıdır",,gercekgundem.com,https://www.gercekgundem.com/siyaset/cumhurbaskani-basdanismani-mehmet-ucumdan-kritik-mesaj-turkiye-yuzyili-turk-ve-kurt-yuzyilidir-508789
KR,2024-12-29,"Mavs star Luka Doncic is latest pro athlete whose home was burglarized , business manager says",,kmbc.com,https://www.kmbc.com/article/luka-doncic-home-burglary-athletes/63299519
KR,2024-12-29,Barça y PSG pujan por un jugador de la Premier,,estadiodeportivo.com,https://www.estadiodeportivo.com/futbol/fichajes/barca-psg-pujan-por-jugador-premier-20241229-476365.html
KR,2024-12-29,Израелскиот премиер Нетанјаху на итна операција на простата,,slobodnaevropa.mk,https://www.slobodnaevropa.mk/a/33256974.html
KR,2024-12-29,Седумдневна жалост во Јужна Кореја по авионската несреќа,,slobodnaevropa.mk,https://www.slobodnaevropa.mk/a/33256951.html
KR,2024-12-29,"Alacsonyabb a részvétel a horvát választáson , mint öt éve",,demokrata.hu,https://demokrata.hu/vilag/alacsonyabb-a-reszvetel-a-horvat-valasztason-mint-ot-eve-930665/
KR,2024-12-29,В 2025 году почти 10 % создадут семьи для получения льготной ипотеки,,ura.news,https://ura.news/news/1052862717
KR,2024-12-29,Carmen Borrego confirma l  últim sobre José María Almoguera :  La meva consciència … ,,e-noticies.cat,https://e-noticies.cat/gent/carmen-borrego-confirma-sobre-jose-maria-almoguera
KR,2024-12-29,Ankarada atık fabrikasında yangın : İtfaiye ekipleri müdahale ediyor,,malatyaguncel.com,https://www.malatyaguncel.com/ankarada-atik-fabrikasinda-yangin-itfaiye-ekipleri-mudahale-ediyor-2683752h.htm
KR,2024-12-29,Rescuers assess Jeju Air crash site at South Korea Muan airport | News,,independent.co.uk,https://www.independent.co.uk/tv/news/south-korea-jeju-air-crash-plane-b2671099.html
KR,2024-12-29,Fly forulykker med 181 om bord i Sydkorea - dødstallet er nu oppe på 179,,jyllands-posten.dk,https://jyllands-posten.dk/international/asien/ECE17768311/fly-forulykker-med-181-om-bord-i-sydkorea-doedstallet-er-nu-oppe-paa-179/
KR,2024-12-29,"Celebrity deaths 2024 : Liam Payne , Maggie Smith among those lost",,thisislocallondon.co.uk,https://www.thisislocallondon.co.uk/news/24822219.celebrity-deaths-2024-liam-payne-maggie-smith-among-lost/
KR,2024-12-29,В Египте акула напала на двух туристов,,ridus.ru,https://www.ridus.ru/v-egipte-akula-napala-na-dvuh-turistov-536150.html
KR,2024-12-29,年底冲刺 ， 家电换新求  新  更求  质 - 新华网,,news.cn,http://www.news.cn/fortune/20241229/a4a7efc76ce942b28a605bec5c0a615f/c.html
KR,2024-12-29,"Oegstgeest in 2024 : Samenscholingsverbod , bouwen en dakpangate",,sleutelstad.nl,https://sleutelstad.nl/2024/12/29/oegstgeest-in-2024-samenscholingsverbod-bouwen-en-dakpangate/
KR,2024-12-29,"Black Pepper Market Report ( 2020 - 2029 ): Market Demand , Market Size and Growth Prospects | BARIA PEPPER , The British Pepper & Spice Company Limited",,eturbonews.com,https://eturbonews.com/black-pepper-market-report-2020-2029-market-demand-market-size-and-growth-prospects-baria-pepper-the-british-pepper-spice-company-limited/
KR,2024-12-29,Hilarisch ! Medewerkers Duitse krant stappen op na pro - AfD opiniestuk van Elon Musk,,dagelijksestandaard.nl,https://www.dagelijksestandaard.nl/buitenland/hilarisch-medewerkers-duitse-krant-stappen-op-na-pro-afd-opiniestuk-van-elon-musk?comment=652783
KR,2024-12-29,Rokmaster Resources ( CVE : RKR ) Shares Down 25 % – Should You Sell ? ,,etfdailynews.com,https://www.etfdailynews.com/2024/12/29/rokmaster-resources-cverkr-shares-down-25-should-you-sell/
KR,2024-12-29,Успешные бизнесвумен ворвались в топ миллиардеров ХМАО,,ura.news,https://ura.news/articles/1036290483
KR,2024-12-29,SemiKong je prvi open source LLM za poluvodiče / Novosti / Računala / Naslovnica,,vidi.hr,https://www.vidi.hr/Racunala/Novosti/SemiKong-je-prvi-open-source-LLM-za-poluvodice
KR,2024-12-29,El presidente de Azerbaiyán exige a Rusia que confiese su responsabilidad por el siniestro del Embraer 190,,laopiniondemurcia.es,https://www.laopiniondemurcia.es/internacional/2024/12/29/presidente-azerbaiyan-exige-rusia-confiese-112990386.html
KR,2024-12-29,Kim Jong Un Vows  Toughest  Anti - U . S . Strategy As Trump Nears Return,,yahoo.com,https://www.yahoo.com/news/kim-jong-un-vows-toughest-134537234.html
KR,2024-12-29,"Social , dal caso Imane Khelif allorecchio bendato di Salvini : le fake news  regine  del 2024",,torinoggi.it,https://www.torinoggi.it/2024/12/29/leggi-notizia/argomenti/ultimora/articolo/social-dal-caso-imane-khelif-allorecchio-bendato-di-salvini-le-fake-news-regine-del-2024.html
KR,2024-12-29,Opinion : Story of Martha Moxley still lacks an ending,,darientimes.com,http://www.darientimes.com/opinion/article/moxley-skakel-kennedy-greenwich-20004435.php
KR,2024-12-29,  奔  向2025 - 新华网,,news.cn,http://www.news.cn/photo/20241229/dc1a7ba033e1445c9dee80b726b78315/c.html
KR,2024-12-29,Así será el calendario de pagos del Seguro Social 2025 de Estados Unidos en enero,,eltiempo.com,https://www.eltiempo.com/mundo/eeuu-y-canada/asi-sera-el-calendario-de-pagos-del-seguro-social-2025-de-estados-unidos-en-enero-3412586
KR,2024-12-29,Death toll rises to 177 in South Korean plane crash,,timesofearth.com,https://www.timesofearth.com/2024/12/29/death-toll-rises-to-177-in-south-korean-plane-crash/
KR,2024-12-29,Cinco civiles muertos en un ataque del M23 en el noreste de República Democrática del Congo,,diariosigloxxi.com,https://www.diariosigloxxi.com/texto-ep/mostrar/20241229140829/cinco-civiles-muertos-ataque-m23-noreste-republica-democratica-congo
KR,2024-12-29,179 confirmed dead after plane crashes off South Korea runway and catches fire,,thisislocallondon.co.uk,https://www.thisislocallondon.co.uk/news/national/24821905.179-confirmed-dead-plane-crashes-off-south-korea-runway-catches-fire/
KR,2024-12-29,Napoli - Venezia cambia l  arbitro prima del fischio d  inizio,,zazoom.it,https://www.zazoom.it/2024-12-29/napoli-venezia-cambia-larbitro-prima-del-fischio-dinizio-il-motivo/16084993/
KR,2024-12-29,Tỷ lệ ủng hộ ông Trump giảm khi một s . ố đ . ề xuất chính sách đối ngoại gây tranh cãi,,vietgiaitri.com,https://vietgiaitri.com/ty-le-ung-ho-ong-trump-giam-khi-mot-so-de-xuat-chinh-sach-doi-ngoai-gay-tranh-cai-20241229i7348879/
KR,2024-12-29,Air Canada plane spits flames in ANOTHER horror landing as 2 more aircraft malfunction on night of South Korea crash – The US Sun,,the-sun.com,https://www.the-sun.com/news/13176442/air-canada-plane-fire-norway-crash-south-korea-disaster/
KR,2024-12-29,Haniyenin ölümüyle ilgili yeni detaylar paylaşıldı :  Hassas bomba  ile öldürdüğü iddia edildi,,birgun.net,https://www.birgun.net/haber/haniye-nin-olumuyle-ilgili-yeni-detaylar-paylasildi-hassas-bomba-ile-oldurdugu-iddia-edildi-587282%20target=_blank%20class=stretched-link
KR,2024-12-29,Iraqi Airways to resume flights to Lebanon soon,,iraqinews.com,https://www.iraqinews.com/iraq/iraqi-airways-to-resume-flights-to-lebanon-soon/
KR,2024-12-29,ข่าวผบ . ตร . สั่งคุมเข้มงานเคานต์ดาวน์ทั่วประเทศ,,news.ch7.com,https://news.ch7.com/detail/775572
KR,2024-12-29,  Beyaz cennet  2025  e dolu girecek - Denizli Haberleri,,yeniasir.com.tr,https://www.yeniasir.com.tr/ege/denizli/2024/12/29/beyaz-cennet-2025-dolu-girecek
KR,2024-12-29,"Instalarán en CAM 17 sistema de cámaras – Periódico Zócalo | Noticias de Saltillo , Torreón , Piedras Negras , Monclova , Acuña",,zocalo.com.mx,https://www.zocalo.com.mx/instalaran-en-cam-17-sistema-de-camaras/
KR,2024-12-29,"  Ruthless criminal caused three migrant deaths in the Channel , says minister",,halesowennews.co.uk,https://www.halesowennews.co.uk/news/national/24822230.ruthless-criminals-caused-three-migrant-deaths-channel-says-minister/
KR,2024-12-29,Başkan Aydın :  2025 her türlü olumsuzluğa rağmen bir önceki yıldan daha iyi olacak  ,,malatyaguncel.com,https://www.malatyaguncel.com/baskan-aydin-2025-her-turlu-olumsuzluga-ragmen-bir-onceki-yildan-daha-iyi-olacak-2683742h.htm
KR,2024-12-29,МИД России выразил соболезнования в связи со смертью фотожурналиста Песова,,ridus.ru,https://www.ridus.ru/mid-rossii-vyrazil-soboleznovaniya-v-svyazi-so-smertyu-fotozhurnalista-pesova-536151.html
KR,2024-12-29,"Egypt , Sudan discuss water security , support for Somalia",,aa.com.tr,https://www.aa.com.tr/en/middle-east/egypt-sudan-discuss-water-security-support-for-somalia/3437298
KR,2024-12-29,PPQ - Nachrichten aus dem Notstandsgebiet - Angst Politik Kultur und Fröhlichkeit,,politplatschquatsch.com,https://www.politplatschquatsch.com/2024/12/messias-des-jahres-madam-ex-president.html
KR,2024-12-29,Biden still regrets dropping out of 2024 race and believes he could have beaten Trump,,independent.co.uk,https://www.independent.co.uk/news/world/americas/us-politics/biden-trump-us-elections-2024-merrick-garland-b2671126.html
KR,2024-12-29,Σ . Λαβρόφ : Η Ρωσία θα εγκαταλείψει το μορατόριουμ ανάπτυξης πυραύλων μικρού και μέσου βεληνεκούς,,kathimerini.gr,https://www.kathimerini.gr/world/563396005/s-lavrof-i-rosia-tha-egkataleipsei-to-moratorioym-anaptyxis-pyraylon-mikroy-kai-mesoy-velinekoys/
KR,2024-12-29,Samo dvoje od 181 putnika preživjelo zrakoplovnu nesreću u Južnoj Koreji,,glasistre.hr,https://www.glasistre.hr/svijet/2024/12/29/samo-dvoje-od-181-putnika-prezivjelo-zrakoplovnu-nesrecu-u-juznoj-koreji-974983
KR,2024-12-29,Полпред Жога поздравил сотрудников « Уральских авиалиний » с Новым годом,,ura.news,https://ura.news/news/1052862716
KR,2024-12-29,12月29日晚间央视新闻联播要闻集锦 _ 东方财富网,,finance.eastmoney.com,https://finance.eastmoney.com/a/202412293281945538.html
KR,2024-12-29,Sarayören beyaza büründü,,malatyaguncel.com,https://www.malatyaguncel.com/sarayoren-beyaza-burundu-2683758h.htm
KR,2024-12-29,Moment Jeju Air plane skids along South Korea runway before crash | News,,independent.co.uk,https://www.independent.co.uk/tv/news/south-korea-jeju-air-crash-b2671085.html
KR,2024-12-29,"Israel exploiting international failure to continue genocide , deportation in Gaza : Palestine",,aa.com.tr,https://www.aa.com.tr/en/middle-east/israel-exploiting-international-failure-to-continue-genocide-deportation-in-gaza-palestine/3437033
KR,2024-12-29,Український Щедрик - Як хор Songs for Ukraine популяризує Україну у Великій Британії - новини України,,zn.ua,https://zn.ua/ukr/ART/identichnist-kriz-muziku-khor-shcho-vidkriv-britantsjam-spravzhnju-ukrajinu.html
KR,2024-12-29,"Woman Fakes Emergency To Test BF Commitment , Ends Up Regretting It",,boredpanda.com,https://www.boredpanda.com/calling-gf-mean-name-lying-test/?cexp_id=113468&cexp_var=81&_f=homepage_featured
KR,2024-12-29,Mueren 176 personas en accidente aéreo en Corea del Sur,,elnacional.com.do,https://elnacional.com.do/mueren-176-personas-en-accidente-aereo-en-corea-del-sur/
KR,2024-12-29,"Es falso el rumor de decomiso de autos regularizados – Periódico Zócalo | Noticias de Saltillo , Torreón , Piedras Negras , Monclova , Acuña",,zocalo.com.mx,https://www.zocalo.com.mx/es-falso-el-rumor-de-decomiso-de-autos-regularizados/
KR,2024-12-29,OPINION | Curtis Varnell : Hard to believe TV has only been around a couple of generations,,nwaonline.com,https://www.nwaonline.com/news/2024/dec/29/opinion-curtis-varnell-hard-to-believe-tv-has/
KR,2024-12-29,Taraftarlar çifte mutluluk yaşadı,,malatyaguncel.com,https://www.malatyaguncel.com/taraftarlar-cifte-mutluluk-yasadi-2683760h.htm
KR,2024-12-29,  No tenían ni idea de que se los estaban comprando al Mossad : exagentes israelíes revelan detalles de los sofisticados ataques con beepers que dejaron más de 40 muertos en Líbano – Noticias y Protagonistas,,noticiasyprotagonistas.com,https://noticiasyprotagonistas.com/actualidad/no-tenian-ni-idea-de-que-se-los-estaban-comprando-al-mossad-exagentes-israelies-revelan-detalles-de-los-sofisticados-ataques-con-beepers-que-dejaron-mas-de-40-muertos-en-libano/
KR,2024-12-29,Ο Ιλχάν Αλίεφ δήλωσε ότι το αεροσκάφος της Azerbaijan Airlines δέχθηκε πυρά από το έδαφος στην Ρωσία,,news.gr,https://www.news.gr/kosmos/article/3794828/o-ilchan-alief-dilose-oti-to-aeroskafos-tis-azerbaijan-airlines-dechthike-pira-apo-to-edafos-stin-rosia.html
KR,2024-12-29,Le Donne democratiche chiedono al Prefetto di mettere fine alle preghiere pro - vita al Policlinico,,zazoom.it,https://www.zazoom.it/2024-12-29/le-donne-democratiche-chiedono-al-prefetto-di-mettere-fine-alle-preghiere-pro-vita-al-policlinico/16084991/
KR,2024-12-29,What wrong with wanting grandchildren ? ,,christianpost.com,https://www.christianpost.com/voices/grandchildren-grandkids-family-generation-millennial.html
KR,2024-12-29,Funky Taurus Media - Music Photo Agency & Products - Funky Taurus & George Clinton - UFO Brooklyn,,funkytaurusmedia.com,https://www.funkytaurusmedia.com/product_info.php?info=p50_funky-taurus-----george-clinton-----ufo-brooklyn---------exclusiv.html&XTCsid=505c49026mua6ku9d6e4cqesi5
KR,2024-12-29,  My Girl  by The Temptations turns 60 : Otis Williams shares story behind hit song,,foxnews.com,https://www.foxnews.com/entertainment/temptations-founding-member-not-impressed-music-today
KR,2024-12-29,ভেজাল খেজুর গুড়ে সয়লাব গুরুদাসপুরের বাজার,,karatoa.com.bd,https://www.karatoa.com.bd/article/112457
KR,2024-12-29,"Iš praeities į ateitį : vietos , menančios „ Versalį , metamorfozės",,m.kauno.diena.lt,https://m.kauno.diena.lt/naujienos/kaunas/miesto-pulsas/praeities-i-ateiti-vietos-menancios-versali-metamorfozes-i-1201958
KR,2024-12-29,Churches fight to stay open as attendance dwindles,,abcnews.go.com,https://abcnews.go.com/US/story?id=116905100
KR,2024-12-29,大型逾40场 名单陆续增 2025年演唱会料进账2亿,,enanyang.my,https://www.enanyang.my/%E8%B4%A2%E7%BB%8F%E6%96%B0%E9%97%BB/%E5%A4%A7%E5%9E%8B%E9%80%BE40%E5%9C%BA-%E5%90%8D%E5%8D%95%E9%99%86%E7%BB%AD%E5%A2%9E-2025%E5%B9%B4%E6%BC%94%E5%94%B1%E4%BC%9A%E6%96%99%E8%BF%9B%E8%B4%A62%E4%BA%BF
KR,2024-12-29,"Corea : 176 fallecidos deja tragedia aérea , según balance oficial » Crónica Viva",,cronicaviva.com.pe,https://www.cronicaviva.com.pe/al-menos-176-fallecidos-deja-tragedia-aerea-en-corea-del-sur/
KR,2024-12-29,Amatör maçın bitiş düdüğüyle saha karıştı,,malatyaguncel.com,https://www.malatyaguncel.com/amator-macin-bitis-duduguyle-saha-karisti-2683741h.htm
KR,2024-12-29,Најмалку седум загинати при израелскиот напад врз Газа,,slobodnaevropa.mk,https://www.slobodnaevropa.mk/a/33257014.html
KR,2024-12-29,"She was set on fire and no one knows her name . How homelessness , crime and a broken immigration system met in a subway car",,aol.com,https://www.aol.com/she-set-fire-no-one-120630516.html
KR,2024-12-29,Тръмп реши за новия американски посланик ! Агреманът върви с  Приключвайте с Пеевски и прокситата му ! Готви се екстрадация ! - Би Нюз,,bnews.bg,https://bnews.bg/tramp-reshi-za-noviya-amerikanski-poslanik-agremanat-varvi-s-priklyuchvajte-s-peevski-i-proksitata-mu-gotvi-se-ekstradacziya/
KR,2024-12-29,Taiwan businessman Tsao accuses China of undermining island nation sovereignty,,aninews.in,https://aninews.in/news/world/asia/taiwan-businessman-tsao-accuses-china-of-undermining-island-nations-sovereignty20241229173033/
KR,2024-12-29,"Se reducen en 50 % los homicidios en PN – Periódico Zócalo | Noticias de Saltillo , Torreón , Piedras Negras , Monclova , Acuña",,zocalo.com.mx,https://www.zocalo.com.mx/se-reducen-en-50-los-homicidios-en-pn/
KR,2024-12-29,"A plane crashes and bursts into flames while landing in South Korea , killing 179",,richmond-news.com,https://www.richmond-news.com/world-news/a-plane-crashes-and-bursts-into-flames-while-landing-in-south-korea-killing-179-10010499
KR,2024-12-29,陕西周原遗址发现记载  秦人  二字甲骨,,zaobao.com.sg,https://www.zaobao.com.sg/realtime/china/story20241229-5660534
KR,2024-12-29,Kahramanmaraş  ta ağır hasarlı binaların yıkımı sürüyor - Kahramanmaraş Haberleri,,haberturk.com,https://www.haberturk.com/kahramanmaras-haberleri/36613010-kahramanmarasta-agir-hasarli-binalarin-yikimi-suruyor
KR,2024-12-29,2025 Chery Tiggo 4 Pro Ultimate review,,southcoastregister.com.au,https://www.southcoastregister.com.au/story/8856258/2025-chery-tiggo-4-pro-ultimate-review/?cs=34616
KR,2024-12-29,ข่าวนิด้าโพล ชี้ นายกฯ อิ๊งค์ คะแนนตก,,news.ch7.com,https://news.ch7.com/detail/775556
KR,2024-12-29,华光新材 ： 股东王晓蓉拟减持公司股份不超100万股 _ 东方财富网,,finance.eastmoney.com,https://finance.eastmoney.com/a/202412293281946724.html
KR,2024-12-29,各地重点工程项目加速推进 多领域建设全面推进 _ 新闻频道 _ 中华网,,news.china.com,https://news.china.com/socialgd/10000169/20241229/47804989.html
KR,2024-12-29,Un skieur décède après une chute à Moléson - sur - Gruyères ( FR ) ,,24heures.ch,https://www.24heures.ch/un-skieur-decede-apres-une-chute-a-moleson-sur-gruyeres-fr-464977343614
KR,2024-12-29,Gaucho narco entrerriano : elevan a juicio la compleja causa contra Leonardo Roberto Airaldi,,unosantafe.com.ar,https://www.unosantafe.com.ar/judiciales/gaucho-narco-entrerriano-elevan-juicio-la-compleja-causa-contra-leonardo-roberto-airaldi-n10171849.html
KR,2024-12-29,"From Panera Charged Lemonade to Fruit Stripe , here are 6 foods and drinks we lost in 2024",,erienewsnow.com,https://www.erienewsnow.com/story/52083296/from-paneras-charged-lemonade-to-fruit-stripe-here-are-6-foods-and-drinks-we-lost-in-2024
KR,2024-12-29,Война в Украине - в ГУР рассказали об уничтожении оборудования оккупантов в Донецкой области УНИАН,,unian.net,https://www.unian.net/war/voyna-v-ukraine-v-gur-rasskazali-ob-unichtozhenii-oborudovaniya-okkupantov-v-doneckoy-oblasti-12868461.html
KR,2024-12-29, _ 国星光电 ( 002449 ) 股吧 _ 东方财富网股吧,,guba.eastmoney.com,"http://guba.eastmoney.com/o/news,002449,1503419394.html"
KR,2024-12-29,First Farmers Financial Co . ( FFMR ) To Go Ex - Dividend on December 31st,,etfdailynews.com,https://www.etfdailynews.com/2024/12/29/first-farmers-financial-co-ffmr-to-go-ex-dividend-on-december-31st/
KR,2024-12-29,"MALORE PER UN 77ENNE SUL MONTE SAN MARTINO , IMMEDIATI I SOCCORSI – Lecco News – Quotidiano di Lecco – Notizie dellultima ora di Lecco , lago di Como , Resegone , Valsassina , Brianza . Eventi , traffico",,lecconews.news,https://www.lecconews.news/news/malore-per-un-77enne-sul-monte-san-martino-immediati-i-soccorsi-406236/
KR,2024-12-29,  黔岭歌飞  新年合唱音乐会在贵阳举行 - 新华网,,news.cn,http://www.news.cn/photo/20241229/ef7f04475b9c4719ba3ff1ea69a135c7/c.html
KR,2024-12-29,弄潮搏浪正当时 探寻县域经济的活力与韧性 - 新华网,,news.cn,http://www.news.cn/fortune/20241229/5491e4852878473383c373d28d9d12c6/c.html
KR,2024-12-29,Fugle og vejr er formentlig skyld i sydkoreansk flyulykke,,jyllands-posten.dk,https://jyllands-posten.dk/international/asien/ECE17768331/fugle-og-vejr-er-formentlig-skyld-i-sydkoreansk-flyulykke/?fp-exp=60740009&fp-alg=607400091
KR,2024-12-29,Yılbaşına günler kala satışlar patladı ! 350 - 400 liradan kapış kapış gidiyor,,turkiyegazetesi.com.tr,https://www.turkiyegazetesi.com.tr/yasam/yilbasina-gunler-kala-satislar-patladi-350-400-liradan-kapis-kapis-gidiyor-1083450
KR,2024-12-29,"Shah Rukh Khan Hides Face In Hoodie As Returns With Suhana , Agastya",,sangbadpratidin.in,https://www.sangbadpratidin.in/entertainment/cinema/shah-rukh-khan-hides-face-in-hoodie-as-returns-with-suhana-agastya/
KR,2024-12-29,喜讯 ！ 武汉三镇有望跟32岁的鲁能核心队长签订新约 ， 未来将挑大梁,,163.com,https://www.163.com/dy/article/JKJTS63S05568V3U.html
KR,2024-12-29,Críticas en Irán por el fracaso en Siria tras la caída de Assad,,elheraldo.hn,http://www.elheraldo.hn/new-york-times-international-weekly/criticas-en-iran-por-el-fracaso-en-siria-tras-la-caida-de-assad-JK23383758
KR,2024-12-29,  مصر تايمز  يكشف حقيقة تفاوض الأهلي مع محمود بنتايج,,elbrqnews.com,http://www.elbrqnews.com/New-News/64864.html
KR,2025-01-01,"El 2025 del Gobierno : Presupuestos en vilo , asedio judicial y reformas pendientes con una mayoría en duda",,laopiniondemalaga.es,https://www.laopiniondemalaga.es/nacional/2025/01/01/2025-gobierno-presupuestos-asedio-judicial-reformas-113046405.html
KR,2025-01-01,PT Pupuk Iskandar Muda Tutup Tahun 2024 dengan Prestasi dan Optimisme Menuju 2025,,layarberita.pikiran-rakyat.com,https://layarberita.pikiran-rakyat.com/aceh/pr-3558929812/pt-pupuk-iskandar-muda-tutup-tahun-2024-dengan-prestasi-dan-optimisme-menuju-2025
KR,2025-01-01,Dubai New Year Eve fireworks draw tourists who cant enjoy dazzling display back home,,khaleejtimes.com,https://www.khaleejtimes.com/uae/dubais-new-year-eve-fireworks-draw-tourists-who-cant-enjoy-dazzling-display-back-home
KR,2025-01-01,"Alegerile din Moldova și diaspora moldovenească , ținta narațiunilor pro - ruse promovate de media alternativă europeană",,news.yam.md,https://news.yam.md/ro/story/16095404
KR,2025-01-01,झड़प में पचास से अधिक महिलाएं घायल,,rashtriyakhabar.com,https://rashtriyakhabar.com/134576/
KR,2025-01-01,Въехал в толпу - автомобиль въехал в толпу и убил 10 человек УНИАН,,unian.net,https://www.unian.net/world/vehal-v-tolpu-avtomobil-vehal-v-tolpu-i-ubil-10-chelovek-12871068.html
KR,2025-01-01,World Sits On Razor Edge As Biden Quietly Caps Off His Final Year In Office,,dailycaller.com,https://dailycaller.com/2025/01/01/world-sits-on-razors-edge-as-biden-quietly-caps-off-his-final-year-in-office/
KR,2025-01-01,"LR3 « Klasika » 2025 . gadā : izmaiņas formātā , jauni raidījumi , divi rezidences mākslinieki un gatavošanās 30 . jubilejai",,lsm.lv,https://www.lsm.lv/raksts/kultura/kulturtelpa/01.01.2025-lr3-klasika-2025-gada-izmainas-formata-jauni-raidijumi-divi-rezidences-makslinieki-un-gatavosanas-30-jubilejai.a582002/
KR,2025-01-01,Молдавия намерена закупать электроэнергию у украинского  Энергоатома  ,,ria.ru,https://ria.ru/20250101/moldaviya-1992250168.html
KR,2025-01-01,Isla Dawn Facts and News Updates | One News Page,,onenewspage.com,https://www.onenewspage.com/current/gr3b6ms4j11/Isla-Dawn.htm
KR,2025-01-01,Nosferatu : Robert Eggers faz repaginao aterrorizante e sexy do vampiro de 1922 · Notícias da TV,,noticiasdatv.uol.com.br,https://noticiasdatv.uol.com.br/noticia/filmes-na-tv/nosferatu-robert-eggers-faz-repaginacao-aterrorizante-e-sexy-do-vampiro-de-1922-130148
KR,2025-01-01,FBI FINDS BOMB IN NEW ORLEANS AFTER BOURBON STREET ATTACK,,cedarnews.net,https://cedarnews.net/folders/newstasks/800727/fbi-finds-bomb-in-new-orleans-after-bourbon-street-attack/
KR,2025-01-01,Homem é flagrado com pedras de crack durante abordagem da PM - Alagoas 24 Horas : Líder em Notícias On - line de Alagoas,,alagoas24horas.com.br,https://www.alagoas24horas.com.br/1642375/homem-e-flagrado-com-pedras-de-crack-durante-abordagem-da-pm/
KR,2025-01-01,Os desafios do novo prefeito de Belém,,dol.com.br,https://dol.com.br/noticias/politica/888814/os-desafios-do-novo-prefeito-de-belem
KR,2025-01-01,Jovem é preso após bater em mulher e incitá - la ao suicídio - Alagoas 24 Horas : Líder em Notícias On - line de Alagoas,,alagoas24horas.com.br,https://www.alagoas24horas.com.br/1642427/jovem-e-preso-apos-bater-em-mulher-e-incita-la-ao-suicidio/
KR,2025-01-01,الأمريكيون يفحصون هواتفهم الذكية 205 مرات يومياً في عام 2024,,akhbarona.com,https://www.akhbarona.com/technology/398467.html
KR,2025-01-01,Иракскую пару судят в Германии за то что держали в рабстве девочек - езидок | MigNews - Новости Израиля и Мира на русском языкеMigNews,,mignews.com,https://mignews.com/news/politic/irakskaya-para-v-germanii-derzhala-v-rabstve-dvuh-devochek-ezidok.html
KR,2025-01-01,Lajme dhe personalitete - ja çfarë kërkuan më shumë njerëzit në mbarë botën në Google gjatë vitit 2024,,telegrafi.com,https://telegrafi.com/lajme-dhe-personalitete-ja-cfare-kerkuan-shume-njerezit-ne-mbare-boten-ne-google-gjate-vitit-2024/
KR,2025-01-01,Ukraine - Krieg im Liveticker : +++ 15 : 01 Tschechischer Außenminister : Russland für Neujahrsattacke zur Rechenschaft ziehen +++,,n-tv.de,https://www.n-tv.de/politik/15-01-Tschechischer-Aussenminister-Russland-fuer-Neujahrsattacke-zur-Rechenschaft-ziehen--article23143824.html
KR,2025-01-01,German government condemns New Year Eve violence after hundreds of arrests,,wimbledonguardian.co.uk,https://www.wimbledonguardian.co.uk/news/national/24827433.german-government-condemns-new-years-eve-violence-hundreds-arrests/
KR,2025-01-01,China efforts in desertification control reflect harmonious coexistence between humanity and nature,,globaltimes.cn,https://www.globaltimes.cn/page/202501/1326096.shtml
KR,2025-01-01,"Send Hindi News , Send News In Hindi - Amarujala . com",,amarujala.com,https://www.amarujala.com/tags/send?text=https:/www.amarujala.com/himachal-pradesh/massive-fire-in-himachal-pradesh-kullu-district-so-many-houses-burnt-to-ashes-2025-01-01
KR,2025-01-01,साल के प्रारंभ में भी अडाणी समूह को झटका,,rashtriyakhabar.com,https://rashtriyakhabar.com/134608/
KR,2025-01-01,"Carinhosa , amiga e amante da natureza : quem era a gerente contábil assassinada ao entrar por engano em comunidade do Rio | Sorocaba e Jundiaí",,g1.globo.com,https://g1.globo.com/sp/sorocaba-jundiai/noticia/2025/01/01/carinhosa-amiga-e-amante-da-natureza-quem-era-a-gerente-contabil-assassinada-ao-entrar-por-engano-em-comunidade-do-rio.ghtml
KR,2025-01-01,ВЗГЛЯД / Роспотребнадзор предупредил о тяжелых последствиях доминирующего штамма гриппа :: Новости дня,,vz.ru,https://vz.ru/news/2025/1/1/1306649.html
KR,2025-01-01,Polar plunge events raise money for charity across the Hudson Valley,,westchester.news12.com,https://westchester.news12.com/polar-plunge-events-raise-money-for-charity-across-the-hudson-valley
KR,2025-01-01,Dunajski filharmoniki na novega leta dan zadnjič pod taktirko temperamentnega Riccarda Mutija,,rtvslo.si,https://www.rtvslo.si/kultura/glasba/dunajski-filharmoniki-na-novega-leta-dan-zadnjic-pod-taktirko-temperamentnega-riccarda-mutija/732078
KR,2025-01-01,Wie Prinzessin Diana : Hier bricht Prinzessin Charlotte das royale Protokoll,,costanachrichten.com,http://www.costanachrichten.com/boulevard/wie-prinzessin-diana-hier-bricht-prinzessin-charlotte-das-royale-protokoll-agentur-zr-93493501.html
KR,2025-01-01,"בדיון הסוער על אנטישימיות בגרמניה , היהודים הם רק כלי במאבק גדול יותר",,haaretz.co.il,https://www.haaretz.co.il/magazine/the-edge/2025-01-01/ty-article/.highlight/00000194-2202-d973-a796-3b532fed0000
KR,2025-01-01,Süper Ligde 18 . haftanın hakemleri belli oldu - Fanatik Gazetesi Süper Lig Haberleri,,fanatik.com.tr,https://www.fanatik.com.tr/futbol/super-ligde-18-haftanin-hakemleri-belli-oldu-2568388
KR,2025-01-01,魚夫曾任駐嘉市作家 採訪西市場行銷嘉市,,art.ltn.com.tw,https://art.ltn.com.tw/article/breakingnews/4910726
KR,2025-01-01,The 6 mouth - watering trends coming to your restaurant table in 2025,,dailybreeze.com,https://www.dailybreeze.com/2025/01/01/the-6-mouth-watering-trends-coming-to-your-restaurant-table-in-2025/
KR,2025-01-01,Primeiro bebê nascido na rede pública da Bahia em 2025 é um menino | Bahia,,g1.globo.com,https://g1.globo.com/ba/bahia/noticia/2025/01/01/primeiro-bebe-nascido-na-rede-publica-da-bahia-em-2025-e-um-menino.ghtml
KR,2025-01-01,Así fue la boda secreta de Fran Perea y Luz Valdenebro,,telecinco.es,https://www.telecinco.es/famosos/20250101/fran-perea-boda-secreta-luz-valdenebro_18_014255823.html
KR,2025-01-01,Energocom : Necesarul de energie electrică pentru 2 ianuarie e acoperit,,news.yam.md,https://news.yam.md/ro/story/16095447
KR,2025-01-01,Castilla - La Mancha dispondrá de su registro de investigadores | Noticias La Tribuna de Toledo,,latribunadetoledo.es,https://www.latribunadetoledo.es/noticia/z4eb5dcf3-f375-8669-9e4b52e39aa6acf6/202501/castilla-la-mancha-dispondra-de-su-registro-de-investigadores
KR,2025-01-01,KUOW - Here how TikTok creators are preparing for a TikTok ban,,kuow.org,https://www.kuow.org:443/stories/here-s-how-tiktok-creators-are-preparing-for-a-tiktok-ban
KR,2025-01-01,专家 ： 对2025年楼市有信心 止跌回稳趋势明显 _ 新闻频道 _ 中华网,,news.china.com,https://news.china.com/socialgd/10000169/20250101/47816589.html
KR,2025-01-01,Dupla é presa suspeita de matar homem no interior da Bahia ; um dos suspeitos disse que vítima flertou com companheiras deles | Bahia,,g1.globo.com,https://g1.globo.com/ba/bahia/noticia/2025/01/01/dupla-e-presa-suspeita-de-matar-homem-no-interior-da-bahia-um-dos-suspeitos-disse-que-vitima-flertou-com-companheiras-deles.ghtml
KR,2025-01-01,Ruim veertig dappere duikers trotseren de kou tijdens Nieuwjaarsduik in Nieuw - Lekkerland,,hetkontakt.nl,https://www.hetkontakt.nl/alblasserwaard/nieuws/411054/ruim-veertig-dappere-duikers-trotseren-de-kou-tijdens-nieuwja
KR,2025-01-01,Military Book Review We Shall Conquer or Die : Partisan Warfare in 1862 Western Kentucky,,strategypage.com,http://www.strategypage.com/bookreviews/2655
KR,2025-01-01,Number of migrants arriving in united kingdom after crossing Channel up 25 % in 2024,,wimbledonguardian.co.uk,https://www.wimbledonguardian.co.uk/news/national/24827008.number-migrants-arriving-uk-crossing-channel-25-2024/
KR,2025-01-01,Bayraktar : Fatih keşif amaçlı bir çalışmaya başlayacak,,ntv.com.tr,"https://www.ntv.com.tr/turkiye/bayraktar-fatih-kesif-amacli-bir-calismaya-baslayacak,e2ENg48Mkk60GI323rtDhg"
KR,2025-01-01,Here how TikTok creators are preparing for a TikTok ban,,kedm.org,https://www.kedm.org/2025-01-01/heres-how-tiktok-creators-are-preparing-for-a-tiktok-ban
KR,2025-01-01,SZON - Így jött létre a Tisza Párt és a régi baloldal nagykoalíciója,,szon.hu,https://www.szon.hu/orszag-vilag/2025/01/tisza-part-demokratikus-koalicio-fovarosi-kozgyules-baloldal-nagykoalicio
KR,2025-01-01,Number of migrants arriving in united kingdom after crossing Channel up 25 % in 2024,,denbighshirefreepress.co.uk,https://www.denbighshirefreepress.co.uk/news/national/24827008.number-migrants-arriving-uk-crossing-channel-25-2024/
KR,2025-01-01,رغم عرض باريس الخيالي| ليفربول واثق من التجديد لصلاح,,akhbarelyom.com,https://akhbarelyom.com/news/newdetails/4522821/1/%D8%B1%D8%BA%D9%85-%D8%B9%D8%B1%D8%B6-%D8%A8%D8%A7%D8%B1%D9%8A%D8%B3-%D8%A7%D9%84%D8%AE%D9%8A%D8%A7%D9%84%D9%8A-%D9%84%D9%8A%D9%81%D8%B1%D8%A8%D9%88%D9%84-%D9%88%D8%A7%D8%AB%D9%82-%D9%85%D9%86-%D8%A7%D9%84
KR,2025-01-01,Dallas Cowboys CB group has become a position of need in 2025 offseason,,bloggingtheboys.com,https://www.bloggingtheboys.com/2025/1/1/24332853/dallas-cowboys-cornerback-big-need-2025-offseason-trevon-diggs-daron-bland-jourdan-lewis-josh-butler
KR,2025-01-01,ABDde havai fişek deposunda patlama ! Çok sayıda yaralı var,,turkiyegazetesi.com.tr,https://www.turkiyegazetesi.com.tr/dunya/abdde-havai-fisek-deposunda-patlama-cok-sayida-yarali-var-1084152
KR,2025-01-01,Trendyol Süper Lig 18 . hafta maçlarını yönetecek hakemler açıklandı ! ,,turkiyegazetesi.com.tr,https://www.turkiyegazetesi.com.tr/spor/trendyol-super-lig-18-hafta-maclarini-yonetecek-hakemler-aciklandi-1084160
KR,2025-01-01,German government condemns New Year Eve violence after hundreds of arrests,,theboltonnews.co.uk,https://www.theboltonnews.co.uk/news/national/24827433.german-government-condemns-new-years-eve-violence-hundreds-arrests/
KR,2025-01-01,SZOLJON - Így jött létre a Tisza Párt és a régi baloldal nagykoalíciója,,szoljon.hu,https://www.szoljon.hu/orszag-vilag/2025/01/tisza-part-demokratikus-koalicio-fovarosi-kozgyules-baloldal-nagykoalicio
KR,2025-01-01,Number of migrants arriving in united kingdom after crossing Channel up 25 % in 2024,,theboltonnews.co.uk,https://www.theboltonnews.co.uk/news/national/24827008.number-migrants-arriving-uk-crossing-channel-25-2024/
KR,2025-01-01,"Edeka - Erweiterung in Jever : Post zieht um , Bäckerei öffnet im März wieder - Baufortschritt und Neueröffnungen",,nwzonline.de,"https://www.nwzonline.de/friesland/edeka-erweiterung-in-jever-post-zieht-um-baeckerei-oeffnet-im-maerz-wieder-baufortschritt-und-neueroeffnungen_a_4,1,3583216629.html"
KR,2025-01-01,Dàn diễn viên tai tiếng của  Squid Game  ,,kenh14.vn,https://kenh14.vn/dan-dien-vien-tai-tieng-cua-squid-game-215250101182911661.chn
KR,2025-01-01,Long Island Press seeking interns for 2025,,longislandpress.com,https://www.longislandpress.com/2025/01/01/long-island-press-seeks-interns/
KR,2025-01-01,Crash aérien : Séoul envoie aux États - Unis une boîte noire,,24heures.ch,https://www.24heures.ch/crash-aerien-seoul-envoie-aux-etats-unis-une-boite-noire-235133853638
KR,2025-01-01,اختتام المرحلة الرابعة من مشروع  مخبز الأمل  الخيري,,cedarnews.net,https://cedarnews.net/folders/lebanon/800623/%D9%85%D8%AE%D8%A8%D8%B2-%D8%A7%D9%84%D8%A3%D9%85%D9%84/
KR,2025-01-01,New Year Eve : The world begins welcoming 2025,,niagarafallsreview.ca,https://www.niagarafallsreview.ca/news/world/the-world-welcomes-2025-with-light-shows-embraces-and-ice-plunges/article_4435b169-290c-59b7-a5fe-938839439392.html
KR,2025-01-01,Herald most - read stories of 2024 : Gary Przekwa big elk tops the list ; see others that finished in Top 10 - Grand Forks Herald,,grandforksherald.com,https://www.grandforksherald.com/news/heralds-most-read-stories-of-2024-gary-przekwas-big-elk-tops-the-list-see-others-that-finished-in-top-10
KR,2025-01-01,"Send Hindi News , Send News In Hindi - Amarujala . com",,amarujala.com,https://www.amarujala.com/tags/send?text=https:/www.amarujala.com/himachal-pradesh/chamba-new-year-party-tussle-hotel-manager-death-in-dalhousie-baniket-two-police-personnel-arrested-2025-01-01
KR,2025-01-01,10 frases de la IA para mandar por WhatsApp al comienzo de 2025,,lt10.com.ar,https://www.lt10.com.ar/noticia/453821--10-frases-de-la-ia-para-mandar-por-whatsapp-al-comienzo-de-2025&seccion=tecnologia
KR,2025-01-01,WTT新加坡大满贯双打名单出炉 国乒组合揭晓 _ 新闻频道 _ 中华网,,news.china.com,https://news.china.com/socialgd/10000169/20250101/47816582.html
KR,2025-01-01,Resmi Gazetede yayımlandı ... Elektrik faturalarında yeni dönem başlıyor ! ,,wanhaber.com,https://www.wanhaber.com/resmi-gazetede-yayimlandi-elektrik-faturalarinda-yeni-donem-basliyor
KR,2025-01-01,Homem é preso após esfaquear mulher durante discussão - Alagoas 24 Horas : Líder em Notícias On - line de Alagoas,,alagoas24horas.com.br,https://www.alagoas24horas.com.br/1642377/homem-e-preso-apos-esfaquear-mulher-durante-discussao/
KR,2025-01-01,İstanbula 2025  in ilk karı bu ay geliyor ! Orhan Şen tarih verdi,,turkiyegazetesi.com.tr,https://www.turkiyegazetesi.com.tr/gundem/istanbula-2025in-ilk-kari-bu-ay-geliyor-orhan-sen-tarih-verdi-1084159
KR,2025-01-01,"Suspect dead after  intentionally  driving through crowd in New Orleans , killing 10",,wtoc.com,https://www.wtoc.com/2025/01/01/multiple-casualties-reported-after-vehicle-plows-through-crowd-new-orleans/
KR,2025-01-01,Pope speaks against abortion in New Year Day message,,queanbeyanage.com.au,https://www.queanbeyanage.com.au/story/8857799/pope-speaks-against-abortion-in-new-years-day-message/?cs=14264
KR,2025-01-01,América comienza el año con cambios a la tarde,,lt10.com.ar,https://www.lt10.com.ar/noticia/453823--america-comienza-el-ano-con-cambios-a-la-tarde-&seccion=espectaculos
KR,2025-01-01,Lanzarote consigue dos premios de la Asociación de Periodistas y Escritores del Vino,,lavozdelanzarote.com,https://www.lavozdelanzarote.com/ekonomus/gourmet/lanzarote-consigue-dos-premios-asociacion-periodistas-escritores-vino_231751_102.html
KR,2025-01-01,Pedro Vega y Silvia Rey ganan la San Silvestre toledana | Noticias La Tribuna de Toledo,,latribunadetoledo.es,https://www.latribunadetoledo.es/noticia/z4e91ff29-f4bb-ddf3-24f5bb86413f1285/202501/pedro-vega-y-silvia-rey-ganan-la-san-silvestre-toledana
KR,2025-01-01,Galaxy S25 price offers : Free Gemini Advanced subscription,,bgr.com,https://bgr.com/tech/galaxy-s25-price-hike-wont-matter-if-you-get-gemini-ai-free/
KR,2025-01-01,سرقة منزل في العقيبة - كسروان - Cedar News,,cedarnews.net,https://cedarnews.net/folders/lebanon/800642/%D8%B3%D8%B1%D9%82%D8%A9-%D9%85%D9%86%D8%B2%D9%84/
KR,2025-01-01,No . 1 story of 2024 : Baby Iris accused killer awaiting trial,,ncnewsonline.com,https://www.ncnewsonline.com/news/local_news/no-1-story-of-2024-baby-iris-accused-killer-awaiting-trial/article_d642bb38-b998-11ef-964f-53e9c667dcc8.html
KR,2025-01-01,"Healthy living , party unity , and  time to smell the rose : Congressional Republican New Year resolutions",,foxbangor.com,https://www.foxbangor.com/news/national/healthy-living-party-unity-and-time-to-smell-the-roses-congressional-republicans-new-years-resolutions/article_48df1042-aea0-50f9-b973-5a50538101f7.html
KR,2025-01-01,2024  te 200 liraya satılan hamsinin 2025 fiyatı görenleri hayrete düşürdü ! Kapış kapış satılıyor,,turkiyegazetesi.com.tr,https://www.turkiyegazetesi.com.tr/ekonomi/2024te-200-liraya-satilan-hamsinin-2025-fiyati-gorenleri-hayrete-dusurdu-kapis-kapis-satiliyor-1084151
KR,2025-01-01,Война в Украине - в ВСУ рассказали о тактике россиян возле Часового Яра УНИАН,,unian.net,https://www.unian.net/war/voyna-v-ukraine-v-vsu-rasskazali-o-taktike-rossiyan-vozle-chasovogo-yara-12871053.html
KR,2025-01-01,坦克500 Hi4 - Z上市 双电机混联架构亮相 _ 新闻频道 _ 中华网,,news.china.com,https://news.china.com/socialgd/10000169/20250101/47816586.html
KR,2025-01-01,לפיד על פרסום חדשות 13 :  ניסיון להכפיף את בתי המשפט לשלטון  ,,13tv.co.il,https://13tv.co.il/item/news/politics/politics/bpnbk-904401476/?pid=7&&cid=902992383
KR,2025-01-01,Alistamento militar feminino inicia nesta quarta - feira ( 1º ) ,,dol.com.br,https://dol.com.br/noticias/servico/888825/alistamento-militar-feminino-inicia-nesta-quarta-feira-1
KR,2025-01-01,bwin体育 - bwin必赢体育官网,,7pg.jose947.com,http://7pg.jose947.com/
KR,2025-01-01,"Joanna Piłat ze Ślubu od pierwszego wejrzenia 10 pokazała , jak kiedyś wyglądała",,tvn.pl,https://tvn.pl/programy/slub-od-pierwszego-wejrzenia/joanna-pilat-ze-slubu-od-pierwszego-wejrzenia-10-pokazala-jak-kiedys-wygladala-st8233964
KR,2025-01-01,Ten dead as man drives truck into New Year crowd in New Orleans,,foxbangor.com,https://www.foxbangor.com/news/national/ten-dead-as-man-drives-truck-into-new-year-crowd-in-new-orleans/article_f1fa4854-2e7d-5161-b300-4f70ef6f88cc.html
KR,2025-01-01,ВЗГЛЯД / Шеремет : Решение Украины прекратить транзит газа шокировало Евросоюз :: Новости дня,,vz.ru,https://vz.ru/news/2025/1/1/1306650.html
KR,2025-01-01,Compartimos un año lleno de logros de la comunidad de Diversidad,,cadena3.com,https://www.cadena3.com/noticia/micros-radio/compartimos-un-ano-lleno-de-logros-de-la-comunidad-de-diversidad_403579
KR,2025-01-01,Avião da Latam arremete devido às chuvas antes de pousar em Congonhas - Alagoas 24 Horas : Líder em Notícias On - line de Alagoas,,alagoas24horas.com.br,https://www.alagoas24horas.com.br/1642391/aviao-da-latam-arremete-devido-as-chuvas-antes-de-pousar-em-congonhas/
KR,2025-01-01,10 dead after car plows into a crowd in New Orleans,,cp24.com,https://www.cp24.com/news/2025/01/01/10-dead-30-injured-after-car-plows-into-a-crowd-in-new-orleans/
KR,2025-01-01,"Autoilija ajoi väkijoukkoon New Orleansissa uudenvuodenyönä , ainakin 10 kuollut",,kaleva.fi,https://www.kaleva.fi/autoilija-ajoi-vakijoukkoon-new-orleansissa-uudenv/11463566
KR,2025-01-01,Life Kit guide to a successful Dry January,,wysu.org,https://wysu.org/npr-national-news/2025-01-01/life-kits-guide-to-a-successful-dry-january
KR,2025-01-01,"এক্সে ইলন মাস্কের নাম পরিবর্তন , ব্যাপক জল্পনা",,mzamin.com,https://mzamin.com/news.php?news=142268
KR,2025-01-01,สาวดวงเฮง ! ซื้อหอยแครงกินฉลองปีใหม่ เจอ  มุก  ในตัวหอย เชื่อเป็นของมีค่า,,dailynews.co.th,https://www.dailynews.co.th/news/4247547/
KR,2025-01-01,German government condemns New Year Eve violence after hundreds of arrests,,surreycomet.co.uk,https://www.surreycomet.co.uk/news/national/24827433.german-government-condemns-new-years-eve-violence-hundreds-arrests/
KR,2025-01-01,Latest Australian novels and celebrity memoirs to explore | The Queanbeyan Age,,queanbeyanage.com.au,https://www.queanbeyanage.com.au/story/8851502/latest-australian-novels-and-celebrity-memoirs-to-explore/?cs=2775
KR,2025-01-01,Evi yanan kadına destek Erzincan Valiliğinden geldi,,malatyaguncel.com,https://www.malatyaguncel.com/evi-yanan-kadina-destek-erzincan-valiliginden-geldi-2685783h.htm
KR,2025-01-01,"TV YAYIN AKIŞI LİSTESİ 1 OCAK 2025 : Bugün televizyonda neler var ? 1 Ocak Çarşamba Show TV , ATV , Kanal D , Star TV , TV8 , TRT 1 , Now TV yayın akışı listesi",,haberturk.com,https://www.haberturk.com/tv-yayin-akisi-listesi-1-ocak-2025-bugun-televizyonda-neler-var-1-ocak-carsamba-show-tv-atv-kanal-d-star-tv-tv8-trt-1-now-tv-yayin-akisi-listesi-3752138
KR,2025-01-01,ما أضرار الألعاب النارية الاحتفالية ؟ ,,cedarnews.net,https://cedarnews.net/folders/bbc/800637/%D9%85%D8%A7-%D8%A3%D8%B6%D8%B1%D8%A7%D8%B1-%D8%A7%D9%84%D8%A3%D9%84%D8%B9%D8%A7%D8%A8-%D8%A7%D9%84%D9%86%D8%A7%D8%B1%D9%8A%D8%A9-%D8%A7%D9%84%D8%A7%D8%AD%D8%AA%D9%81%D8%A7%D9%84%D9%8A%D8%A9%D8%9F/
KR,2025-01-01,"10 Killed , at Least 30 Injured in Terror Attack on Bourbon Street",,hotspotatl.com,https://hotspotatl.com/5780458/news-years-attack-new-orleans-bourbon-street/
KR,2025-01-01,Feyyaz Uçardan açıklama geldi !  Beşiktaş  ın yanındayım  - Fanatik Gazetesi Beşiktaş ( BJK ) Haberleri,,fanatik.com.tr,https://www.fanatik.com.tr/besiktas/feyyaz-ucardan-aciklama-geldi-besiktasin-yanindayim-2568383
KR,2025-01-01,Endgame by Sarah Barrie : thrilling sneak peek at new crime novel . | Yass Tribune,,yasstribune.com.au,https://www.yasstribune.com.au/story/8855253/endgame-by-sarah-barrie-thrilling-sneak-peek-at-new-crime-novel/?cs=2732
KR,2025-01-01,Seat squatting on flight in New Year riles up passengers :  Couldnt believe  it,,foxbangor.com,https://www.foxbangor.com/news/national/seat-squatting-on-flight-in-new-year-riles-up-passengers-couldnt-believe-it/article_c954ad93-4652-5b22-b060-218a757ca34a.html
KR,2025-01-01,Kaçak kazı yaparken orman yakan sanıkların 18 yıla kadar hapsi istendi,,ogunhaber.com,https://www.ogunhaber.com/genel/kacak-kazi-yaparken-orman-yakan-saniklarin-18-yila-kadar-hapsi-istendi-2888119h.html
KR,2025-01-01,Asal Usul Nama Ragunan dan Pangeran Wiraguna dari Banten,,magentatoday.id,https://magentatoday.id/posts/501325/asal-usul-nama-ragunan-dan-pangeran-wiraguna-dari-banten
KR,2025-01-01,"Марияна с нова авторска песен за ЧНГ - народната „ Стана Георги  - Култура - Новините - от България и света , бизнес , анализи , политика",,novinite.bg,https://www.novinite.bg/articles/262267/mariyana-s-nova-avtorska-pesen-za-chng-narodnata-stana-georgi
KR,2025-01-01,BEOL - Szofi az idei év első Gyulán született kisbabája,,beol.hu,https://www.beol.hu/helyi-kozelet/2025/01/elso-gyulan-szuletett-kisbaba-szofi
KR,2025-01-01,"Truck drives into New Orleans crowd , killing 10 : police",,yasstribune.com.au,https://www.yasstribune.com.au/story/8857795/truck-drives-into-new-orleans-crowd-killing-10-police/?cs=14264
KR,2025-01-01,景甜  尔滨分甜 ， 陈伟霆  尔滨分霆 ， 火了 ！ ,,xxcb.cn,https://www.xxcb.cn/details/2q8biSYgB67752e0984201707911d84c8.html
KR,2025-01-01,"Fabrizio Curcio nuovo commissario per le alluvioni in Emilia - Romagna , la dichiarazione del sindaco Matteo Lepore",,sassuolo2000.it,https://www.sassuolo2000.it/2025/01/01/fabrizio-curcio-nuovo-commissario-per-le-alluvioni-in-emilia-romagna-la-dichiarazione-del-sindaco-matteo-lepore/
KR,2025-01-01,"10 dead , 35 injured as suspect intentionally slams pickup truck into New Year Bourbon Street crowd",,ksla.com,https://www.ksla.com/2025/01/01/10-dead-35-injured-suspect-intentionally-slams-pickup-truck-into-new-years-bourbon-street-crowd/
KR,2025-01-01,두 누이 잃고  44번 텐트  서 눈물 편지 … 춥지만 발 뗄 수 없네요  ,,hani.co.kr,https://www.hani.co.kr/arti/area/honam/1175905.html
KR,2025-01-01,心碎 ！ 加沙流离失所者寒冬中接连丧子 ， 双胞胎因低温在两天内相继离世,,xxcb.cn,https://www.xxcb.cn/details/2q8biSYgB67752a3184201709ce221168.html
KR,2025-01-01,Law enforcement officials tell the AP that the suspect in the New Orleans crash is dead,,westchester.news12.com,https://westchester.news12.com/driver-hell-bent-on-carnage-kills-10-injures-30-on-new-years-day-in-new-orleans
KR,2025-01-01,Gazprom detiene los flujos de gas a Europa | Noticias La Tribuna de Toledo,,latribunadetoledo.es,https://www.latribunadetoledo.es/noticia/z4db67220-f6bc-4761-a9d2cf8e61e2fb09/202501/gazprom-detiene-los-flujos-de-gas-a-europa
KR,2025-01-01,Beware Idaho Republicans Promising a Free Lunch,,newsradio1310.com,https://newsradio1310.com/beware-idaho-republicans-promising-a-free-lunch/
KR,2025-01-01,Justin Baldoni Sues New York Times For Libel After Bombshell Blake Lively Report,,screenrant.com,https://screenrant.com/justin-baldoni-sues-new-york-times-blake-lively-allegations-report/
KR,2025-01-01,沉迷  0糖  饮食的年轻人 ， 交了多少智商税 ？_ 凤凰网,,news.ifeng.com,https://news.ifeng.com/c/8fnRv7H3Mef
KR,2025-01-01,"Srna | ПОГИНУЛО НАЈМАЊЕ 10 ЉУДИ , 30 ПОВРИЈЕЂЕНИХ",,srna.rs,"https://www.srna.rs/novost/1265318/poginulo-najmanje-10-ljudi,-30-povrijedjenih"
KR,2025-01-01,世界日報,,worldnews.net.ph,https://worldnews.net.ph/post/190052
KR,2025-01-01,Iğdır haberleri Iğdırda bulundu tedaviye alındı : Dünyanın en büyükleri arasında,,haber7.com,https://www.haber7.com/igdir/3492712-igdirda-bulundu-tedaviye-alindi-dunyanin-en-buyukleri-arasinda
KR,2025-01-01,Read Chapter 1 of romcom novel Special Delivery by Leesa Ronald . | Yass Tribune,,yasstribune.com.au,https://www.yasstribune.com.au/story/8855240/read-chapter-1-of-romcom-novel-special-delivery-by-leesa-ronald/?cs=2732
KR,2025-01-01,Minnesota Timberwolves : Canis Hoopus 2025 Resolutions Roundtable,,canishoopus.com,https://www.canishoopus.com/2025/1/1/24330353/minnesota-timberwolves-anthony-edwards-chris-finch-julius-randle-rob-dillingham-resolutions-2025
KR,2025-01-01,У Торецьку знищено БМП - 2 і російських солдатів - 01 січня 2025 :: Новости Донбасса,,novosti.dn.ua,https://novosti.dn.ua/news/388274-u-toretsku-pid-chas-shturmu-znyshheno-bmp-2-ta-rosijskyh-soldativ
KR,2025-01-01,Presidentti Stubb uudenvuodenpuheessaan : Rasismi ei ole suomalaisuutta,,karjalainen.fi,https://www.karjalainen.fi/uutissuomalainen/8180734
KR,2025-01-01,Zonguldakta öğretmenlerin bulduğu yaralı şahin tedaviye alındı,,yenicaggazetesi.com.tr,https://www.yenicaggazetesi.com.tr/zonguldakta-ogretmenlerin-buldugu-yarali-sahin-tedaviye-alindi-873988h.htm
KR,2025-01-01,Soții Haret : „ Stă în puterea noastră să facem din această lume un loc mai bun și mai luminos ! ,,news.yam.md,https://news.yam.md/ro/story/16095446
KR,2025-01-01,Elon Musk vaihtoi nimensä X : ssä Kekius Maximukseksi,,hs.fi,https://www.hs.fi/talous/art-2000010936053.html
KR,2025-01-01,How a duty to spend wisely on worker benefits could loosen PBM grip on drug prices – Boston Herald,,bostonherald.com,https://www.bostonherald.com/2025/01/01/how-a-duty-to-spend-wisely-on-worker-benefits-could-loosen-pbms-grip-on-drug-prices/
KR,2025-01-01,How does lawmaking work in North Dakota ? ,,grandforksherald.com,https://www.grandforksherald.com/news/north-dakota/how-does-lawmaking-work-in-north-dakota
KR,2025-01-01,Silvio Mendes toma posse como prefeito de Teresina nesta quarta ( 1º ); veja a programao,,jornalfloripa.com.br,https://jornalfloripa.com.br/noticia/86119
KR,2025-01-01,因何 ？ 如何 ？ 奈何 ？ 说说国乒奥运冠军退出世界排名这件事,,news.ifeng.com,https://news.ifeng.com/c/8fnSxI3raaR
KR,2025-01-01,Las lluvias fueron dispares en Córdoba : todo lo que dejó el paso de la tormenta,,cadena3.com,https://www.cadena3.com/noticia/siempre-juntos/las-lluvias-fueron-dispares-en-cordoba-todo-lo-que-dejo-el-paso-de-la-tormenta_403801
KR,2025-01-01,赵露思长文回应病情 ， 多方发声,,news.ifeng.com,https://news.ifeng.com/c/8fnMzBB89w8
KR,2025-01-01,New Orleans mayor says New Year Day mass casualty incident was a terrorist attack,,cedarnews.net,https://cedarnews.net/folders/newstasks/800730/new-orleans-mayor-says-new-years-day-mass-casualty-incident-was-a-terrorist-attack/
KR,2025-01-01,El acoso sexual en Hollywood : realidad diaria,,eluniverso.com,https://www.eluniverso.com/opinion/cartas-al-director/el-acoso-sexual-en-hollywood-realidad-diaria-nota/
KR,2025-01-01,Milionerzy odc . 703 . Jaką budowlę najbardziej przypomina grafika z flagi UNESCO ? ,,tvn.pl,https://tvn.pl/programy/milionerzy/milionerzy-odc-703-jaka-budowle-najbardziej-przypomina-grafika-z-flagi-unesco-st8234108
KR,2025-01-01,Дали 2025 ќе биде година на лажен оптимизам ? – DW – 1 . 01 . 2025,,dw.com,https://www.dw.com/mk/dali-2025-ke-bide-godina-na-lazen-optimizam/a-71196635
KR,2025-01-01,Number of migrants arriving in united kingdom after crossing Channel up 25 % in 2024,,surreycomet.co.uk,https://www.surreycomet.co.uk/news/national/24827008.number-migrants-arriving-uk-crossing-channel-25-2024/
KR,2025-01-01,NEW ORLEANS ATTACK UPDATE : Photo of the white truck used in the attack killing 12,,cedarnews.net,https://cedarnews.net/folders/newstasks/800724/new-orleans-attack-update-photo-of-the-white-truck-used-in-the-attack-killing-12/
KR,2025-01-01,"Jadwal Acara RTV Rabu 1 Januari 2025 simak Boboiboy , Check Informasi , Si Paling Trending , Mechamato , Terkepo",,bagikanberita.pikiran-rakyat.com,https://bagikanberita.pikiran-rakyat.com/hiburan/pr-688929816/jadwal-acara-rtv-rabu-1-januari-2025-simak-boboiboy-check-informasi-si-paling-trending-mechamato-terkepo
KR,2025-01-01,DELMAGYAR - Schengeni csatlakozás : ünnepélyesen megnyitották a magyar - román határt,,delmagyar.hu,https://www.delmagyar.hu/helyi-kek-hirek/2025/01/magyar-roman-hatar-scehngen
KR,2025-01-01,Courtois detona calendário e pede fim do argumento  vocês ganham muito  - Alagoas 24 Horas : Líder em Notícias On - line de Alagoas,,alagoas24horas.com.br,https://www.alagoas24horas.com.br/1642405/courtois-detona-calendario-e-pede-fim-do-argumento-voces-ganham-muito/
KR,2025-01-01,Ultimele ştiri din Moldova,,news.yam.md,https://news.yam.md/ro/subjects/16094032
KR,2025-01-01,Kerajaan laksana tempoh percubaan kod QR di KLIA,,sinarharian.com.my,https://www.sinarharian.com.my/article/704955/berita/nasional/kerajaan-laksana-tempoh-percubaan-kod-qr-di-klia
KR,2025-01-01,The Biggest Exhibitions To See In London This Winter,,londonist.com,https://londonist.com/london/museums-and-galleries/the-biggest-exhibitions-to-see-in-london-this-winter
KR,2025-01-01,Yılın İlk Aşk Haberi Beklemediğimiz Yerden Geldi : Bakın Bülent Şakrak Bu Sefer Gönlünü Kime Kaptırmış ? ,,onedio.com,http://onedio.com/haber/yilin-ilk-ask-haberi-beklemedigimiz-yerden-geldi-bakin-bulent-sakrak-bu-sefer-gonlunu-kime-kaptirmis-1267546
KR,2025-01-01,Otomobilin çarptığı motosiklet sürücüsü hayatını kaybetti,,ogunhaber.com,https://www.ogunhaber.com/asayis/otomobilin-carptigi-motosiklet-surucusu-hayatini-kaybetti-3-2888105h.html
KR,2025-01-01,Lo que dijo el presidente Gustavo Petro en su última alocución del 2024,,vanguardia.com,https://www.vanguardia.com/colombia/2025/01/01/lo-que-dijo-el-presidente-gustavo-petro-en-su-ultima-alocucion-del-2024/
KR,2025-01-01,Сильнейший порыв ветра перевернул вертолет Ясур | MigNews - Новости Израиля и Мира на русском языкеMigNews,,mignews.com,https://mignews.com/news/disasters/silnejshij-poryv-vetra-perevernul-vertolet-yasur.html
KR,2025-01-01,10 frases de la IA para mandar por WhatsApp al comienzo de 2025,,lt10.com.ar,https://www.lt10.com.ar/noticia/453821--10-frases-de-la-ia-para-mandar-por-whatsapp-al-comienzo-de-2025
KR,2025-01-01,DELMAGYAR - Így jött létre a Tisza Párt és a régi baloldal nagykoalíciója,,delmagyar.hu,https://www.delmagyar.hu/orszag-vilag/2025/01/tisza-part-demokratikus-koalicio-fovarosi-kozgyules-baloldal-nagykoalicio
KR,2025-01-01,"PRO TV , lider de audiență în noaptea de Revelion . A bătut Antena 1",,capital.ro,https://www.capital.ro/pro-tv-lider-de-audienta-in-noaptea-de-revelion-a-batut-antena-1-pentru-al-doilea-an-consecutiv.html
KR,2025-01-01,Vučić sutra sa Amerikancima o energetici i o NIS - u : Ima poruku i za  centre moći  ,,naslovi.net,https://naslovi.net/2025-01-01/radio-021/vucic-sutra-sa-amerikancima-o-energetici-i-o-nis-u-ima-poruku-i-za-centre-moci/38674210
KR,2025-01-01,साल के अंतिम दिन जीनत को सिमलीपाल भेजा गया,,rashtriyakhabar.com,https://rashtriyakhabar.com/134561/
KR,2025-01-01,周深高空秋千唱 《 雨蝶 》 音乐与极限的完美融合 _ 新闻频道 _ 中华网,,news.china.com,https://news.china.com/socialgd/10000169/20250101/47816585.html
KR,2025-01-01,2025 Range Rover Velar review,,queanbeyanage.com.au,https://www.queanbeyanage.com.au/story/8857797/2025-range-rover-velar-review/?cs=34616
KR,2025-01-01,Wendy Guevara aclara por qué no asistió a la boda de Julián Gil y Valeria Marín,,laverdadnoticias.com,https://laverdadnoticias.com/espectaculos/wendy-guevara-aclara-por-que-no-asistio-a-la-boda-de-julian-gil-y-valeria-marin-20250101
KR,2025-01-01,ЗС РФ втратили два вертольоти в Тарханкуті - 01 січня 2025 :: Новости Донбасса,,novosti.dn.ua,https://novosti.dn.ua/news/388272-zs-rf-vtratyly-dva-vertoloty-a-ne-odyn-zayava-voyenkoriv
KR,2025-01-01,هكذا سيكون طقس لبنان في بداية السنة الجديدة,,cedarnews.net,https://cedarnews.net/folders/sections/800650/%D8%B7%D9%82%D8%B3-%D9%84%D8%A8%D9%86%D8%A7%D9%86-15/
KR,2025-01-01,"Send Hindi News , Send News In Hindi - Amarujala . com",,amarujala.com,https://www.amarujala.com/tags/send?text=https:/www.amarujala.com/shimla/himachal-news-government-again-asked-for-reply-on-privilege-motion-against-secretariat-employees-2025-01-01
KR,2025-01-01,Togg satışları 50 bin barajına yaklaştı,,turkiyegazetesi.com.tr,https://www.turkiyegazetesi.com.tr/t-otomobil/togg-satislari-50-bin-barajina-yaklasti-1084149
KR,2025-01-01,"Putin ordena que governo russo e Sberbank desenvolvam cooperao em IA com a China , diz Tass",,noticias.uol.com.br,https://noticias.uol.com.br/ultimas-noticias/reuters/2025/01/01/putin-ordena-que-governo-russo-e-sberbank-desenvolvam-cooperacao-em-ia-com-a-china-diz-tass.htm
KR,2025-01-01,Life Kit guide to a successful Dry January,,krcu.org,https://www.krcu.org/2025-01-01/life-kits-guide-to-a-successful-dry-january
KR,2025-01-01,Inside Sophie - Ellis Bextor dramatic rise to pop stardom,,dailymail.co.uk,https://www.dailymail.co.uk/tvshowbiz/article-14241329/Inside-Sophie-Ellis-Bextors-dramatic-rise-pop-stardom-mid-life-career-renaissance-LGBTQ-icon-establishing-global-lockdowns-greatest-entertainer.html
KR,2025-01-01,Gazzede ateşkes beklenmiyor ! Trumptan yeni tehdit,,turkiyegazetesi.com.tr,https://www.turkiyegazetesi.com.tr/dunya/gazzede-ateskes-beklenmiyor-trumptan-yeni-tehdit-1084144
KR,2025-01-01,Here how TikTok creators are preparing for a TikTok ban,,wysu.org,https://wysu.org/npr-national-news/2025-01-01/heres-how-tiktok-creators-are-preparing-for-a-tiktok-ban
KR,2025-01-01,"Suspect dead after  intentionally  driving through crowd in New Orleans , killing 10",,westernmassnews.com,https://www.westernmassnews.com/2025/01/01/multiple-casualties-reported-after-vehicle-plows-through-crowd-new-orleans/
KR,2025-01-01,Life Kit guide to a successful Dry January,,mynspr.org,https://www.mynspr.org/2025-01-01/life-kits-guide-to-a-successful-dry-january
KR,2025-01-01,2025 Gas Price Forecast,,wtae.com,https://www.wtae.com/article/2025-gas-prices-expectations/63303630
KR,2025-01-01,"10 dead , 35 injured as suspect intentionally slams pickup truck into New Year Bourbon Street crowd",,wdam.com,https://www.wdam.com/2025/01/01/10-dead-35-injured-suspect-intentionally-slams-pickup-truck-into-new-years-bourbon-street-crowd/
KR,2025-01-01,PSD e Republicanos estão na base de quase 60 % dos prefeitos nas grandes cidades - Alagoas 24 Horas : Líder em Notícias On - line de Alagoas,,alagoas24horas.com.br,https://www.alagoas24horas.com.br/1642400/psd-e-republicanos-estao-na-base-de-quase-60-dos-prefeitos-nas-grandes-cidades/
KR,2025-01-01,"Salah , Neymar , Davies , De Bruyne ...: todos los futbolistas que ya son libres para negociar su futuro",,diariodeibiza.es,https://www.diariodeibiza.es/deportes/2025/01/01/salah-neymar-davies-bruyne-futbolistas-libres-113047688.html
KR,2025-01-01,BUNDESLIGADAN SÃœRPRİZ YILDIZ TRANSFERİ ! ðŸš¨ FENERBAHÃ ‡ E ... - Fanatik Gazetesi Fenerbahçe ( FB ) Haberleri Spor,,fanatik.com.tr,https://www.fanatik.com.tr/fenerbahce/live-transfer-haberleri-fenerbahceye-bundesligadan-surpriz-yildiz-transferde-sicak-saatler-2568352
KR,2025-01-01,New Orleans Bourbon Street attack,,wtae.com,https://www.wtae.com/article/new-orleans-french-quarter-bourbon-street/63315567
KR,2025-01-01,El nuevo CGPJ se encamina a otro bloqueo | Noticias La Tribuna de Toledo,,latribunadetoledo.es,https://www.latribunadetoledo.es/noticia/z52025b16-b713-8845-7cac773843da6217/202501/el-nuevo-cgpj-se-encamina-a-otro-bloqueo
KR,2025-01-01,安徽卫视国剧盛典 主持阵容大换血引发关注 _ 新闻频道 _ 中华网,,news.china.com,https://news.china.com/socialgd/10000169/20250101/47816591.html
KR,2025-01-01,"From pickle everything to rat cakes , expect these food trends in 2025",,stthomastimesjournal.com,https://www.stthomastimesjournal.com:443/life/food/food-trends-pinterest-predicts-2025
KR,2025-01-01,Які важливі дати будемо відзначати у січні 2025 року : календар свят,,kiev.vgorode.ua,https://kiev.vgorode.ua/ukr/news/sobytyia/a1271554-jaki-vazhlivi-dati-budemo-vidznachati-u-sichni-2025-roku-kalendar-svjat
KR,2025-01-01,"HOTELS EVACUATED : 12 dead , 26 injured on Bourbon Street in New Orleans - UPDATE",,cedarnews.net,https://cedarnews.net/folders/newstasks/800714/hotels-evacuated-12-dead-26-injured-on-bourbon-street-in-new-orleans-update/
KR,2025-01-01,غلط معلومات پھیلانے کا الزام ، ایرانی اور روسی اداروں پر پابندیاں عائد,,javedch.com,https://javedch.com/international/2025/01/01/1073086
KR,2025-01-01,Taxă nouă de la 1 ianuarie 2025 . Șoferii constănțeni vo,,cugetliber.ro,https://cugetliber.ro/stiri-social-taxa-noua-de-la-1-ianuarie-2025-soferii-constanteni-vor-scoate-mai-multi-bani-din-buzunar-519646
KR,2025-01-01,Endgame by Sarah Barrie : thrilling sneak peek at new crime novel . | Port Macquarie News,,portnews.com.au,https://www.portnews.com.au/story/8855253/endgame-by-sarah-barrie-thrilling-sneak-peek-at-new-crime-novel/?cs=2638
KR,2025-01-01,Preços . O sobe e desce esperado para 2025,,sol.sapo.pt,https://sol.sapo.pt/2025/01/01/precos-o-sobe-e-desce-esperado-para-2025/
KR,2025-01-01,PTC Network PTC Play App is Set to Telecast Gurbani in Full HD,,rashtranews.com,https://www.rashtranews.com/ptc-networks-ptc-play-app-is-set-to-telecast-gurbani-in-full-hd/
KR,2025-01-01,V New Orleansu voznik tovornjaka zapeljal v množico in ubil deset ljudi,,rtvslo.si,https://www.rtvslo.si/svet/s-in-j-amerika/v-new-orleansu-voznik-tovornjaka-zapeljal-v-mnozico-in-ubil-deset-ljudi/732123
KR,2025-01-01,Війська РФ обстріляли Херсон : загинув волонтер,,novosti.dn.ua,https://novosti.dn.ua/news/388270-vijska-rf-obstrilyaly-herson-zagynuv-volonter
KR,2025-01-01,"Галкин * показал , как весело они с Пугачёвой отметили Новый год",,pravda.ru,https://www.pravda.ru/news/showbiz/2156852-alla-pugacheva/
KR,2025-01-01,Путин поручил создать условия для обучения детей мигрантов,,ria.ru,https://ria.ru/20250101/putin-1992249952.html
KR,2025-01-01,有片∣東航國產C919首次執飛滬港定期航班,,hkcd.com,http://www.hkcd.com/hkcdweb/content/2025/01/01/content_8674425.html
KR,2025-01-01,BEOL - Halálos áldozatot követelt hazánkban a tűzijáték,,beol.hu,https://www.beol.hu/hazai-kek-hirek/2025/01/halalos-aldozatot-kovetelt-hazankban-a-tuzijatekozas
KR,2025-01-01,অ্যাঞ্জেলিনা জলি - ব্র্যাড পিট বিচ্ছেদের মীমাংসা,,mzamin.com,https://mzamin.com/news.php?news=142259
KR,2025-01-01,"Control suplimentar la hotar , după aderarea României la Schengen",,news.yam.md,https://news.yam.md/ro/story/16095459
KR,2025-01-01,สหรัฐจะพร้อมเมื่อไหร่ กับการมีผู้นำหญิงคนแรก ? ,,dailynews.co.th,https://www.dailynews.co.th/news/4247533/
KR,2025-01-01,"Wizkid , Burna Boy , others stun fans at 2025 Lagos Countdown National Accord Newspaper",,nationalaccordnewspaper.com,https://www.nationalaccordnewspaper.com/wizkid-burna-boy-others-stun-fans-at-2025-lagos-countdown/
KR,2025-01-01,"Penyakit Jantung Vs Gagal Jantung , Apa Bedanya ? ",,impresiupdate.id,https://impresiupdate.id/posts/501242/penyakit-jantung-vs-gagal-jantung-apa-bedanya-
KR,2025-01-01,Fotógrafo mineiro que desapareceu em Paris foi flagrado por câmera da cidade - Alagoas 24 Horas : Líder em Notícias On - line de Alagoas,,alagoas24horas.com.br,https://www.alagoas24horas.com.br/1642386/fotografo-mineiro-que-desapareceu-em-paris-foi-flagrado-por-camera-da-cidade/
KR,2025-01-01,عاجل : مقتل 10 أشخاص بعد أن اقتحمت سيارة حشدا كبيرا في نيو أورليانز,,cedarnews.net,https://cedarnews.net/folders/bbc/800739/%D8%B9%D8%A7%D8%AC%D9%84-%D9%85%D9%82%D8%AA%D9%84-10-%D8%A3%D8%B4%D8%AE%D8%A7%D8%B5-%D8%A8%D8%B9%D8%AF-%D8%A3%D9%86-%D8%A7%D9%82%D8%AA%D8%AD%D9%85%D8%AA-%D8%B3%D9%8A%D8%A7%D8%B1%D8%A9-%D8%AD%D8%B4/
KR,2025-01-01,Papež Frančišek : Naučimo se varovati dragoceni dar življenja,,rtvslo.si,https://www.rtvslo.si/svet/papez-francisek-naucimo-se-varovati-dragoceni-dar-zivljenja/732125
KR,2025-01-01,Flera skadade av fyrverkerier under stökig natt,,bohuslaningen.se,https://www.bohuslaningen.se/nyheter/sverige/flera-skadade-av-fyrverkerier-under-stokig-natt.43c45022-28a0-5284-b783-5b06878f2c37
KR,2025-01-01,هأرتس : أمل الإسرائيليين الوحيد يجب أن يكون إنهاء حرب غزة,,elaph.com,https://elaph.com/Web/News/2025/01/1557381.html
KR,2025-01-01,Beata Kozidrak przerwała milczenie . W samo południe 1 . 01 . odezwała się do fanów,,pomponik.pl,"https://www.pomponik.pl/porady-i-uroda/news-pilne-wiesci-o-kozidrak-dotarly-w-samo-poludnie-tego-nikt-si,nId,7884242"
KR,2025-01-01,Furgonetka wjechała w tłum . Kierowca wysiadł i zaczął strzelać . Nie żyje 10 osób,,wiadomosci.dziennik.pl,"https://wiadomosci.dziennik.pl/swiat/artykuly/9703979,furgonetka-wjechala-w-tlum-kierowca-wysiadl-i-zaczal-strzelac-nie-zy.html"
KR,2025-01-01,عاجل .. أول تعليق من رئيس الوزراء على الجمارك المفروضة على التليفونات القادمة من الخارج,,elbrqnews.com,http://www.elbrqnews.com/New-News/74162.html
KR,2025-01-01,مدبولي : مصر تستهدف إنتاج 100 ألف سيارة سنويًا,,akhbarelyom.com,https://akhbarelyom.com/news/newdetails/4522835/1/%D9%85%D8%AF%D8%A8%D9%88%D9%84%D9%8A-%D9%85%D8%B5%D8%B1-%D8%AA%D8%B3%D8%AA%D9%87%D8%AF%D9%81-%D8%A5%D9%86%D8%AA%D8%A7%D8%AC-100-%D8%A3%D9%84%D9%81-%D8%B3%D9%8A%D8%A7%D8%B1%D8%A9-%D8%B3%D9%86
KR,2025-01-01,"Salah , Neymar , Davies , De Bruyne ...: todos los futbolistas que ya son libres para negociar su futuro",,elperiodicodearagon.com,https://www.elperiodicodearagon.com/deportes/2025/01/01/salah-neymar-davies-bruyne-futbolistas-libres-113047692.html
KR,2025-01-01,Путин поручил увеличить число бюджетных мест в вузах для филологов,,ria.ru,https://ria.ru/20250101/putin-1992251307.html
KR,2025-01-01,"Primo discorso Capodanno del re di Danimarca , mondo è instabile - Notizie",,ansa.it,https://www.ansa.it/sito/notizie/mondo/2025/01/01/primo-discorso-capodanno-del-re-di-danimarca-mondo-e-instabile_a1025cab-fc09-486a-bcb9-639b2f7e59ac.html
KR,2025-01-01,Ágreiningur endaði með lífshættulegri hnífsstunguárás á Kjalarnesi,,dv.is,https://www.dv.is/frettir/2025/1/1/agreiningur-endadi-med-lifshaettulegri-hnifsstunguaras-kjalarnesi/
KR,2025-01-01,Nvidia RTX 5080 rumored to hit shelves on January 21,,tomshardware.com,https://www.tomshardware.com/pc-components/gpus/nvidia-rtx-5080-rumored-to-hit-shelves-on-january-21-expected-to-debut-at-ces-with-sales-embargo-reportedly-lifting-two-weeks-later
KR,2025-01-01,German government condemns New Year Eve violence after hundreds of arrests,,denbighshirefreepress.co.uk,https://www.denbighshirefreepress.co.uk/news/national/24827433.german-government-condemns-new-years-eve-violence-hundreds-arrests/
KR,2025-01-01,"Incêndio atinge casa na virada do ano e mobiliza bombeiros em São Sebastião , SP | Vale do Paraíba e Região",,g1.globo.com,https://g1.globo.com/sp/vale-do-paraiba-regiao/noticia/2025/01/01/incendio-atinge-casa-na-virada-do-ano-e-mobiliza-bombeiros-em-sao-sebastiao-sp.ghtml
KR,2025-01-01,Michael Moore podprl projekt Z ničelne točke :  Ti palestinski režiserji so ustvarili filmski čudež  ,,rtvslo.si,https://www.rtvslo.si/kultura/film-in-tv/michael-moore-podprl-projekt-z-nicelne-tocke-ti-palestinski-reziserji-so-ustvarili-filmski-cudez/732124
KR,2025-01-01,Latest Australian novels and celebrity memoirs to explore | Yass Tribune,,yasstribune.com.au,https://www.yasstribune.com.au/story/8851502/latest-australian-novels-and-celebrity-memoirs-to-explore/?cs=2732
KR,2025-01-01,Sarallar operasyonunda flaş gelişme ! İş adamı Burak Yakın ve Fikret Aydoğdu tutuklandı,,turkiyegazetesi.com.tr,https://www.turkiyegazetesi.com.tr/gundem/sarallar-operasyonunda-flas-gelisme-isadami-burak-yakin-ve-fikret-aydogdu-tutuklandi-1084150
KR,2025-01-01,5至10岁儿童中招最多 ！ 家长注意 ， 这种病毒又到高发季,,xxcb.cn,https://www.xxcb.cn/details/2q8biSYgB67752e4284201706a91e51f9.html
KR,2025-01-01,Real Madrid Bersikeras Buru Trent Alexander - Arnold dari Liverpool,,news.republika.co.id,https://news.republika.co.id/berita/spewd5348/real-madrid-bersikeras-buru-trent-alexanderarnold-dari-liverpool
KR,2025-01-01,"  Hellbent on carnage : At least 10 killed , 30 injured as car rams crowd on New Orleans Bourbon Street * WorldNetDaily * by Patrick Smith , NBC News",,wnd.com,https://www.wnd.com/2025/01/hellbent-on-carnage-at-least-10-killed-30-injured-as-car-rams-crowd-on-new-orleans-bourbon-street/
KR,2025-01-01,मोदी सरकार ने साल के पहले दी किसानों को दी खुशखबरी,,rashtriyakhabar.com,https://rashtriyakhabar.com/134612/
KR,2025-01-01,Body of 79 - year - old man missing since Christmas recovered from lake,,kwtx.com,https://www.kwtx.com/2025/01/01/body-79-year-old-man-missing-since-christmas-recovered-lake/
KR,2025-01-01,Receita Federal anuncia iseno de imposto para 28 milhões de brasileiros em 2025,,jornalagora.com.br,https://www.jornalagora.com.br/receita-federal-anuncia-isencao-de-imposto-para-28-milhoes-de-brasileiros-em-2025/
KR,2025-01-01,Qəhvənin gözlənilməz təhlükəsi,,news.milli.az,https://news.milli.az/health/1254187.html
KR,2025-01-01,  Pontefract has parallels with Whitby  - Pomfretians fight back against  scathing  narratives of their town,,yorkshirepost.co.uk,https://www.yorkshirepost.co.uk/news/people/pontefract-has-parallels-with-whitby-pomfretians-fight-back-against-scathing-narratives-of-their-town-4927184
KR,2025-01-01,Zahl der Bootsmigranten am Ärmelkanal 2024 wieder gestiegen,,nordkurier.de,https://www.nordkurier.de/politik/zahl-der-bootsmigranten-am-aermelkanal-2024-wieder-gestiegen-3205597
KR,2025-01-01,"Send Hindi News , Send News In Hindi - Amarujala . com",,amarujala.com,https://www.amarujala.com/tags/send?text=https:/www.amarujala.com/himachal-pradesh/congress-national-general-secretary-priyanka-gandhi-reached-shimla-program-to-stay-for-a-week-2025-01-01
KR,2025-01-01,Your Chinese horoscope in this Year of the Snake,,saultthisweek.com,https://www.saultthisweek.com:443/life/what-will-year-of-the-snake-mean-for-you-chinese-zodiac-predictions-for-2025
KR,2025-01-01,"Stubb pyrki ensimmäisessä uudenvuodenpuheessaan luomaan toivon ja optimismin näköaloja , arvioi Upin johtaja",,hameensanomat.fi,https://www.hameensanomat.fi/uutissuomalainen/8180753
KR,2025-01-01,Residents  stranded  as river bursts its banks and floods apartment block,,manchestereveningnews.co.uk,https://www.manchestereveningnews.co.uk/news/greater-manchester-news/residents-stranded-river-bursts-banks-30690268
KR,2025-01-01,"Елочные базары в Москве 2024 : где купить елку , когда откроются , адреса , цены",,ria.ru,https://ria.ru/20250101/elochnye_bazary-1984825973.html
KR,2025-01-01,جيلبير المجبر أعلن ترشحه للانتخابات الرئاسية : سأسعى لمشروع سياسي وطني يخدم لبنان ومصلحته,,cedarnews.net,https://cedarnews.net/folders/lebanon/800631/%D8%A7%D9%84%D8%A7%D9%86%D8%AA%D8%AE%D8%A7%D8%A8%D8%A7%D8%AA-%D8%A7%D9%84%D8%B1%D8%A6%D8%A7%D8%B3%D9%8A%D8%A9/
KR,2025-01-01,GoLocalProv | UPDATED : New Orleans - 10 Killed and 35+ Injured by Car Ramming People on Bourbon St . ,,golocalprov.com,https://www.golocalprov.com/news/new-orleans-10-killed-and-30-injured-by-car-ramming-people-on-bourbon-st
KR,2025-01-01,Ünlü rapçi Reckol uyuşturucudan tutuklandı ! İfadesinde suçunu itiraf etti,,turkiyegazetesi.com.tr,https://www.turkiyegazetesi.com.tr/magazin/unlu-rapci-reckol-uyusturucudan-tutuklandi-1084161
KR,2025-01-01,Hosanagara : ರಸ್ತೆ ಅಪಘಾತದಲ್ಲಿ ಪತಿ ಮೃತಪಟ್ಟ ಸುದ್ದಿ ಕೇಳಿ ಆತ್ಮಹತ್ಯೆಗೆ ಶರಣಾದ ಪತ್ನಿ,,udayavani.com,https://www.udayavani.com/district-news/shimoga-news/hosanagara-tragedy-news
KR,2025-01-01,Corée du Sud : le président déchu Yoon sera arrêté dici lundi,,tdg.ch,https://www.tdg.ch/coree-du-sud-le-president-dechu-yoon-sera-arrete-dici-lundi-167692636635
KR,2025-01-01,New Orleans : Auto rast in Menschenmenge – Zehn Tote bei „ Terroranschlag  ,,welt.de,https://www.welt.de/vermischtes/article255008516/New-Orleans-Auto-rast-in-Menschenmenge-Zehn-Tote-bei-Terroranschlag.html
KR,2025-01-01,La Ciudad ofrece el dispositivo TelePASE gratis en las Comunas – LND Noticias,,lndnoticias.com.ar,https://lndnoticias.com.ar/2025/01/01/la-ciudad-ofrece-el-dispositivo-telepase-gratis-en-las-comunas/
KR,2025-01-01,"Send Hindi News , Send News In Hindi - Amarujala . com",,amarujala.com,https://www.amarujala.com/tags/send?text=https:/www.amarujala.com/jammu/gmc-jammu-paid-medical-facility-will-start-in-gmc-jammu-after-six-years-now-better-surgery-services-will-be-2025-01-01
KR,2025-01-01,SZON - Halálos áldozatot követelt hazánkban a tűzijáték,,szon.hu,https://www.szon.hu/hazai-kek-hirek/2025/01/halalos-aldozatot-kovetelt-hazankban-a-tuzijatekozas
KR,2025-01-01,Veja qual carro tem o imposto mais caro nesta cidade e fuja de comprá - lo,,jornalagora.com.br,https://www.jornalagora.com.br/veja-qual-carro-tem-o-imposto-mais-caro-nesta-cidade-e-fuja-de-compra-lo/
KR,2025-01-01,Sin nacimientos en La Pampa el primer día del 2025  :: El Diario de La Pampa,,eldiariodelapampa.com.ar,https://www.eldiariodelapampa.com.ar/la-pampa/48253/sin-nacimientos-en-la-pampa-el-primer-dia-del-2025-
KR,2025-01-01,Viral : ಫೇಸ್‌ಬುಕ್ ಪ್ರೇಯಸಿ ಭೇಟಿಗೆ ಅಕ್ರಮವಾಗಿ ಪಾಕ್‌ಗೆ ತೆರಳಿ ಸಿಕ್ಕಿಬಿದ್ದ ಭಾರತೀಯ ಯುವಕ,,udayavani.com,https://www.udayavani.com/news-section/national-news/viral-news-aligarh-man-enters-pakistan-to-meet-lover-he-met-on-facebook-family-stumbles-on-his-story-online
KR,2025-01-01,"Driver  hell - bent on carnage  kills 10 , injures 30 on New Year Day in New Orleans | The Arkansas Democrat - Gazette",,arkansasonline.com,https://www.arkansasonline.com/news/2025/jan/01/driver-hell-bent-on-carnage-kills-10-injures-30-on-new-years-day-in-new-orleans/
KR,2025-01-01,موراي يعاون ديوكوفيتش في خطة مواجهة النجوم الجدد,,maqar.com,https://maqar.com/archives/696743
KR,2025-01-01,"Roma , lallenamento a porte aperte al Tre Fontane : out Cristante e Dovbyk – LIVE - Forzaroma . info - Ultime notizie As Roma calcio – Interviste , foto e video",,forzaroma.info,https://www.forzaroma.info/news-as-roma/roma-lallenamento-a-porte-aperte-al-tre-fontane-lo-stadio-si-riempie-live/
KR,2025-01-01,Belinda Balluku uron Vitin e Ri me një premtim : Do ulim çmimin e energjisë në Shqipëri,,zeri.info,https://www.zeri.info/aktuale/561772/belinda-balluku-uron-vitin-e-ri-me-nje-premtim-do-ulim-cmimin-e-energjise-ne-shqiperi/
KR,2025-01-01,Auto rast in New Orleans in Menschenmenge – Bürgermeisterin spricht von Terrorangriff,,costanachrichten.com,http://www.costanachrichten.com/panorama/zahlreiche-tote-auto-rast-in-new-orleans-in-menschenmenge-sollen-auch-schuesse-gefallen-sein-zr-93493366.html
KR,2025-01-01,עושים לכם סדר : כל מה שצריך לדעת על פרשת  משחקי חברה  והטענות נגד אייל גולן,,13tv.co.il,https://13tv.co.il/item/entertainment/celebs/news/t61n7-904401685/?pid=7&&cid=903048405
KR,2025-01-01,Əhalisinin sayı ilk dəfə 10 milyonu keçdi,,news.milli.az,https://news.milli.az/world/1255210.html
KR,2025-01-01,Cubadebate,,cubadebate.cu,http://www.cubadebate.cu/especiales/2025/01/01/la-revolucion-donde-la-claridad-arropa-al-desabrigo/
KR,2025-01-01,GoLocalProv | Those We Lost in Rhode Island and Across the World in 2024,,golocalprov.com,https://www.golocalprov.com/news/those-we-lost-in-rhode-island-and-across-the-world-in-2024
KR,2025-01-01,مقتل المشتبه به بتنفيذ هجوم نيو أورلينز,,hespress.com,https://www.hespress.com/%D9%85%D9%82%D8%AA%D9%84-%D8%A7%D9%84%D9%85%D8%B4%D8%AA%D8%A8%D9%87-%D8%A8%D9%87-%D8%A8%D8%AA%D9%86%D9%81%D9%8A%D8%B0-%D9%87%D8%AC%D9%88%D9%85-%D9%86%D9%8A%D9%88-%D8%A3%D9%88%D8%B1%D9%84%D9%8A%D9%86-1491129.html
KR,2025-01-01,  Slot wil doorselecteren en laat oog vallen op PL - duo met Eredivisie - verleden  ,,voetbalprimeur.nl,https://www.voetbalprimeur.nl/nieuws/1247924/slot-wil-doorselecteren-en-laat-oog-vallen-op-pl-duo-met-eredivisie-verleden.html
KR,2025-01-01,Yük maşınını izdihamın üzərinə sürdü - ölən və yaralılar var,,news.milli.az,https://news.milli.az/world/1255259.html
KR,2025-01-04,Canan Karataydan aşı açıklaması : Aşılar genetiği değiştirildi ! ,,dogruhaber.com.tr,https://dogruhaber.com.tr/haber/1098810-canan-karataydan-asi-aciklamasi-asilar-genetigi-degistirildi/
KR,2025-01-04,ВЗГЛЯД / МВД Германии объяснило сбой в своих системах технической неполадкой :: Новости дня,,vz.ru,https://vz.ru/news/2025/1/4/1307069.html
KR,2025-01-04,Rei Charles III lamenta morte de britânico relacionado à família real em ataque em Nova Orleans :  profundamente triste  ,,oglobo.globo.com,https://oglobo.globo.com/mundo/epoca/noticia/2025/01/04/rei-charles-iii-lamenta-morte-de-britanico-relacionado-a-familia-real-em-ataque-em-nova-orleans-profundamente-triste.ghtml
KR,2025-01-04,Vigilante Mamadi Tunkara ucciso a Bergamo : arrestato sospettato / Cosa è successo ? Rissa il 31 dicembre ... ,,ilsussidiario.net,https://www.ilsussidiario.net/news/vigilante-mamadi-tunkara-ucciso-a-bergamo-arrestato-sospettato-cosa-e-successo-rissa-il-31-dicembre/2787043/
KR,2025-01-04,"Sëmuret tenori i njohur shqiptar , Ramë Lahaj",,kosovarja-ks.com,https://www.kosovarja-ks.com/semuret-tenori-i-njohur-shqiptar-rame-lahaj/
KR,2025-01-04,"US imposes sanctions on Russian , Iranian groups for disinfo",,4029tv.com,https://www.4029tv.com/article/us-imposes-sanctions-on-russian-iranian-groups-over-disinformation-targeting-american-voters/63336483
KR,2025-01-04,风波不断 ！ 多名导演发文力挺张颂文,,finance.sina.com.cn,http://finance.sina.com.cn/jjxw/2025-01-04/doc-inecvmin7457936.shtml
KR,2025-01-04,Muere una turista española al ser atacada por un elefante en Tailandia,,andaluciainformacion.es,https://andaluciainformacion.es/mundo/1855418/muere-una-turista-espanola-al-ser-atacada-por-un-elefante-en-tailandia/
KR,2025-01-04,Jake Lloyd feels  pretty good  after 18 months of treatment for psychotic break,,femalefirst.co.uk,https://www.femalefirst.co.uk/celebrity/jake-lloyd-feels-pretty-good-after-18-months-treatment-psychotic-break-1411554.html
KR,2025-01-04,Kenon ( NYSE : KEN ) Shares Gap Down – Here What Happened,,etfdailynews.com,https://www.etfdailynews.com/2025/01/04/kenon-nyseken-shares-gap-down-heres-what-happened/
KR,2025-01-04,"Alexandru Ciucu , anunţ surprinzător despre divorţul de Alina Sorescu :  Am fost înţeles greşit  ",,romaniatv.net,https://www.romaniatv.net/alexandru-ciucu-anunt-surprinzator-despre-divortul-de-alina-sorescu-am-fost-inteles-gresit_8707435.html
KR,2025-01-04,專業美睫師的重要性 | 蕃新聞,,n.yam.com,https://n.yam.com/Article/20250104404253
KR,2025-01-04,Metanın AI botları bekleneni vermiyor,,teknoblog.com,https://www.teknoblog.com/meta-ai-botlari-bekleneni-vermiyor/
KR,2025-01-04,Новости Украины - ожидается снижение цен на популярный продукт,,glavred.info,https://glavred.info/economics/v-ukraine-ozhidaetsya-snizhenie-cen-na-populyarnyy-produkt-kakaya-prichina-10627565.html
KR,2025-01-04,Azerbaijan becomes the second largest investor in Eurasia by mid - 2024,,azernews.az,https://www.azernews.az/business/236047.html
KR,2025-01-04,"Up to 5 Cats Sick After Bird Flu Found in Raw Pet Food Brand , Marking the Second Such Occurrence in Weeks",,aol.com,https://www.aol.com/5-cats-sick-bird-flu-110000287.html
KR,2025-01-04,"Билките , които дори най - мързеливата домакиня може да отглежда на перваза на прозореца",,actualno.com,https://www.actualno.com/gardening/bilkite-koito-dori-naj-myrzelivata-domakinja-moje-da-otglejda-na-pervaza-na-prozoreca-news_2369508.html
KR,2025-01-04,Co czeka złotego w 2025 r .? Polityka Trumpa może wpłynąć na polską walutę,,money.pl,https://www.money.pl/pieniadze/co-czeka-zlotego-w-2025-r-polityka-trumpa-moze-wplynac-na-polska-walute-7110317193964256a.html
KR,2025-01-04,"Inicia Marco año enfocado en cimentar libertad creativa ; colaborará con el Macba – Periódico Zócalo | Noticias de Saltillo , Torreón , Piedras Negras , Monclova , Acuña",,zocalo.com.mx,https://www.zocalo.com.mx/inicia-marco-ano-enfocado-en-cimentar-libertad-creativa-colaborara-con-el-macba/
KR,2025-01-04,Previewing Dolphins / Jets week 18 matchup - Miami Dolphins News 1 / 4 / 25,,thephinsider.com,https://www.thephinsider.com/the-splash-zone-miami-dolphins-news/2025/1/4/24332840/previewing-miami-dolphins-new-york-jets-week-18-matchup-the-splash-zone-1-4-25-tua-tagovailoa
KR,2025-01-04,文化幣怎麼花 ？ 網友激推 「 這樣用 」 超划算 - 生活,,news.ltn.com.tw,https://news.ltn.com.tw/news/life/breakingnews/4913428
KR,2025-01-04,Mısır  ın gönderdiği ilk yardım uçağı Suriyeye ulaştı,,dogruhaber.com.tr,https://dogruhaber.com.tr/haber/1098822-misirin-gonderdigi-ilk-yardim-ucagi-suriyeye-ulasti/
KR,2025-01-04,Επαναρχίζουν την Τρίτη οι διεθνείς πτήσεις στη Δαμασκό ανακοίνωσε η Συρία,,offsite.com.cy,https://www.offsite.com.cy/eidiseis/oikonomia/epanarhizoyn-tin-triti-oi-diethneis-ptiseis-sti-damasko-anakoinose-i-syria
KR,2025-01-04,"Park Fire , election highlight 2024",,redbluffdailynews.com,https://www.redbluffdailynews.com/2025/01/04/park-fire-election-highlight-2024/
KR,2025-01-04,Ρωσία : Απετράπη επίθεση με εκρηκτικά - Τέσσερις συλλήψεις από την FSB,,sigmalive.com,https://www.sigmalive.com/news/international/1260629/h-rosiki-fsb-apetrepse-vomvistiki-epithesi-sto-gekaterinmpoyrghk-sinelave-4-atoma
KR,2025-01-04,Opelden yeni yılda ayrıcalıklı finansman teklifleri ! - Otomobil Haberleri OTOMOBİL,,haber7.com,https://www.haber7.com/otomobil/haber/3493556-opelden-yeni-yilda-ayricalikli-finansman-teklifleri
KR,2025-01-04,গজারিয়ায় নির্মাণাধীন ভবনের ছাদ ধসে আহত ১৪,,risingbd.com,https://www.risingbd.com/bangladesh/news/588786
KR,2025-01-04,Emergency team meeting as country braces for  multi - hazard weather event  ,,warringtonguardian.co.uk,https://www.warringtonguardian.co.uk/news/national/24833230.emergency-team-meeting-country-braces-multi-hazard-weather-event/
KR,2025-01-04,Por qué los sueños nucleares son completamente irreales II  - Últimas Noticias : El Chubut,,elchubut.com.ar,https://www.elchubut.com.ar/chubut/2025-1-4-10-30-0-por-que-los-suenos-nucleares-son-completamente-irreales-ii
KR,2025-01-04,Se suma Nicholas Galitzine a embajadores de Armani Beauty,,elnorte.com,https://www.elnorte.com/se-suma-nicholas-galitzine-a-embajadores-de-armani-beauty/ar2931557
KR,2025-01-04,"Hot nhất MXH : Triệu Lệ Dĩnh tỏ thái độ co . i thườn . g Lâm Canh Tân , nhất quyết không chịu đi chung thảm đỏ",,vietgiaitri.com,https://vietgiaitri.com/hot-nhat-mxh-trieu-le-dinh-to-thai-do-coi-thuong-lam-canh-tan-nhat-quyet-khong-chiu-di-chung-tham-do-20250104i7353037/
KR,2025-01-04,Secuestraron un auto con patentes adulteradas en Comodoro - Últimas Noticias : El Chubut,,elchubut.com.ar,https://www.elchubut.com.ar/policiales/2025-1-4-10-16-0-secuestraron-un-auto-con-patentes-adulteradas-en-comodoro
KR,2025-01-04,King  deeply saddened  by death of royal nanny stepson in New Orleans attack,,warringtonguardian.co.uk,https://www.warringtonguardian.co.uk/news/national/24833114.king-deeply-saddened-death-royal-nannys-stepson-new-orleans-attack/
KR,2025-01-04,H . B . Fuller ( NYSE : FUL ) Shares Gap Down – Should You Sell ? ,,etfdailynews.com,https://www.etfdailynews.com/2025/01/04/h-b-fuller-nyseful-shares-gap-down-should-you-sell/
KR,2025-01-04,"سبتمبر نت - زلزال بقوة 5 , 8 درجات يضرب إثيوبيا",,26sep.net,https://www.26sep.net/index.php/more/mix/95162-5-166
KR,2025-01-04,Hawaii County driver safety coordinator charged with DUI after crash,,staradvertiser.com,https://www.staradvertiser.com/2025/01/04/hawaii-news/hawaii-county-driver-safety-coordinator-charged-with-dui-after-crash/
KR,2025-01-04,"Number of cyclones steady , but storms more intense due to climate change",,modernghana.com,https://www.modernghana.com/news/1369538/number-of-cyclones-steady-but-storms-more-intense.html
KR,2025-01-04,King  deeply saddened  by death of royal nanny stepson in New Orleans attack,,newburytoday.co.uk,https://www.newburytoday.co.uk/national/king-deeply-saddened-by-death-of-royal-nanny-s-stepson-in-new-orleans-attack-135961/
KR,2025-01-04,2025 Renault Kangoo review,,theleader.com.au,https://www.theleader.com.au/story/8859217/2025-renault-kangoo-review/?cs=34616
KR,2025-01-04,SZOLJON - Magyar Péter újévi beszéde demoralizáló propagandát tartalmaz,,szoljon.hu,https://www.szoljon.hu/orszag-vilag/2025/01/magyar-peter-ujevi-beszede-szakerto
KR,2025-01-04,King  deeply saddened  by death of royal nanny stepson in New Orleans attack,,tivysideadvertiser.co.uk,https://www.tivysideadvertiser.co.uk/news/national/24833114.king-deeply-saddened-death-royal-nannys-stepson-new-orleans-attack/
KR,2025-01-04,На телеканале « Россия 1 » состоится показ Рождественского интервью Святейшего Патриарха Кирилла / Новости / Патриархия . ru,,patriarchia.ru,http://www.patriarchia.ru/db/text/6187055.html
KR,2025-01-04,  کہیں نہیں جارہا ، ریٹائرمنٹ کی خبروں پر روہت شرما کا رد عمل - Sport,,dawnnews.tv,https://www.dawnnews.tv/news/1250063
KR,2025-01-04,Cogta says it had no choice but to end contracts of older CWP participants,,citizen.co.za,https://www.citizen.co.za/news/cogta-says-it-had-no-choice-but-to-end-contracts-of-older-cwp-participants/
KR,2025-01-04,Blankenburger Botschaft an Ankömmlinge : Ihr seid hier nicht willkommen ! ,,otz.de,https://www.otz.de/lokales/saalfeld-rudolstadt/article407999737/blankenburger-botschaft-an-ankoemmlinge-ihr-seid-hier-nicht-willkommen.html
KR,2025-01-04,Top 20 Giới thiệu cuốn sách mà em yêu thích ( hay nhất ). ,,etesol.edu.vn,https://etesol.edu.vn/top-20-gioi-thieu-cuon-sach-ma-em-yeu-thich-hay-nhat-1735996807
KR,2025-01-04,Dünyanýn en yaþlý insaný hayatýný kaybetti,,star.com.tr,https://www.star.com.tr/dunya/dunyanin-en-yasli-insani-hayatini-kaybetti-haber-1916174/
KR,2025-01-04,"Zeki Sarıhan : 2024  TE OKUDUĞUM KİTAPLAR - aydinses , ses gazetesi , aydinses gazetesi , son dakika , gazeteler , haberler , sondakika haberleri",,aydinses.com,https://www.aydinses.com/2024te-okudugum-kitaplar
KR,2025-01-04,Russie : quatre mineurs soupçonnés de vouloir commettre un attentat arrêtés,,nicematin.com,https://www.nicematin.com/justice/russie-quatre-mineurs-soupconnes-de-vouloir-commettre-un-attentat-arretes-965978
KR,2025-01-04,Co powinno się zmienić w 2025 r . w prawie pracy ? Ekspert wskazuje najpilniejsze potrzeby,,portalsamorzadowy.pl,"https://www.portalsamorzadowy.pl/komunikacja-spoleczna/co-powinno-sie-zmienic-w-2025-r-w-prawie-pracy-ekspert-wskazuje-najpilniejsze-potrzeby,591732.html"
KR,2025-01-04,Indemnizație socială pentru pensionari . Casa de Pensii a făcut anunțul,,capital.ro,https://www.capital.ro/indemnizatie-sociala-pentru-pensionari-casa-de-pensii-a-facut-anuntul.html
KR,2025-01-04,Emergency team meeting as country braces for  multi - hazard weather event  ,,borehamwoodtimes.co.uk,https://www.borehamwoodtimes.co.uk/news/national/24833230.emergency-team-meeting-country-braces-multi-hazard-weather-event/
KR,2025-01-04,  کہیں نہیں جارہا ، ریٹائرمنٹ کی خبروں پر روہت شرما کا رد عمل - Sport,,dawnnews.tv,https://www.dawnnews.tv/news/1250063/
KR,2025-01-04,"Golden Globes 2025 : Who nominated , when it is , what time it starts , how to watch and more",,nbcnews.com,https://www.nbcnews.com/pop-culture/pop-culture-news/golden-globes-2025-awards-when-time-how-watch-channel-nominees-rcna184055
KR,2025-01-04,Hawaii tallied more than 100 traffic fatalities in 2024 | Honolulu Star - Advertiser,,staradvertiser.com,https://www.staradvertiser.com/2025/01/04/hawaii-news/hawaii-tallied-more-than-100-traffic-fatalities-in-2024/
KR,2025-01-04,FYI Daily - ITV2 | TV Guide,,tvguide.co.uk,https://www.tvguide.co.uk/schedule/20777272-2937-5964-8a1d-998537bca848/fyi-daily
KR,2025-01-04,Ρωσία : Η FSB απέτρεψε βομβιστική επίθεση στο Γεκατερίνμπουργκ – Τέσσερις συλλήψεις,,news.makedonias.gr,https://news.makedonias.gr/2025/01/1782880/
KR,2025-01-04,Funky Taurus Media - Music Photo Agency & Products - Funky Taurus & George Clinton - UFO Brooklyn,,funkytaurusmedia.com,https://www.funkytaurusmedia.com/product_info.php?info=p50_funky-taurus-----george-clinton-----ufo-brooklyn---------exclusiv.html&XTCsid=7ur1n440dn4odum8r940l8o853
KR,2025-01-04,Exclusive : Nikki Glaser reveals anticipation to host Golden Globes has made her feel  42 weeks pregnant  ,,independent.co.uk,https://www.independent.co.uk/arts-entertainment/tv/nikki-glaser-golden-globes-host-b2673695.html
KR,2025-01-04,Koje filmove gledati za praznike - preporuke istaknutih Nišlija - Kultura,,juznevesti.com,https://www.juznevesti.com/kultura/koje-filmove-gledati-za-praznike-preporuke-istaknutih-nislija/
KR,2025-01-04,美媒 ： 马斯克尖锐攻击英国政策之际 ， 英首相斯塔默表示不愿卷入  政治肥皂剧  |美国|工党|英国政府,,163.com,https://www.163.com/dy/article/JL325P540514R9OJ.html
KR,2025-01-04,Siria reabrirá el aeropuerto de Damasco a vuelos internacionales,,ellitoral.com,https://www.ellitoral.com/internacionales/siria-aeropuerto-damasco-reapertura-guerra_0_5qHozbJHDx.html
KR,2025-01-04,人事已  菲 ! 副总统莎拉被赶出国安会 马可仕与杜特地家族决裂升级 ＊ 阿波罗新闻网,,aboluowang.com,https://www.aboluowang.com/2025/0104/2155407.html
KR,2025-01-04,Omineca Mining and Metals ( CVE : OMM ) Stock Price Down 14 . 3 % – Here Why,,etfdailynews.com,https://www.etfdailynews.com/2025/01/04/omineca-mining-and-metals-cveomm-stock-price-down-14-3-heres-why-2/
KR,2025-01-04,MPP Aceh Besar Keluarkan 48 Ribu Dokumen Administrasi Sepanjang Tahun 2024,,aceh.pikiran-rakyat.com,https://aceh.pikiran-rakyat.com/news/pr-2988938448/mpp-aceh-besar-keluarkan-48-ribu-dokumen-administrasi-sepanjang-tahun-2024
KR,2025-01-04,Βρετανός που συνδέεται με τη βασιλική οικογένεια ανάμεσα στους νεκρούς του μακελειού στη Νέα Ορλεάνη,,tanea.gr,https://www.tanea.gr/2025/01/04/world/vretanos-pou-syndeetai-me-ti-vasiliki-oikogeneia-anamesa-stous-nekrous-tou-makeleiou-sti-nea-orleani/
KR,2025-01-04,Сразу три доплаты к пенсии россиян проведут в январе 2025 года . Пенсионерам на днях объявили о приятном сюрпризе от правительства,,comandir.com,https://comandir.com/2025/01/04/489604-finansovyj-prazdnik-tri-dopolnitelnyh-vyplaty-k-pensii-v-yanvare-2025-goda.html
KR,2025-01-04,শিবচরে ট্রেনের ধাক্কায় এক নারী নিহত | | বাংলাদেশ প্রতিদিন,,bd-pratidin.com,https://www.bd-pratidin.com/country/2025/01/04/1069050
KR,2025-01-04,София почернява от полиция ! Съобщение от НСО - Общество Новини Стандарт,,standartnews.com,https://www.standartnews.com/balgariya-obshtestvo/sofiya-pochernyava-ot-policiya-saobshtenie-ot-nso-584492.html
KR,2025-01-04,Fire at market in northern China kills at least eight people and injures 15 – Grenada Chronicle,,grenadachronicle.com,https://grenadachronicle.com/fire-at-market-in-northern-china-kills-at-least-eight-people-and-injures-15/
KR,2025-01-04,"Senado : sin aumento , los legisladores cobraron un millonario aguinaldo",,eldiarionuevodia.com.ar,https://www.eldiarionuevodia.com.ar/nacionales/senado-sin-aumento-los-legisladores-cobraron-un-millonario-aguinaldo/
KR,2025-01-04,Оставка Ненада Мијаиловића ? ,,zurnal.rs,https://www.zurnal.rs/scc/clanak/204036/fudbal/prva-liga/ostavka-nenada-mijailovica
KR,2025-01-04,"Winter storm snow forecast for Baltimore area , Maryland",,baltimoresun.com,https://www.baltimoresun.com/2025/01/04/winter-storm-snow-forecast-baltimore/
KR,2025-01-04,Two killed as light plane crashes off coast,,hardenexpress.com.au,https://www.hardenexpress.com.au/story/8859206/two-killed-as-light-plane-crashes-off-coast/?cs=9676
KR,2025-01-04, „ Hartz und herzlich  bei RTLZWEI aus TV - Programm gestrichen,,merkur.de,http://www.merkur.de/tv/hartz-herzlich-weihnachten-sendung-aenderung-news-folgen-rtlzwei-benz-baracken-2025-zr-93485568.html
KR,2025-01-04,Rival camps protest in South Korea as authorities press for Yoon arrest – Grenada Chronicle,,grenadachronicle.com,https://grenadachronicle.com/rival-camps-protest-in-south-korea-as-authorities-press-for-yoons-arrest/
KR,2025-01-04,"Big Lots Saved : Could IA , IL , and WI Locations Stay Open ? ",,myq1075.com,https://myq1075.com/big-lots-iowa-illinois-wisconsin/
KR,2025-01-04,Family of tragic RTE Ireland Fittest Family teen give blessing to show scenes in new series,,leitrimobserver.ie,https://www.leitrimobserver.ie/news/arts---entertainment/1694234/family-of-tragic-rte-ireland-s-fittest-family-teen-give-blessing-to-show-scenes-in-new-series.html
KR,2025-01-04,Маестрото изчезна ! Какво става в БТВ ? - Любопитно Новини Стандарт,,standartnews.com,https://www.standartnews.com/lifestyle-lyubopitno/maestroto-izchezna-kakvo-stava-v-btv-584495.html
KR,2025-01-04,"FSB : U Jekaterinburgu sprečen teroristički napad , privedena četiri državljana Rusije",,tanjug.rs,https://www.tanjug.rs/svet/hronika/132125/fsb-u-jekaterinburgu-sprecen-teroristicki-napad-privedena-cetiri-drzavljana-rusije/vest
KR,2025-01-04,"রোজার সঙ্গে রোমান্টিক মুহূর্ত , তাহসান লিখলেন  তুমি কে ? ",,risingbd.com,https://www.risingbd.com/entertainment/news/588776
KR,2025-01-04,Israele ha ammesso di aver arrestato il direttore dellospedale Kamal Adwan di Gaza,,ilpost.it,https://www.ilpost.it/2025/01/04/abu-safiya-direttore-ospedale-gaza/
KR,2025-01-04,"Бајден доделува највисоки признанија , Лионел Меси и Дензел Вашингтон меѓу добитниците",,makfax.com.mk,https://makfax.com.mk/svet/%D0%B1%D0%B0%D1%98%D0%B4%D0%B5%D0%BD-%D0%B4%D0%BE%D0%B4%D0%B5%D0%BB%D1%83%D0%B2%D0%B0-%D0%BD%D0%B0%D1%98%D0%B2%D0%B8%D1%81%D0%BE%D0%BA%D0%B8-%D0%BF%D1%80%D0%B8%D0%B7%D0%BD%D0%B0%D0%BD%D0%B8%D1%98/
KR,2025-01-04,Two killed as light plane crashes off coast,,greatlakesadvocate.com.au,https://www.greatlakesadvocate.com.au/story/8859206/two-killed-as-light-plane-crashes-off-coast/?cs=9676
KR,2025-01-04,Israeli forces kill teenager amid intensified raids in occupied West Bank – Grenada Chronicle,,grenadachronicle.com,https://grenadachronicle.com/israeli-forces-kill-teenager-amid-intensified-raids-in-occupied-west-bank/
KR,2025-01-04,Take a stroll down Memory Lane with Gordon Cook,,anguscountyworld.co.uk,https://www.anguscountyworld.co.uk/news/people/take-a-stroll-down-memory-lane-with-gordon-cook-4929749
KR,2025-01-04,Tarih belli oldu ! Şam Uluslararası Havalimanı açılıyor,,beyazgazete.com,https://beyazgazete.com/haber/2025/1/4/tarih-belli-oldu-sam-uluslararasi-havalimani-aciliyor-7153676.html
KR,2025-01-04,Nurmijärvellä suruhartaus auto - onnettomuuden uhreille,,iltalehti.fi,https://www.iltalehti.fi/kotimaa/a/f3eab2eb-6c6d-441f-a62c-de6fbf35a8cd
KR,2025-01-04,"Блинкен усомнился в том , что Киев сможет вернуть территории",,ria.ru,https://ria.ru/20250104/blinken-1992511278.html
KR,2025-01-04,Lelaki tidur atas wayar elektrik,,kosmo.com.my,https://www.kosmo.com.my/2025/01/04/lelaki-tidur-atas-wayar-elektrik/
KR,2025-01-04,"Biden se despide del cargo , vendiendo otro paquete militar a Israel",,hispantv.com,https://www.hispantv.com/noticias/ee-uu-/607669/biden-venta-armas-israel-guerra-gaza
KR,2025-01-04,  尹 찬반 집회  대규모 인파 몰려 … 6호선 한강진역은 운행 재개,,inews24.com,https://inews24.com/view/1800596
KR,2025-01-04,John Dumelo loses father days before swearing - in ceremony,,ghanaweb.com,https://www.ghanaweb.com/GhanaHomePage/NewsArchive/John-Dumelo-loses-father-days-before-swearing-in-ceremony-1966163
KR,2025-01-04,"ചൈനയിലെ വൈറസ് ബാധ ; ആശങ്ക വേണ്ട , മാസ്ക് ധരിക്കുന്നത് അഭികാമ്യമെന്ന് മന്ത്രി വീണാ ജോർജ്",,deshabhimani.com,https://www.deshabhimani.com/News/kerala/china-human-metapneumovirus-25220
KR,2025-01-04,Не правете това на Йордановден и Ивановден ! - Любопитно Новини Стандарт,,standartnews.com,https://www.standartnews.com/lifestyle-lyubopitno/ne-pravete-tova-na-yordanovden-i-ivanovden-584505.html
KR,2025-01-04,Flohmarkt im analogen Fernsehen begeistert Thüringer,,thueringer-allgemeine.de,https://www.thueringer-allgemeine.de/kultur/article408006334/flohmarkt-im-analogen-fernsehen-begeistert-thueringer.html
KR,2025-01-04,Could a board game help prepare Taiwan for war with China ? – Grenada Chronicle,,grenadachronicle.com,https://grenadachronicle.com/could-a-board-game-help-prepare-taiwan-for-war-with-china/
KR,2025-01-04,"Army truck falls into ditch in J K Owaisi taunts on PM Modi sending bedsheet to Ajmer top 5 news J & K में खाई में गिरा सेना का ट्रक , 3 की मौत , पीएम मोदी के अजमेर चादर भेजने पर ओवैसी का तंज ; टॉप 5 न्यूज , India Hindi News",,livehindustan.com,https://www.livehindustan.com/national/army-truck-falls-into-ditch-in-j-k-owaisi-taunts-on-pm-modi-sending-bedsheet-to-ajmer-top-5-news-201735996173697.html
KR,2025-01-04,  출석 불응  경호처장에  7일 출석하라 … 경찰 2차 요구,,inews24.com,https://inews24.com/view/1800600
KR,2025-01-04,  How far will RFK go ? 2 experts talk Kennedy potential impact on child health,,kvia.com,https://kvia.com/news/us-world/stacker-news/2025/01/04/how-far-will-rfk-go-2-experts-talk-kennedys-potential-impact-on-child-health/
KR,2025-01-04,ANF | Fransada katliam ve tecavüze çağıran iki Tiktokçu gözaltına alındı,,anfturkce.net,http://anfturkce.net/dunya/fransa-da-katliam-ve-tecavuze-cagiran-iki-tiktokcu-gozaltina-alindi-207278
KR,2025-01-04,福建省委书记给全省县委书记  上课 _ 腾讯新闻,,news.qq.com,https://news.qq.com/rain/a/20250104A07WA000
KR,2025-01-04,硫化物全固态电池迎新突破 ！ 中科院青岛能源所中试线正式投产 - 智能汽车 - ITBear科技资讯,,itbear.com.cn,http://www.itbear.com.cn/html/2025-01/665201.html
KR,2025-01-04,中国经济向新向实 - 中国军网,,81.cn,http://www.81.cn/ss_208539/16362724.html
KR,2025-01-04,Firefighters respond to residential fire in Troy,,whio.com,https://www.whio.com/news/local/firefighters-respond-residential-fire-troy/E75VO67NO5FITKQGMOUS4XQOCE/
KR,2025-01-04,Tragedia en la vía Panamericana : familias viajan para reunirse con sobrevivientes del accidente,,elpais.com.co,https://www.elpais.com.co/colombia/tragedia-en-la-via-panamericana-familias-viajan-para-reunirse-con-sobrevivientes-del-accidente-0436.html
KR,2025-01-04,天天学习丨中南海月刊 （ 2024 . 12 ） ,,81.cn,http://www.81.cn/xx_207779/16362717.html
KR,2025-01-04,Xiisad colaadeed oo ka curatay Sanaag kadib bayaankii Warsangeli,,raxanreeb.com,https://raxanreeb.com/xiisad-colaadeed-oo-ka-curatay-sanaag-kadib-bayaankii-warsangeli/
KR,2025-01-04,King  deeply saddened  by death of royal nanny stepson in New Orleans attack,,brentwoodlive.co.uk,https://www.brentwoodlive.co.uk/news/national/24833114.king-deeply-saddened-death-royal-nannys-stepson-new-orleans-attack/
KR,2025-01-04,11 عامًا من الإنجازات .. تطوير شامل للسياحة المصرية ومواقعها الأثرية,,elbrqnews.com,http://www.elbrqnews.com/New-News/82221.html
KR,2025-01-04,무안 제주항공 사고 희생자 179명 시신 수습 마무리 … 103명 인도,,inews24.com,https://inews24.com/view/1800599
KR,2025-01-04,"ব্লাড লস হচ্ছে , প্লাটিলেট কমছে প্রবীর মিত্রের",,risingbd.com,https://www.risingbd.com/entertainment/news/588762
KR,2025-01-04,"दो दिन भारी बारिश - बर्फबारी का अलर्ट , बांदीपोरा में सेना के 4 जवान शहीद , पढ़ें दिन की बड़ी खबरें",,divyahimachal.com,https://www.divyahimachal.com/2025/01/alert-of-heavy-rain-and-snowfall-for-two-days-4-army-soldiers-martyred-in-bandipora-read-the-big-news-of-the-day/
KR,2025-01-04,Fox News AI Newsletter : Will your job survive Trump Gen AI revolution ? ,,foxnews.com,https://www.foxnews.com/tech/fox-news-ai-newsletter-your-job-survive-trumps-gen-ai-revolution
KR,2025-01-04,بالاترین : بازداشت مرموز دکتر فرزانه محمدی پارسا ؛ چرا هیچ خبری از او نیست ؟ ,,balatarin.com,https://www.balatarin.com:443/permlink/2025/1/3/6278633
KR,2025-01-04,Polski indeks  słabym elementem  na rynkach w 2024 r .  Zawinił spadek Orlenu  ,,money.pl,https://www.money.pl/gielda/tomasz-hondo/polski-indeks-slabym-elementem-na-rynkach-w-2024-r-zawinil-spadek-orlenu-7110288252795616a.html
KR,2025-01-04,"গুচ্ছ পদ্ধতি ও পোষ্য কোটা বাতিলের দাবি , ২৪ ঘণ্টার আল্টিমেটাম",,risingbd.com,https://www.risingbd.com/campus/news/588767
KR,2025-01-04,Liverpoo star Mo Salah agent is in continuous talks with PSG,,caughtoffside.com,https://www.caughtoffside.com/2025/01/04/salah-agent-liverpool-exit-talks/
KR,2025-01-04,Bird flu kills elderly man in Hong Kong,,eturbonews.com,https://eturbonews.com/bird-flu-kills-elderly-man-hong-kong/
KR,2025-01-04,26 gazatíes fallecidos en las últimas horas en los ataques israelíes contra la Franja,,andaluciainformacion.es,https://andaluciainformacion.es/mundo/1855568/26-gazaties-fallecidos-en-las-ultimas-horas-en-los-ataques-israelies-contra-la-franja/
KR,2025-01-04,2024 : The Year from Space,,tvguide.co.uk,https://www.tvguide.co.uk/schedule/d5921f58-7ac9-519d-9048-d29e81b171fa/2024-the-year-from-space
KR,2025-01-04,Helen Flanagan rushed to doctors in pyjamas due to  painful  health issue,,walesonline.co.uk,https://www.walesonline.co.uk/lifestyle/showbiz/helen-flanagan-rushed-doctors-pyjamas-30707714
KR,2025-01-04,Former President Jimmy Carter created connections in Iowa,,nonpareilonline.com,https://nonpareilonline.com/news/state-regional/iowa-jimmy-carter-campaign-connections-obituary/article_08e387fe-ca09-11ef-bb38-8fdba57dfbba.html
KR,2025-01-04, 『 忍たま乱太郎 』 宇垣美里 、 思わず涙 ！ 女児の心を奪う  初恋泥棒  が劇場版で大暴れ ( 2025年1月4日 ) ,,excite.co.jp,https://www.excite.co.jp/news/article/Joshispa_1337782/
KR,2025-01-04,JAV mokslininkai sukūrė minas giliai po žeme aptinkantį lazerį,,vz.lt,https://www.vz.lt/inovacijos/2025/01/04/jav-mokslininkai-sukure-minas-giliai-po-zeme-aptinkanti-lazeri
KR,2025-01-04,Teen becomes dart youngest ever world champion – Caribbean Broadcasting Corporation,,cbc.bb,https://www.cbc.bb/news/international-news/teen-becomes-darts-youngest-ever-world-champion/
KR,2025-01-04,Умер актер Станислав Дубков,,ria.ru,https://ria.ru/20250104/dubkov-1992510191.html
KR,2025-01-04,Lelaki meninggal dunia hidup semula dalam ambulans,,kosmo.com.my,https://www.kosmo.com.my/2025/01/04/lelaki-meninggal-dunia-hidup-semula-dalam-ambulans/
KR,2025-01-04,Дневен хороскоп за 5 януари 2025 г . ,,actualno.com,https://www.actualno.com/horoscope/dneven-horoskop-za-5-januari-2025-g-news_2369055.html
KR,2025-01-04,"Günlerdir haber alınamıyordu , tabancayla vurulmuş şekilde ölü bulundu",,yenicaggazetesi.com.tr,https://www.yenicaggazetesi.com.tr/gunlerdir-haber-alinamiyordu-tabancayla-vurulmus-sekilde-olu-bulundu-874916h.htm
KR,2025-01-04,New weather warning issued for Wales by Met Office,,walesonline.co.uk,https://www.walesonline.co.uk/news/wales-news/new-weather-warning-issued-wales-30708108
KR,2025-01-04,Task force recommends tornado shelters in warehouses following deadly 2021 storm in Edwardsville,,jg-tc.com,https://jg-tc.com/news/state-regional/task-force-recommends-tornado-shelters-in-warehouses-following-deadly-2021-storm-in-edwardsville/article_4520f7be-d1a7-54f9-a9de-03ea97585181.html
KR,2025-01-04,2025 Renault Kangoo review,,greatlakesadvocate.com.au,https://www.greatlakesadvocate.com.au/story/8859217/2025-renault-kangoo-review/?cs=34616
KR,2025-01-04,ПРОМЯНА в живота на тези 5 зодии през януари 2025,,actualno.com,https://www.actualno.com/horoscope/promjana-v-jivota-na-tezi-5-zodii-prez-januari-2025-news_2369530.html
KR,2025-01-04,Miguel Coimbra e Angie Costa - Separados !  Decidimos seguir caminhos diferentes  ,,novagente.pt,https://www.novagente.pt/miguel-coimbra-e-angie-costa-separados-decidimos-seguir-caminhos-diferentes
KR,2025-01-04,"Чи варто очікувати автоматичного штрафу , якщо немає страховки : у поліції пояснили деталі – новини 1+1 Укрaїнa",,tsn.ua,https://tsn.ua/ukrayina/chi-varto-ochikuvati-avtomatichnogo-shtrafu-yakscho-nemaye-strahovki-u-policiyi-poyasnili-detali-2737203.html
KR,2025-01-04,Uz Zilokalnu – pēc atpūtas un noslēpumiem,,ogresvestisvisiem.lv,https://www.ogresvestisvisiem.lv/index.php/item/8705-uz-zilokalnu-pec-atputas-un-noslepumiem
KR,2025-01-04,Lesufi apologises for tragic death of Chesnay Keppler,,citizen.co.za,https://www.citizen.co.za/news/south-africa/lesufi-apologises-keppler/
KR,2025-01-04,Mehr Unterstützung für Ehrenamtliche dank neuem Gesetz,,thueringer-allgemeine.de,https://www.thueringer-allgemeine.de/politik/article408012571/mehr-unterstuetzung-fuer-ehrenamtliche-dank-neuem-gesetz.html
KR,2025-01-04,Nie ma przebacz . Niemal wszyscy od stycznia płacą więcej za śmieci,,portalsamorzadowy.pl,"https://www.portalsamorzadowy.pl/gospodarka-komunalna/nie-ma-przebacz-niemal-wszyscy-od-stycznia-placa-wiecej-za-smieci,591755.html"
KR,2025-01-04,Siedem nowych miast w Polsce . Jak do nich dojechać ze stolic województw ? ,,portalsamorzadowy.pl,"https://www.portalsamorzadowy.pl/inwestycje/siedem-nowych-miast-w-polsce-jak-do-nich-dojechac-ze-stolic-wojewodztw,591754.html"
KR,2025-01-04,"3 , 5 yaşındaki Efeyi annesi boğarak öldürmüş",,dha.com.tr,https://www.dha.com.tr/gundem/3-5-yasindaki-efeyi-annesi-bogarak-oldurmus-2560578
KR,2025-01-04,超正女警變身劫匪搶銀行 ！ 被抓時 「 流量密碼掉出 」 網友全歪樓,,n.yam.com,https://n.yam.com/Article/20250104709749
KR,2025-01-04,GelreNieuws » Het meest recente nieuws van regio Gelderland ! ,,gelrenieuws.nl,https://www.gelrenieuws.nl/2025/01/auto-belandt-op-de-kop-onderaan-de-dijk.html
KR,2025-01-04,GREAT ! Movie News,,tvguide.co.uk,https://www.tvguide.co.uk/schedule/a5a0ec2b-6043-5adf-b1b5-b4fb95812b48/great-movie-news
KR,2025-01-04,"Ind vs Aus : अब कौन लगाएगा टीम इंडिया की नैया पार ?, बीच मैच चोटिल हो गए बुमराह",,divyahimachal.com,https://www.divyahimachal.com/2025/01/ind-vs-aus-now-who-will-take-team-india-across-bumrah-got-injured-during-the-match/
KR,2025-01-04,MicroSectors Travel 3x Leveraged ETN ( NYSEARCA : FLYU ) Shares Gap Up – Still a Buy ? ,,etfdailynews.com,https://www.etfdailynews.com/2025/01/04/microsectors-travel-3x-leveraged-etn-nysearcaflyu-shares-gap-up-still-a-buy/
KR,2025-01-04,কূটনৈতিক মিশনের মাধ্যমে ধীরে ধীরে স্বাভাবিক হচ্ছে সিরিয়ার আকাশপথ |,,bd-pratidin.com,https://www.bd-pratidin.com/international-news/2025/01/04/1069054
KR,2025-01-04,How a Mole Infiltrated the Highest Ranks of American Militias ProPublica,,propublica.org,https://www.propublica.org/article/ap3-oath-keepers-militia-mole
KR,2025-01-04,Strefa euro w Polsce ? Jest komentarz Ministerstwa Finansów,,money.pl,https://www.money.pl/pieniadze/strefa-euro-w-polsce-jest-komentarz-ministerstwa-finansow-7110590804331264a.html
KR,2025-01-04,"KISALFOLD - Mr . Bean , azaz Rowan Atkinson hetven éves lesz",,kisalfold.hu,https://www.kisalfold.hu/bulvar-celeb/2025/01/mr-bean-isten-eltesse-70-eves
KR,2025-01-04,"Lộ diện thành viên EU , NATO không được Ba Lan mời dự lễ nhậm chức Chủ tịch EU",,vietgiaitri.com,https://vietgiaitri.com/lo-dien-thanh-vien-eu-nato-khong-duoc-ba-lan-moi-du-le-nham-chuc-chu-tich-eu-20250104i7353048/
KR,2025-01-04,Ρωσία : Η ρωσική FSB απέτρεψε βομβιστική επίθεση - Συνέλαβε τέσσερα άτομα,,lifo.gr,https://www.lifo.gr/now/world/rosia-i-rosiki-fsb-apetrepse-bombistiki-epithesi-synelabe-tessera-atoma
KR,2025-01-04,Arabeskin babasýna veda ... Ferdi Tayfur son yolculuðuna uðurlanýyor,,aksam.com.tr,https://www.aksam.com.tr/guncel/arabeskin-babasina-veda-ferdi-tayfur-son-yolculuguna-ugurlaniyor/haber-1535042
KR,2025-01-04,"Revelan en documental el rostro de Diddy Combs – Periódico Zócalo | Noticias de Saltillo , Torreón , Piedras Negras , Monclova , Acuña",,zocalo.com.mx,https://www.zocalo.com.mx/revelan-en-documental-el-rostro-de-diddy-combs/
KR,2025-01-04,Дональд Трамп - стала известна дата оглашения приговора Трампу по делу о порнозвезде УНИАН,,unian.net,https://www.unian.net/world/donald-tramp-stala-izvestna-data-suda-nad-trampom-po-delu-o-pornozvezde-12873534.html
KR,2025-01-04,James superó récord de Jordan partidos con 30 puntos o más,,acn.com.ve,https://acn.com.ve/james-supero-record-jordan/
KR,2025-01-04,"Meghan Markle keert terug naar Netflix met livestyleprogramma  With love , Meghan  ",,newsmonkey.be,https://newsmonkey.be/meghan-markle-netflix-livestyleprogramma-with-love-meghan/
KR,2025-01-04,Magic Valley churches announce events,,magicvalley.com,https://magicvalley.com/life-entertainment/local/faith-values/magic-valley-church-news-events/article_5463ba66-c7b4-11ef-8d5b-2f0c0326137e.html
KR,2025-01-04,Challenger Energy Group ( LON : CEG ) Stock Price Up 8 . 1 % – What Next ? ,,etfdailynews.com,https://www.etfdailynews.com/2025/01/04/challenger-energy-group-lonceg-stock-price-up-8-1-whats-next/
KR,2025-01-04,Sweden allows nearly 10 % of wolf population to be killed . The government wants an even more drastic cull,,kvia.com,https://kvia.com/news/us-world/cnn-world/2025/01/04/sweden-allows-nearly-10-of-wolf-population-to-be-killed-the-government-wants-an-even-more-drastic-cull/
KR,2025-01-04,PACS Group ( NYSE : PACS ) Shares Gap Up – Still a Buy ? ,,etfdailynews.com,https://www.etfdailynews.com/2025/01/04/pacs-group-nysepacs-shares-gap-up-still-a-buy/
KR,2025-01-04,"İki husumetlinin kavgasında bir kişi ölürken , bir kişi de yaralandı",,dogruhaber.com.tr,https://dogruhaber.com.tr/haber/1098811-iki-husumetlinin-kavgasinda-bir-kisi-olurken-bir-kisi-de-yaralandi/
KR,2025-01-04,"ਸੌਰਵ ਗਾਂਗੁਲੀ ਦੀ ਬੇਟੀ ਨਾਲ ਵਾਪਰਿਆ ਵੱਡਾ ਹਾਦਸਾ , ਬੱਸ ਨਾਲ ਟੱਕਰ",,globalpunjabtv.com,https://globalpunjabtv.com/sourav-gangulys-daughter-sanas-car-rams-into-bus-in-diamond-harbor/
KR,2025-01-04,СМИ : банки России запустят социальные вклады для людей с невысокими доходами . Новости . Первый канал,,1tv.ru,https://www.1tv.ru/news/2025-01-04/497435-smi_banki_rossii_zapustyat_sotsialnye_vklady_dlya_lyudey_s_nevysokimi_dohodami
KR,2025-01-04,W czasie wojny ochrona ludności staje się obroną cywilną . Jak będzie wyglądał nabór ? ,,portalsamorzadowy.pl,"https://www.portalsamorzadowy.pl/wydarzenia-lokalne/w-czasie-wojny-ochrona-ludnosci-staje-sie-obrona-cywilna-jak-bedzie-wygladal-nabor,591739.html"
KR,2025-01-04,Syrien : Internationella flyg återupptas,,gp.se,https://www.gp.se/nyheter/varlden/syrien-internationella-flyg-aterupptas.370802d7-ca36-5734-a68c-135bd78eacb5
KR,2025-01-04,"Nagyon kínos volt a NER - nek , tíz év után csendben törölték a pénzintézetet",,mfor.hu,https://mfor.hu/cikkek/makro/nagyon-kinos-volt-a-ner-nek-tiz-ev-utan-csendben-toroltek-a-penzintezetet.html
KR,2025-01-04,Russia arrests 4 youths for plotting  terror  attack on city,,channelnewsasia.com,https://www.channelnewsasia.com/world/russia-arrests-4-youths-plotting-terror-attack-city-4838231
KR,2025-01-04,"3 Terduga Pelaku Pelecehan Turis Singapura Ditangkap , Ini Kronologi Kejadian Versi Mereka",,news.republika.co.id,https://news.republika.co.id/berita/spkgf8487/3-terduga-pelaku-pelecehan-turis-singapura-ditangkap-ini-kronologi-kejadian-versi-mereka
KR,2025-01-04,Reportan muertes violentas en San Juan y Juncos,,elvocero.com,https://www.elvocero.com/ley-y-orden/reportan-muertes-violentas-en-san-juan-y-juncos/article_c1600a9c-ca9e-11ef-b556-735e81c992ab.html
KR,2025-01-04,Progressive Charlestown : A massive budget deficit means fewer hands out to R . I . lawmakers as 2025 begins,,progressive-charlestown.com,https://www.progressive-charlestown.com/2025/01/a-massive-budget-deficit-means-fewer.html
KR,2025-01-04,Hoài Lâm đang ở đâu giữa lúc vợ cũ vén màn góc khuất hôn nhân gâ . y số . c ? ,,vietgiaitri.com,https://vietgiaitri.com/hoai-lam-dang-o-dau-giua-luc-vo-cu-ven-man-goc-khuat-hon-nhan-gay-soc-20250104i7353040/
KR,2025-01-04,ANF | 3 kentte Türk devletinin  kaybettiği  isimler için buluştular,,anfturkce.net,http://anfturkce.net/guncel/3-kentte-turk-devletinin-kaybettigi-isimler-icin-bulustular-207281
KR,2025-01-04,Cómo reducir el tiempo que paso frente a la pantalla del celular,,iprofesional.com,https://www.iprofesional.com/tecnologia/419643-como-reducir-el-tiempo-que-paso-frente-a-la-pantalla-del-celular
KR,2025-01-04,"Как ухаживать за комнатными растениями зимой : простые рекомендации ТСН , новости 1+1 Разное",,tsn.ua,https://tsn.ua/ru/other/kak-uhazhivat-za-komnatnymi-rasteniyami-zimoy-glavnye-sekrety-2736849.html
KR,2025-01-04,King  deeply saddened  by death of royal nanny stepson in New Orleans attack,,borehamwoodtimes.co.uk,https://www.borehamwoodtimes.co.uk/news/national/24833114.king-deeply-saddened-death-royal-nannys-stepson-new-orleans-attack/
KR,2025-01-04,"  Shpërthen  virusi HMPV në Kinë , spitalin mbushen plot , simptoma të ngjashme me Covid 19 – Agjencia e Lajmeve – Zhurnal . mk",,zhurnal.mk,https://zhurnal.mk/shperthen-virusi-hmpv-ne-kine-spitalin-mbushen-plot-simptoma-te-ngjashme-me-covid-19/
KR,2025-01-04,Камиони със забавни имена опесъчават пътищата в Шотландия ( СНИМКА ) ,,actualno.com,https://www.actualno.com/europe/kamioni-sys-zabavni-imena-opesychavat-pytishtata-v-shotlandija-snimka-news_2369517.html
KR,2025-01-04,Mediat : Pietarilaislentokenttä suljettiin pariksi tunniksi Ukrainan lennokkihyökkäysten takia,,sss.fi,https://www.sss.fi/2025/01/mediat-pietarilaislentokentta-suljettiin-pariksi-tunniksi-ukrainan-lennokkihyokkaysten-takia/
KR,2025-01-04,Şam Havalimanı  nın uluslararası uçuşlara açılacağı tarih belli oldu,,birgun.net,https://www.birgun.net/haber/sam-havalimani-nin-uluslararasi-ucuslara-acilacagi-tarih-belli-oldu-588581
KR,2025-01-04,রুপপুর প্রকল্পের গ্রিন সিটি ভবনের নিচে মিলল রুশ নারীর লাশ,,bangla.bdnews24.com,https://bangla.bdnews24.com/samagrabangladesh/5895e874ab48
KR,2025-01-04,VAOL - Vasútmodell kiállítás Szombathelyen január elején,,vaol.hu,https://www.vaol.hu/helyi-kozelet/2025/01/vasutmodell-kiallitas-szombathely-2025
KR,2025-01-04,"Богоявление 2025 - кога се пада , традиции и обичаи",,actualno.com,https://www.actualno.com/curious/bogojavlenie-2025-koga-se-pada-tradicii-i-obichai-news_2369526.html
KR,2025-01-04,"Suriye Dışişleri Bakanı , İstikrar İçin  Ülkeye Ziyaret Gerçekleştirecek",,haberler.com,https://www.haberler.com/guncel/suriye-disisleri-bakani-istikrar-icin-uc-ulkeye-ziyaret-gerceklestirecek-18228472-haberi/
KR,2025-01-04,Wintry mix possible in North Georgia mountains as arctic air approaches,,ajc.com,https://www.ajc.com/news/atlanta-news/wintry-mix-possible-in-north-georgia-mountains-as-arctic-air-approaches/52ZZVA5KSRFGPKPDPILHTBKB3Y/
KR,2025-01-04,86 - year - old is one of the last antique slot machine repairmen,,4029tv.com,https://www.4029tv.com/article/stockton-86-year-old-antique-slot-machine-repairman/63336405
KR,2025-01-04,Boçvarski : Autostrada Stracin – Kriva Pallankë është projekt i LSDM,,zhurnal.mk,https://zhurnal.mk/bocvarski-autostrada-stracin-kriva-pallanke-eshte-projekt-i-lsdm/
KR,2025-01-04,Soul singer Brenton Wood dead at 83,,femalefirst.co.uk,https://www.femalefirst.co.uk/celebrity/soul-singer-brenton-wood-dead-83-1411558.html
KR,2025-01-04,天天学习丨中南海月刊 （ 2024 . 12 ）_ 海口网,,hkwb.net,http://www.hkwb.net/news/content/2025-01/04/content_4311517.htm
KR,2025-01-04,全国宣传部长会议在京召开 蔡奇出席并讲话,,81.cn,http://www.81.cn/ss_208539/16362726.html
KR,2025-01-04,Polícia Rodoviária apreende mais de 300 frascos de perfumes importados sem nota fiscal no interior de SP,,jornalfloripa.com.br,https://jornalfloripa.com.br/noticia/88156
KR,2025-01-04,Emergency team meeting as country braces for  multi - hazard weather event  ,,eveshamjournal.co.uk,https://www.eveshamjournal.co.uk/news/national/24833230.emergency-team-meeting-country-braces-multi-hazard-weather-event/
KR,2025-01-04,Trung Quốc tăng lương lớn cho công chức sau một thập kỷ,,vietgiaitri.com,https://vietgiaitri.com/trung-quoc-tang-luong-lon-cho-cong-chuc-sau-mot-thap-ky-20250104i7353036/
KR,2025-01-04,Ρωσία : Η FSB απέτρεψε βομβιστική επίθεση στο Γεκατερίνμπουργκ – 4 συλλήψεις,,inewsgr.com,https://www.inewsgr.com/239/rosia-i-FSB-apetrepse-vomvistiki-epithesi-sto-gekaterinbourgk--4-syllipseis.htm
KR,2025-01-04,Storia della mia scabbia,,ilpost.it,https://www.ilpost.it/2025/01/04/orvieto-storia-della-mia-scabbia/
KR,2025-01-04,Mike Blog Round Up,,crooksandliars.com,https://crooksandliars.com/2025/01/mikes-blog-round-1
KR,2025-01-04,"Galaxy S25 Ultra Partial Real - Life Image Allegedly Shared By Tipster , Revealing A Slight Design Change That Includes Rounded Corners Instead Of The Sharper Ones",,wccftech.com,https://wccftech.com/galaxy-s25-ultra-partial-real-life-image-shared-by-tipster/
KR,2025-01-04,Uber Technologies ( NYSE : UBER ) Rating Lowered to Hold at Citizens Jmp,,etfdailynews.com,https://www.etfdailynews.com/2025/01/04/uber-technologies-nyseuber-rating-lowered-to-hold-at-citizens-jmp/
KR,2025-01-04,"Liam Payne : One hotel employee arrested , another on the run , over the selling of drugs to British singer",,citizen.co.za,https://www.citizen.co.za/entertainment/celebrity-news/liam-payne-one-hotel-employee-arrested-another-on-the-run-over-the-selling-of-drugs-to-british-singer/
KR,2025-01-04,"Ученый рассказал о мощных вспышках , произошедших на Солнце",,ria.ru,https://ria.ru/20250104/solntse-1992511059.html
KR,2025-01-04,以  新市民  服务  新市民  接住新流量  银发经济  催生更多新机遇 _ 新闻频道 _ 央视网 ( cctv . com ) ,,news.cctv.com,https://news.cctv.com/2025/01/04/ARTI8OxxvxGsn2C4wpawjonN250104.shtml
KR,2025-01-04,Cañete : párroco Nilton Pachas Zavala falleció en accidente de tránsito en la Panamericana Sur,,rpp.pe,https://rpp.pe/peru/lima/canete-parroco-nilton-pachas-zavala-fallecio-en-accidente-de-transito-en-la-panamericana-sur-noticia-1608018
KR,2025-01-04,"Шкідливі поради , які не допоможуть схуднути - ТСН , новини 1+1 Корисні статті",,tsn.ua,https://tsn.ua/zdorovya/korysni-statti/tri-poradi-yaki-ne-dopomozhut-shudnuti-2736870.html
KR,2025-01-04,Emergency team meeting as country braces for  multi - hazard weather event  ,,tivysideadvertiser.co.uk,https://www.tivysideadvertiser.co.uk/news/national/24833230.emergency-team-meeting-country-braces-multi-hazard-weather-event/
KR,2025-01-04,"Земјата се доближува до Сонцето , перихелот ќе достигне денеска во 14 : 28 часот",,makfax.com.mk,https://makfax.com.mk/svet/%D0%B7%D0%B5%D0%BC%D1%98%D0%B0%D1%82%D0%B0-%D1%81%D0%B5-%D0%B4%D0%BE%D0%B1%D0%BB%D0%B8%D0%B6%D1%83%D0%B2%D0%B0-%D0%B4%D0%BE-%D1%81%D0%BE%D0%BD%D1%86%D0%B5%D1%82%D0%BE-%D0%BF%D0%B5%D1%80%D0%B8%D1%85/
KR,2025-01-04,乌克兰总理说2025年乌首要任务是确保国防和安全投入,,81.cn,http://www.81.cn/ss_208539/16362720.html
KR,2025-01-04,"Rain with falling temps . Snow , especially in NWA , Sunday night . ",,4029tv.com,https://www.4029tv.com/article/rain-with-rapidly-falling-temperatures-some-snow-especially-in-nwa-sunday-night/63336680
KR,2025-01-04,"Tramp ponovo u borbi sa vetrenjačama , ali bukvalno :  Britanija treba da ih se reši  ",,blic.rs,https://www.blic.rs/vesti/svet/tramp-ponovo-u-borbi-sa-vetrenjacama-ali-bukvalno-britanija-treba-da-ih-se-resi/bv0bfed
KR,2025-01-04,Tomiko Itooka death : World oldest person who climbed Mount Ontake twice dies at 116,,independent.co.uk,https://www.independent.co.uk/asia/japan/tomiko-itooka-japan-worlds-oldest-person-death-b2673648.html
KR,2025-01-04,雪地徒步 、 雪雕打卡 …… 各地冰雪旅游  热气腾腾 _ 腾讯新闻,,news.qq.com,https://news.qq.com/rain/a/20250103A09O2L00
KR,2025-01-04,"Dan žalosti u Srbiji : Ovo su obaveze i pravila ponašanja , predviđene i kazne",,blic.rs,https://www.blic.rs/vesti/politika/dan-zalosti-u-srbiji-ovo-su-obaveze-i-pravila-ponasanja-predvidjene-i-kazne/t70es8t
KR,2025-01-04,11 عامًا من الإنجازات .. تطوير شامل للسياحة المصرية ومواقعها الأثرية,,dostor.org,https://www.dostor.org/4913721
KR,2025-01-04,Паметен ден за световно музикално светило - Свят Новини Стандарт,,standartnews.com,https://www.standartnews.com/svyat/pameten-den-za-svetovno-muzikalno-svetilo-584490.html
KR,2025-01-04,"Machynlleth and Newtown community projects gain £444 , 984 from National Lottery",,cambrian-news.co.uk,https://www.cambrian-news.co.uk/news/machynlleth-and-newtown-community-projects-gain-ps444984-from-national-lottery-750841
KR,2025-01-04,Лекар : Това са първите симптоми на висока пикочна киселина и подагра,,actualno.com,https://www.actualno.com/health/lekar-tova-sa-pyrvite-simptomi-na-visoka-pikochna-kiselina-i-podagra-news_2369477.html
KR,2025-01-04,Co zrobić z choinką po świętach ? Żywą można posadzić albo zrobić z niej nawóz,,portalsamorzadowy.pl,"https://www.portalsamorzadowy.pl/ochrona-srodowiska/co-zrobic-z-choinka-po-swietach-zywa-mozna-posadzic-albo-zrobic-z-niej-nawoz,591752.html"
KR,2025-01-04,Serbia discloses daily gas volume imported from Azerbaijan,,azernews.az,https://www.azernews.az/oil_and_gas/236049.html
KR,2025-01-04,The fight over credit card swipe fees enters a new year with no end in sight,,nbcnews.com,https://www.nbcnews.com/business/business-news/fight-credit-card-swipe-fees-enters-new-year-no-end-sight-rcna184729
KR,2025-01-04,7 Former Knicks who still dont have jobs in 2025,,dailyknicks.com,https://dailyknicks.com/new-york-knicks-former-dont-have-jobs-2025
KR,2025-01-04,"La Adoración a Dios , el sentido de movimiento de la vida cristiana",,cope.es,https://www.cope.es/programas/mediodia-cope/la-firma-de-mario-alcudia/audios/adoracion-dios-sentido-movimiento-vida-cristiana-20250104_3071716.html
KR,2025-01-04,Münir Özkul kimdir ve aslen nerelidir ? Ne zaman öldü ? Münir Özkulun biyografisi,,haber7.com,https://www.haber7.com/biyografi/haber/3090165-munir-ozkul-kimdir-ve-aslen-nerelidir-ne-zaman-oldu-munir-ozkulun-biyografisi
KR,2025-01-04,高质量发展调研行丨小猪上楼 变废为  宝  智能养殖助力农业高效发展 _ 腾讯新闻,,news.qq.com,https://news.qq.com/rain/a/20250104A01MGT00
KR,2025-01-04,"Canicatti Web Notizie - Campobello di Licata , solidarietà al deputato Cambiano",,canicattiweb.com,https://www.canicattiweb.com/2025/01/04/campobello-di-licata-solidarieta-al-deputato-cambiano/
KR,2025-01-04,Nevşehirde Otomobil ve Hafif Ticari Araç Çarpıştı : 9 Yaralı,,haberler.com,https://www.haberler.com/3-sayfa/nevsehir-de-otomobil-ve-hafif-ticari-arac-carpisti-9-yarali-18228453-haberi/
KR,2025-01-04,"Rupali Ganguly On Leaving Anupamaa Rumours Says This Show Is My Home अनुपमा छोड़ने की खबरों पर आ गया रुपाली गांगुली का बयान , कहा - मैं प्रोड्यूसर राजन जी से लड़ने ..., Tv Hindi News",,livehindustan.com,https://www.livehindustan.com/entertainment/tv/rupali-ganguly-on-leaving-anupamaa-rumours-says-this-show-is-my-home-201735993157769.html
KR,2025-01-04,إصابات جراء قصف الاحتلال أرضًا زراعية بجوار مدرسة المأمونية غرب غزة,,dostor.org,https://www.dostor.org/4913820
KR,2025-01-04,  月嫂  育儿嫂  服务有了  新国标  – 华侨网,,chinesepress.com,https://www.chinesepress.com/2024/12/31/%E6%9C%88%E5%AB%82%E8%82%B2%E5%84%BF%E5%AB%82%E6%9C%8D%E5%8A%A1%E6%9C%89%E4%BA%86%E6%96%B0%E5%9B%BD%E6%A0%87/
KR,2025-01-04,ВЗГЛЯД / Bild : Днепропетровскую область ожидают скорые бои :: Новости дня,,vz.ru,https://vz.ru/news/2025/1/4/1307064.html
KR,2025-01-04,Saunas have  exploded in popularity  around Ireland · TheJournal . ie,,thejournal.ie,https://www.thejournal.ie/saunas-have-exploded-in-popularity-around-ireland-6585476-Jan2025/
KR,2025-01-04,Kidderminster Brintons Carpets awarded Royal Warrant,,worcesternews.co.uk,https://www.worcesternews.co.uk/news/24831199.kidderminsters-brintons-carpets-awarded-royal-warrant/
KR,2025-01-04,Công an khuyến cáo không chia sẻ clip nhạy cảm liên quan đến cá nhân,,vietnamplus.vn,https://www.vietnamplus.vn/vu-danh-ghen-gay-xon-xao-tai-can-tho-cong-an-da-lam-viec-voi-nguoi-vo-post1005786.vnp
KR,2025-01-04,Yunus Emre Vakfı  na naylon fatura soruşturması : 8 kişi tutuklandı,,birgun.net,https://www.birgun.net/haber/yunus-emre-vakfi-na-naylon-fatura-sorusturmasi-8-kisi-tutuklandi-588585
KR,2025-01-04,Kedi kadından acı haber ! ,,magazin.beyazgazete.com,"https://magazin.beyazgazete.com/haber/2025/1/2/kedi-kadindan-aci-haber-7153535.html,https://magazin.beyazgazete.com/haber/2025/1/2/kedi-kadindan-aci-haber-7153535.html"
KR,2025-01-04,Nigerian priest Christmas death puts Africa toll at top,,aleteia.org,https://aleteia.org/2025/01/04/nigerian-priests-christmas-death-puts-africa-toll-at-top
KR,2025-01-04,  Ông trùm  lẩu nướng Golden Gate bất ngờ hủy kế hoạch chia cổ tức 53 % ,,dantri.com.vn,https://dantri.com.vn/kinh-doanh/ong-trum-lau-nuong-golden-gate-bat-ngo-huy-ke-hoach-chia-co-tuc-53-20250104091533798.htm
KR,2025-01-04,Japonija kritikuoja sprendimą sustabdyti „ US Steel  pardavimą japonų bendrovei,,vz.lt,https://www.vz.lt/verslo-aplinka/2025/01/04/japonija-kritikuoja-sprendima-sustabdyti-us-steel-pardavima-japonu-bendrovei
KR,2025-01-04,Do 37 tys . zł na wymianę starego pieca . Wnioski można składać do końca lipca,,portalsamorzadowy.pl,"https://www.portalsamorzadowy.pl/ochrona-srodowiska/do-37-tys-zl-na-wymiane-starego-pieca-wnioski-mozna-skladac-do-konca-lipca,591745.html"
KR,2025-01-04,"জুবায়েরপন্থিদের বিক্ষোভের ডাক , ২৫ জানুয়ারি সম্মেলনের ঘোষণা",,risingbd.com,https://www.risingbd.com/national/news/588771
KR,2025-01-04,Gray Television ( NYSE : GTN . A ) Shares Gap Down – Here Why,,etfdailynews.com,https://www.etfdailynews.com/2025/01/04/gray-television-nysegtn-a-shares-gap-down-heres-why/
KR,2025-01-04,Szykuje się wojna o fajerwerki . Zdecyduje głos mieszkanców,,portalsamorzadowy.pl,"https://www.portalsamorzadowy.pl/komunikacja-spoleczna/szykuje-sie-wojna-o-fajerwerki-zdecyduje-glos-mieszkancow,591749.html"
KR,2025-01-04,Duitse omroep ARD en onderzoeksteam brengen  verkrachtingschat  van 70 . 000 leden aan het licht,,gva.be,https://www.gva.be/cnt/dmf20250104_94898310
KR,2025-01-04,PJX Resources ( CVE : PJX ) Stock Price Up 45 . 5 % – Here Why,,etfdailynews.com,https://www.etfdailynews.com/2025/01/04/pjx-resources-cvepjx-stock-price-up-45-5-heres-why/
KR,2025-01-04,2024年扎实推进高质量发展  成绩单  亮眼 _ 腾讯新闻,,news.qq.com,https://news.qq.com/rain/a/20250103A0790A00
KR,2025-01-04,Prete cattolico condannato a 11 anni per alto tradimento in Bielorussia / Prima volta dal crollo dellUrss,,ilsussidiario.net,https://www.ilsussidiario.net/news/prete-cattolico-condannato-a-11-anni-per-alto-tradimento-in-bielorussia-prima-volta-dal-crollo-dellurss/2787042/
KR,2025-01-04,"Democrats Rush , Saffold to run for Assembly in 1st District",,pressofatlanticcity.com,https://pressofatlanticcity.com/news/local/government-politics/elections/rush-assembly-fulop-1st-district/article_f6274ad0-ca15-11ef-83ce-d347bdd61d66.html
KR,2025-01-04,Притеснително : Акушерки се снимаха как танцуват и пеят с новородени бебета на ръце,,ruse24.bg,https://www.ruse24.bg/novini/Bylgaria/Pritesnitelno-Akusherki-se-snimaha-kak-tancuvat-i-peyat-s-novorodeni-bebeta-na-ruce-2398313
KR,2025-01-04,Идва голяма промяна в наш топ курорт ! - Бизнес Новини Стандарт,,standartnews.com,https://www.standartnews.com/biznes/idva-golyama-promyana-v-nash-top-kurort-584504.html
KR,2025-01-04,Apresentador da Record encontra bala perdida em casa e faz alerta,,jornalfloripa.com.br,https://jornalfloripa.com.br/noticia/88162
KR,2025-01-04,"Deri në tri orë pritjet në Merdarë , një orë e gjysmë te Dheu i Bardhë",,indeksonline.net,https://indeksonline.net/deri-ne-tri-ore-pritjet-ne-merdare-nje-ore-e-gjysme-te-dheu-i-bardhe/
KR,2025-01-07,What Trump Cabinet Picks Howard Lutnick And Scott Bessent Could Mean For The Economy,,forbes.com,https://www.forbes.com/sites/joemoglia/2025/01/07/what-trump-cabinet-picks-howard-lutnick-and-scott-bessent-could-mean-for-the-economy/
KR,2025-01-07,Sling Therapeutics Appoints Andrew Guggenhime to its Board of Directors,,lelezard.com,https://www.lelezard.com/en/news-21657431.html
KR,2025-01-07,Alemanno 24 gennaio udienza tribunale Sorveglianza per ex sindaco,,zazoom.it,https://www.zazoom.it/2025-01-07/alemanno-24-gennaio-udienza-tribunale-sorveglianza-per-ex-sindaco/16131050/
KR,2025-01-07,"Shuttle Pharma to Participate in the Lytham Partners 2025 Investor Healthcare Summit on January 13 , 2025",,manilatimes.net,https://www.manilatimes.net/2025/01/07/tmt-newswire/globenewswire/shuttle-pharma-to-participate-in-the-lytham-partners-2025-investor-healthcare-summit-on-january-13-2025/2032504
KR,2025-01-07,定日县6 . 8级地震｜专家 ： 定日县地震为正断层型地震 _ 大陆 _ 国内新闻 _ 新闻 _ 齐鲁网,,news.iqilu.com,https://news.iqilu.com/china/gedi/2025/0107/5765227.shtml
KR,2025-01-07,Bilder des Tages : Großes Sternesterben,,wort.lu,https://www.wort.lu/panorama/bilder-des-tages-grosses-sternesterben/20685582.html
KR,2025-01-07,"Del lista e Realit për Superkupën e Spanjës , rikthehet Alaba",,indeksonline.net,https://indeksonline.net/del-lista-e-realit-per-superkupen-e-spanjes-rikthehet-alaba/
KR,2025-01-07,全国统一大市场建设指引出台 ， 明确了这些  底线红线  ,,yicai.com,https://www.yicai.com/news/102431912.html
KR,2025-01-07," .„ Markus Lanz  heute : Gäste und Themen am Dienstag , 7 . 1 . 2025",,kn-online.de,https://www.kn-online.de/medien/markus-lanz-heute-gaeste-und-themen-am-dienstag-7-1-2025-27SGYZWPNVC2LERDL7KPDFMWAE.html
KR,2025-01-07,Carter funeral moves to Washington ; first US bird flu death,,lacrossetribune.com,https://lacrossetribune.com/news/nation-world/carters-funeral-moves-to-washington-first-us-bird-flu-death-hot-off-the-wire-podcast/article_e7ff72dd-bc29-587e-8c34-1120c36711b7.html
KR,2025-01-07,Green Building Initiative Applauds Michigan Sustainable Data Center Growth and Operation Law,,manilatimes.net,https://www.manilatimes.net/2025/01/07/tmt-newswire/globenewswire/green-building-initiative-applauds-michigan-sustainable-data-center-growth-and-operation-law/2032514
KR,2025-01-07,Lake Kivu islands survey may hold key to future conservation use,,eturbonews.com,https://eturbonews.com/lake-kivu-islands-survey-may-hold-key-future-conservation-use/
KR,2025-01-07,"Giáp Tết , khách săn mua nhà riêng Hà Nội giá 5",,giadinh.suckhoedoisong.vn,https://giadinh.suckhoedoisong.vn/giap-tet-khach-san-mua-nha-rieng-ha-noi-gia-5-6-ty-dong-172250103072214183.htm
KR,2025-01-07,Захар Подкидишев зник безвісти у районі Курахового - до армії він працював журналістом,,24tv.ua,https://24tv.ua/zahar-podkidishev-znik-bezvisti-rayoni-kurahovogo-do-armiyi-vin_n2724157
KR,2025-01-07,Vontier Driivz extends its offering to provide Call Center and Network Operation Center ( NOC ) Services,,manilatimes.net,https://www.manilatimes.net/2025/01/07/tmt-newswire/globenewswire/vontiers-driivz-extends-its-offering-to-provide-call-center-and-network-operation-center-noc-services/2032512
KR,2025-01-07,بيان صحفي صادر عن منظمات المجتمع المدني الفلسطيني لتعزيز لغة الحوار ورفض التحريض - شبكة فلسطين للأنباء,,shfanews.net,https://www.shfanews.net/post/195786
KR,2025-01-07,Il pericolo Musk per le democrazie,,ecodibergamo.it,https://www.ecodibergamo.it/stories/premium/Editoriale/il-pericolo-musk-democrazie-o_2743778_11/
KR,2025-01-07,自民党大分県連の１区支部長に衛藤博昭氏 次期衆院選再挑戦へ - 大分のニュースなら 大分合同新聞プレミアムオンライン Gate,,oita-press.co.jp,https://www.oita-press.co.jp/1010000000/2025/01/07/JDC2025010702055
KR,2025-01-07,Southern Empire Resources ( CVE : SMP ) Stock Price Down 20 % – Should You Sell ? ,,wkrb13.com,https://www.wkrb13.com/2025/01/07/southern-empire-resources-cvesmp-stock-price-down-20-should-you-sell.html
KR,2025-01-07,无纸笔测评玩出新花样 ！ 南工大实小腊八游园会 ， 年味儿Max ！ ,,yangtse.com,https://www.yangtse.com/content/1966846.html
KR,2025-01-07,Bizim derdimiz çocuk değil aşk ! Yeni yaşına sevgilisinin kollarında girdİ,,hurriyet.com.tr,https://www.hurriyet.com.tr/kelebek/magazin/bizim-derdimiz-cocuk-degil-ask-yeni-yasina-sevgilisinin-kollarinda-girdi-42651168
KR,2025-01-07,Tentativa de golpe de  Black Friday : Trocam etiquetas no IKEA para pagar menos – Notícias de Coimbra,,noticiasdecoimbra.pt,https://www.noticiasdecoimbra.pt/tentativa-de-golpe-de-black-friday-trocam-etiquetas-no-ikea-para-pagar-menos/
KR,2025-01-07,Norovirus o  gripe estomacal : los síntomas del virus,,telecinco.es,https://www.telecinco.es/noticias/salud/20250107/sintomas-norovirus-brote-virus-navidades-espana_18_014427486.html
KR,2025-01-07,30 % ارتفاع عدد شكاوى المستهلك العام الماضي,,elbrqnews.com,http://www.elbrqnews.com/New-News/91905.html
KR,2025-01-07,574 bajos - vivienda de Alfafar acumulan toneladas de lodo en el subsuelo,,telecinco.es,https://www.telecinco.es/noticias/valencia/20250107/bajos-vivienda-alfafar-acumulacion-lodo-subsuelo-dana_18_014427351.html
KR,2025-01-07,Efemérides del 7 de enero : Tal día como hoy en la historia,,elcaribe.com.do,https://www.elcaribe.com.do/gente/cultura/efemerides-del-7-de-enero/
KR,2025-01-07,"Omicidio in Brianza : larrestata ,  io aggredita mi sono difesa  - Notizie",,ansa.it,https://www.ansa.it/lombardia/notizie/2025/01/07/omicidio-in-brianza-larrestata-io-aggredita-mi-sono-difesa_70f88d0f-b4b1-4222-aa63-4ec7e093f842.html
KR,2025-01-07,الخارجية القطرية : جهود الوساطة متواصلة لوقف الحرب في غزة - شبكة فلسطين للأنباء,,shfanews.net,https://www.shfanews.net/post/195806
KR,2025-01-07,Next shares : the best FTSE 100 stock money can buy ? ,,fool.co.uk,https://www.fool.co.uk/2025/01/07/next-shares-the-best-ftse-100-stock-money-can-buy/
KR,2025-01-07,"tesla ceo elon musk : As Elon Musk hangs around Mar - a - Lago , Melania excited to have a babysitter for Donald Trump",,economictimes.indiatimes.com,https://economictimes.indiatimes.com/news/international/us/as-elon-musk-hangs-around-mar-a-lago-melania-excited-to-have-a-babysitter-for-donald-trump/articleshow/117028990.cms
KR,2025-01-07,First international commercial flight since Assad ouster lands in Syria capital,,dailyjournal.net,https://dailyjournal.net/2025/01/07/first-international-commercial-flight-since-assads-ouster-lands-in-syrias-capital/
KR,2025-01-07,"Jean Marie Le Pen , fundador del Frente Nacional francés",,elcaribe.com.do,https://www.elcaribe.com.do/panorama/politica/jean-marie-le-pen-fundador-del-frente-nacional-frances-muere-a-los-96-anos/
KR,2025-01-07,Four more Islanders confirmed for Love Island : All Stars,,goss.ie,https://goss.ie/realitytv/four-more-islanders-confirmed-for-love-island-all-stars-404614
KR,2025-01-07,London - listed news in brief,,mining-journal.com,https://www.mining-journal.com/exploration-development/news-in-brief/4393073/london-listed-news-brief
KR,2025-01-07,About Us - Bethesda Magazine,,bethesdamagazine.com,http://bethesdamagazine.com/about/
KR,2025-01-07,Meta : Τερματίζει το πρόγραμμα fact checking μετά την εκλογή Τραμπ,,lifo.gr,https://www.lifo.gr/now/tech-science/meta-termatizei-programma-fact-checking-yiothetei-systima-paromoio-me-tis
KR,2025-01-07,Jack Smith finalizing Trump investigation report that could be released as early as Friday – Winnipeg Free Press,,winnipegfreepress.com,https://www.winnipegfreepress.com/breakingnews/2025/01/07/jack-smith-finalizing-trump-investigation-report-that-could-be-released-as-early-as-friday
KR,2025-01-07,Макрона обвинили в  неуважении  из - за высказываний об Африке | MigNews - Новости Израиля и Мира на русском языкеMigNews,,mignews.com,http://mignews.com/news/politic/makrona-obvinili-v-neuvazhenii-iz-za-vyskazyvanij-ob-afrike.html
KR,2025-01-07,Глоя Грейс Морец виходить заміж – зірка фільму П  ята Хвиля заручилася з жінкою – фото УНІАН,,unian.ua,https://www.unian.ua/lite/stars/gloya-greys-morec-vihodit-zamizh-zirka-filmu-p-yata-hvilya-zaruchilasya-z-zhinkoyu-foto-12876585.html
KR,2025-01-07,  Це вже не жарт : Леся Нікітюк вперше прокоментувала свої заручини,,unian.ua,https://www.unian.ua/lite/stars/ce-vzhe-ne-zhart-lesya-nikityuk-vpershe-prokomentuvala-svoji-zaruchini-12876591.html
KR,2025-01-07,"सीमा में रहेंगे बाजार , घरेलू और वैश्विक संकेतों से होंगे प्रेरित : सिद्धार्थ खेमका , मोतीलाल ओसवाल फाइनेंशियल सर्विसेज",,sharemanthan.in,https://www.sharemanthan.in/60-stock-market/77064-motilal-oswal-financial-services-siddhartha-khemka-daily-market-commentary-20250107
KR,2025-01-07,ROTH Deepens Commitment to the Technology Sector with Key Team Expansions in Banking and Research,,manilatimes.net,https://www.manilatimes.net/2025/01/07/tmt-newswire/globenewswire/roth-deepens-commitment-to-the-technology-sector-with-key-team-expansions-in-banking-and-research/2032526
KR,2025-01-07,Detenido por difundir fotos íntimas de 9 mujeres con perfiles falsos en redes,,telecinco.es,https://www.telecinco.es/noticias/sociedad/20250107/detenido-publicar-fotos-intimas-internet-companeras-trabajo-cantabria_18_014428863.html
KR,2025-01-07,"Йогуртовий бісквіт - швидкий рецепт , для якого не пторібні ваги УНІАН",,unian.ua,https://www.unian.ua/curiosities/yogurtoviy-biskvit-shvidkiy-recept-dlya-yakogo-ne-ptoribni-vagi-12876432.html
KR,2025-01-07,About Us - Bethesda Magazine,,bethesdamagazine.com,https://bethesdamagazine.com/about/
KR,2025-01-07,Seanad hopefuls left out of Sinn Féin announcement - Homepage,,westernpeople.ie,https://www.westernpeople.ie/seanad-hopefuls-left-out-of-sinn-f%C3%A9in-announcement_arid-43530.html
KR,2025-01-07,Bangor Savings Bank Trims Holdings in The Walt Disney Company ( NYSE : DIS ) ,,wkrb13.com,https://www.wkrb13.com/2025/01/07/bangor-savings-bank-trims-holdings-in-the-walt-disney-company-nysedis.html
KR,2025-01-07,Нижегородская область входит в топ - 5 регионов по количеству оформленных  Карт болельщика  третий год подряд Новости Нижнего Новгорода,,niann.ru,https://www.niann.ru/?id=613233
KR,2025-01-07,"Quảng Ninh chi 120 tỷ đồng thăm hỏi , tặng quà Tết",,vov.vn,https://vov.vn/xa-hoi/quang-ninh-chi-120-ty-dong-tham-hoi-tang-qua-tet-post1147246.vov
KR,2025-01-07,蛇年创意红包袋热销 ， 你买了吗 ？ 动态  微信红包封面  也卖疯了,,yangtse.com,https://www.yangtse.com/content/1966845.html
KR,2025-01-07,"Apple , BBCnin şikayeti üzerine yapay zeka özelliğini güncelleyecek",,cumhuriyet.com.tr,https://www.cumhuriyet.com.tr/bilim-teknoloji/apple-bbcnin-sikayeti-uzerine-yapay-zeka-ozelligini-guncelleyecek-2286971
KR,2025-01-07,Liverpool hospital declares critical incident over  exceptionally high  demand on A & E amid rising flu cases,,iwradio.co.uk,https://www.iwradio.co.uk/news/sky-news/liverpool-hospital-declares-critical-incident-over-exceptionally-high-demand-on-aande-amid-rising-flu-cases/
KR,2025-01-07,Handy News : Aktuelle Nachrichten zu Handy aus 2025,,news.de,https://www.news.de/thema/handy/1/
KR,2025-01-07,"DoxyPEP Lowers Rate of Sexually Transmitted Infections ( STIs ), Data Suggests",,douglas-budget.com,https://www.douglas-budget.com/lifestyles/health/article_86133f49-d786-5268-a963-c414cf825cde.html
KR,2025-01-07,Shooters Hill Sixth Form student stabbed in terrifying Woolwich attack,,newsshopper.co.uk,https://www.newsshopper.co.uk/news/24838724.shooters-hill-sixth-form-student-stabbed-terrifying-woolwich-attack/
KR,2025-01-07,"Petros Pharmaceuticals , Inc .: Petros Pharmaceuticals Strategically Positioned to Benefit as Technology Leader from Newly Approved FDA OTC Final Rules",,finanznachrichten.de,https://www.finanznachrichten.de/nachrichten-2025-01/64230070-petros-pharmaceuticals-inc-petros-pharmaceuticals-strategically-positioned-to-benefit-as-technology-leader-from-newly-approved-fda-otc-final-rules-200.htm
KR,2025-01-07,فرنسا .. وفاة مؤسس حزب الجبهة الوطنية جان ماري لوبان,,gate.el-balad.com,https://gate.el-balad.com/65489
KR,2025-01-07,全日本高校バレー 、 男子の大分南は３回戦で敗れる 第１シード駿台学園に０ ― ２ - 大分のニュースなら 大分合同新聞プレミアムオンライン Gate,,oita-press.co.jp,https://www.oita-press.co.jp/1010000000/2025/01/07/JDC2025010702490
KR,2025-01-07,2025 Lexus GX review,,macleayargus.com.au,https://www.macleayargus.com.au/story/8861399/2025-lexus-gx-review/?cs=34616
KR,2025-01-07,Число пострадавших в ДТП с автобусом в Карелии достигло 16,,news.mail.ru,https://news.mail.ru/incident/64352840/
KR,2025-01-07,NAACP Evansville branch to host breakfast honoring MLK,,yahoo.com,https://www.yahoo.com/news/naacp-evansville-branch-host-breakfast-124605003.html
KR,2025-01-07,Renovaro Inc : Renovaro Issues Shareholder Letter and Provides Corporate Update,,finanznachrichten.de,https://www.finanznachrichten.de/nachrichten-2025-01/64230021-renovaro-inc-renovaro-issues-shareholder-letter-and-provides-corporate-update-399.htm
KR,2025-01-07,Kadın sürücülerin yol kavgası ! Kolundan bıçakladı,,haberler.com,https://www.haberler.com/3-sayfa/ters-yonden-gelen-surucu-tepki-gosteren-kadini-bicakladi-18236690-haberi/
KR,2025-01-07,Google Maps prankster puts fake Aldi supermarket in the middle of the countryside - sending an  endless stream  of shoppers to a quiet Welsh village,,dailymail.co.uk,https://www.dailymail.co.uk/sciencetech/article-14258773/Google-Maps-fake-Aldi-Wales.html
KR,2025-01-07,En düşük emekli maaşıyla birlikte emekli maaşındaki erime de ortaya çıktı,,haber3.com,https://www.haber3.com/foto-galeri/haber/en-dusuk-emekli-maasiyla-birlikte-emekli-maasindaki-erime-de-ortaya-cikti-galeri-6214241
KR,2025-01-07,"İstanbul İSKİ su kesintisi ! 7 - 8 Ocak Gaziosmanpaşa , Pendik , Zeytinburnu su kesintisi listesi ! Sular ne zaman gelecek ? ",,haberler.com,https://www.haberler.com/haberler/istanbul-iski-su-kesintisi-7-8-ocak-18237336-haberi/
KR,2025-01-07,The Untapped Heat Pump Market : Part 1,,achrnews.com,https://www.achrnews.com/articles/163931-the-untapped-heat-pump-market-part-1
KR,2025-01-07,Fransız aşırı sağının  babası  öldü,,sozcu.com.tr,https://www.sozcu.com.tr/fransiz-asiri-saginin-babasi-oldu-p124754
KR,2025-01-07,"4 con giáp tư duy nhanh nhạy , dễ dạt được nhiều thành tựu",,giadinh.suckhoedoisong.vn,https://giadinh.suckhoedoisong.vn/4-con-giap-tu-duy-nhanh-nhay-de-dat-duoc-nhieu-thanh-tuu-172250107165744153.htm
KR,2025-01-07,Entitled Disney Mom Cant Believe People Called Her Out For Cutting In Line :  Everyone Clapped  ,,boredpanda.com,https://www.boredpanda.com/entitled-disney-mom-cuts-line-revenge/?cexp_id=114130&cexp_var=44&_f=homepage_featured
KR,2025-01-07,"Emendamento FI , no a sorteggio per i componenti laici del Csm - Notizie",,ansa.it,https://www.ansa.it/sito/notizie/politica/2025/01/07/emendamento-fi-no-a-sorteggio-per-i-componenti-laici-del-csm_885a88fa-a654-436a-a1e1-d44b3a632f2b.html
KR,2025-01-07,Pietų Korėjoje antrą krtą bandoma areštuoti nušalintą prezidentą,,klaipeda.diena.lt,https://klaipeda.diena.lt/naujienos/pasaulis/ekonomika-ir-politika/pietu-korejoje-antra-krta-bandoma-arestuoti-nusalinta-prezidenta-1206812
KR,2025-01-07,"  8 de janeiro foi o clímax da radicalizao política , alimentada por fake news e ódio , diz Jorge Messias",,brasil247.com,https://www.brasil247.com:443/brasil/8-de-janeiro-foi-o-climax-da-radicalizacao-politica-alimentada-por-fake-news-e-odio-diz-jorge-messias
KR,2025-01-07,"Lead pollution in ancient Rome may have lowered IQ levels , study finds",,news.sky.com,https://news.sky.com/story/lead-pollution-in-ancient-rome-may-have-lowered-iq-levels-study-finds-13284962
KR,2025-01-07,"36 Qualities Of A Secure , Masculine Man , According To Internet Folks",,boredpanda.com,https://www.boredpanda.com/good-signs-men-secure-masculinity/?cexp_id=114067&cexp_var=47&_f=homepage_featured
KR,2025-01-07,A Few Rounds of Light Snow Possible in Minnesota,,power96radio.com,https://power96radio.com/ixp/67/p/st-cloud-snowfall-update/
KR,2025-01-07,Walgreens and Visory Health Ink New Deal | The Manila Times,,manilatimes.net,https://www.manilatimes.net/2025/01/07/tmt-newswire/globenewswire/walgreens-and-visory-health-ink-new-deal/2032520
KR,2025-01-07,Şamda devrik rejim askerlerine karşı operasyon,,cumhuriyet.com.tr,https://www.cumhuriyet.com.tr/dunya/samda-devrik-rejim-askerlerine-karsi-operasyon-2286975
KR,2025-01-07,Shutterstock and Getty Images say they will merge,,goulburnpost.com.au,https://www.goulburnpost.com.au/story/8861403/shutterstock-and-getty-images-say-they-will-merge/?cs=14264
KR,2025-01-07,Gümüşhanede caddede patlayan su borusu onarıldı - Gümüşhane Haberleri,,haberturk.com,https://www.haberturk.com/gumushane-haberleri/36683797-gumushanede-caddede-patlayan-su-borusu-onarildi
KR,2025-01-07,Isle Of Wight Libraries To Launch Exciting Newsletter In 2025,,iwradio.co.uk,https://www.iwradio.co.uk/news/local-community-news/isle-of-wight-libraries-to-launch-exciting-newsletter-in-2025/
KR,2025-01-07,Fiscalía investiga violación a una joven en hotel de Cuenca,,elmercurio.com.ec,https://elmercurio.com.ec/2025/01/07/fiscalia-investiga-violacion-hotel-cuenca/
KR,2025-01-07,  عطاء التعليمية  تعلن تجديد اتفاقية التسهيلات مع  بي إس إف  بـ 189 . 4 مليون ريال,,3yonnews.com,https://www.3yonnews.com/1929076
KR,2025-01-07,Trump tries to block Jack Smith report and inmates reject Biden commutation : Morning Rundown,,yahoo.com,https://www.yahoo.com/news/trump-tries-block-jack-smith-140711772.html
KR,2025-01-07,2025 iHeartPodcast Awards : Full List of Nominees,,hollywoodreporter.com,https://www.hollywoodreporter.com/business/digital/iheartpodcast-awards-2025-nominees-1236098656/
KR,2025-01-07,Sivasta yabancı uyruklu 3 kaçak gmen yakalandı,,malatyaguncel.com,https://www.malatyaguncel.com/sivasta-yabanci-uyruklu-3-kacak-gocmen-yakalandi-2689278h.htm
KR,2025-01-07,Курахове – яка частина міста під контролем ЗСУ УНІАН,,unian.ua,https://www.unian.ua/war/kurahove-yaka-chastina-mista-pid-kontrolem-zsu-12876597.html
KR,2025-01-07,"Bangor Savings Bank Trims Stake in American Water Works Company , Inc . ( NYSE : AWK ) ",,theenterpriseleader.com,https://theenterpriseleader.com/2025/01/07/bangor-savings-bank-trims-stake-in-american-water-works-company-inc-nyseawk.html
KR,2025-01-07,ON ( NYSE : ONON ) Now Covered by Analysts at Bank of America,,theenterpriseleader.com,https://theenterpriseleader.com/2025/01/07/on-nyseonon-now-covered-by-analysts-at-bank-of-america.html
KR,2025-01-07,This Dog Eats Better Than You Do : Biggie The American Bully Dining Etiquette Goes Viral,,boredpanda.com,https://www.boredpanda.com/pitbull-dog-dining-viral-comedy-chocodogger/
KR,2025-01-07,Vanda 36 kilo uyuşturucu ele geçirildi,,malatyaguncel.com,https://www.malatyaguncel.com/vanda-36-kilo-uyusturucu-ele-gecirildi-2689272h.htm
KR,2025-01-07,Жан - Марі Ле Пен – помер засновник партії  Національний фронт  у Франції УНІАН,,unian.ua,https://www.unian.ua/world/zhan-mari-le-pen-pomer-zasnovnik-partiji-nacionalniy-front-u-franciji-12876576.html
KR,2025-01-07,Apple promises to fix Apple Intelligence feature that causing concern,,t3.com,https://www.t3.com/tech/iphones/apple-promises-to-fix-apple-intelligence-feature-thats-causing-concern
KR,2025-01-07,Seit Monaten kaum Bewegung : Gespräche über Gaza - Waffenruhe dauern auf „ technischer Ebene  an,,tagesspiegel.de,https://www.tagesspiegel.de/internationales/liveblog/gesprache-uber-gaza-waffenruhe-dauern-auf-technischer-ebene-an-10586281.html
KR,2025-01-07,Sinopta ölüme terk edilen köpekler kurtarılmayı bekliyor,,malatyaguncel.com,https://www.malatyaguncel.com/sinopta-olume-terk-edilen-kopekler-kurtarilmayi-bekliyor-2689274h.htm
KR,2025-01-07,"Asaram Bapu Bail : सुप्रीम कोर्ट ने आसाराम को दी इलाज कराने के लिए जमानत , सामने रखी ये शर्तें",,india.com,https://www.india.com/hindi-news/india-hindi/supreme-court-grants-rape-convict-asaram-interim-bail-on-medical-grounds-7520742/
KR,2025-01-07,Meta ends fact - checking on Facebook and Instagram in favour of community notes,,inverness-courier.co.uk,https://www.inverness-courier.co.uk/news/national/meta-ends-fact-checking-on-facebook-and-instagram-in-favour-of-community-notes-124629/
KR,2025-01-07,"What is black ice , how does it form ? ",,yahoo.com,https://www.yahoo.com/news/black-ice-does-form-121510835.html
KR,2025-01-07,Մահացել է Ժան Մարի Լը Պենը,,panorama.am,https://www.panorama.am/am/news/2025/01/07/%D4%BA%D5%A1%D5%B6-%D5%84%D5%A1%D6%80%D5%AB-%D4%BC%D5%A8-%D5%8A%D5%A5%D5%B6/3099038
KR,2025-01-07,Child sexual abuse : professionals to be under duty to report with criminal sanction for failing to do so,,communitycare.co.uk,https://www.communitycare.co.uk/2025/01/07/child-sexual-abuse-professionals-to-be-under-duty-to-report-with-criminal-sanction-for-failing-to-do-so/
KR,2025-01-07,Курськ - ЗСУ ударили по командному пункту 810 окремої бригади морської піхоти на Курщині УНІАН,,unian.ua,https://www.unian.ua/war/zsu-zavdali-udaru-po-komandnomu-punktu-rosiyskih-morpihiv-na-kurshchini-12876636.html
KR,2025-01-07,Jennifer Lopez and Ben Affleck settle divorce,,news.sky.com,https://news.sky.com/story/jennifer-lopez-and-ben-affleck-settle-divorce-13284952
KR,2025-01-07,杜魯道執政多年失民心 自家選區 「 杜粉 」 挺不下去 | 國際,,cna.com.tw,https://www.cna.com.tw:443/news/aopl/202501070431.aspx
KR,2025-01-07,Людей доставали из - под завалов : в Петрозаводске введен режим ЧС после взрыва газа в квартире МКД - БлокнотРУ - Новости криминала . Криминал новости . Криминальные новости . Криминал и происшествия . Происшествия и криминал . Происшествия и кримина...,,lratvakan.com,https://lratvakan.com/news/1098571.html
KR,2025-01-07, ， 这家伙踏空了 ， 想进来 。 造谣古惑 ， 制造恐慌 。 趁机低位进山子 ！ 眼红了 ！_ 山子高科 ( 000981 ) 股吧 _ 东方财富网股吧,,guba.eastmoney.com,"http://guba.eastmoney.com/o/news,000981,1506673559.html"
KR,2025-01-07,صور أقمار صناعية تظهر اتساع رقعة الدمار شمال قطاع غزة - شبكة فلسطين للأنباء,,shfanews.net,https://www.shfanews.net/post/195832
KR,2025-01-07,أعراض شبيهة لمتحور كورونا في الجزائر,,elkhabar.com,https://www.elkhabar.com/press/article/254901/%D8%A3%D8%B9%D8%B1%D8%A7%D8%B6-%D8%B4%D8%A8%D9%8A%D9%87%D8%A9-%D9%84%D9%85%D8%AA%D8%AD%D9%88%D8%B1-%D9%83%D9%88%D8%B1%D9%88%D9%86%D8%A7-%D9%81%D9%8A-%D8%A7%D9%84%D8%AC%D8%B2%D8%A7%D8%A6%D8%B1/
KR,2025-01-07,拜登釋放近半關達那摩灣監獄囚犯 目前還監禁15人 | 國際,,cna.com.tw,https://www.cna.com.tw/news/aopl/202501070403.aspx
KR,2025-01-07,Cuidado con las pulseras de los relojes inteligentes : un estudio científico ha descubierto que hay riesgo de cáncer,,20minutos.es,https://www.20minutos.es/noticia/5669989/0/aviso-estudio-pulseras-relojes-inteligentes-pueden-ser-toxicas-para-salud/
KR,2025-01-07,Carter funeral moves to Washington ; first US bird flu death,,wcfcourier.com,https://wcfcourier.com/news/nation-world/carters-funeral-moves-to-washington-first-us-bird-flu-death-hot-off-the-wire-podcast/article_22ca8c6a-24b1-5bb8-8698-7a8c9ccfb438.html
KR,2025-01-07,Lululemon Athletica ( NASDAQ : LULU ) Upgraded at Sanford C . Bernstein,,wkrb13.com,https://www.wkrb13.com/2025/01/07/lululemon-athletica-nasdaqlulu-upgraded-at-sanford-c-bernstein.html
KR,2025-01-07,All About Adam Brody and Leighton Meester Kids,,today.com,https://www.today.com/popculture/tv/adam-brody-leighton-meester-kids-rcna185970
KR,2025-01-07, On mène un travail de fond  : cette association aide les victimes de lamiante et leur,,hyeres.maville.com,https://hyeres.maville.com/actu/actudet_--on-mene-un-travail-de-fond-cette-association-aide-les-victimes-de-l-amiante-et-leur-famille-_fil-6623542_actu.Htm
KR,2025-01-07,Susquehanna Reaffirms  Neutral  Rating for Old Dominion Freight Line ( NASDAQ : ODFL ) ,,wkrb13.com,https://www.wkrb13.com/2025/01/07/susquehanna-reaffirms-neutral-rating-for-old-dominion-freight-line-nasdaqodfl.html
KR,2025-01-07,Will Donald Trump be able to save TikTok in the US ? – DW – 01 / 07 / 2025,,dw.com,https://www.dw.com/en/will-donald-trump-be-able-to-save-tiktok-in-the-us/a-71230715
KR,2025-01-07,全日本高校バレー 、 女子の東九州龍谷が準々決勝で敗れる 共栄学園の勢い止められず - 大分のニュースなら 大分合同新聞プレミアムオンライン Gate,,oita-press.co.jp,https://www.oita-press.co.jp/1010000000/2025/01/07/JDC2025010702492
KR,2025-01-07,Yunanda alarm !  Türkler meydan okuyor  ,,haber7.com,https://www.haber7.com/dunya/haber/3494386-yunanda-alarm-turkler-meydan-okuyor
KR,2025-01-07,Tudanca confirma su adiós y da su  apoyo  a Carlos Martínez | Todas las noticias de Palencia,,diariopalentino.es,https://www.diariopalentino.es/noticia/z84d7a42d-e940-3cb9-0f0953d6fe460352/202501/tudanca-confirma-su-adios-y-da-su-apoyo-a-carlos-martinez
KR,2025-01-07,La Galleria dellAccademia acquisisce unopera di Luigi Pampaloni,,zazoom.it,https://www.zazoom.it/2025-01-07/la-galleria-dellaccademia-acquisisce-unopera-di-luigi-pampaloni-2/16131054/
KR,2025-01-07,Lake Effect Snow Hitting Southwest Michigan Before Larger Storm,,wkmi.com,https://wkmi.com/ixp/689/p/snow-southwest-michigan/
KR,2025-01-07,Breaking News Alerts,,bethesdamagazine.com,https://bethesdamagazine.com/breaking-news-alerts/
KR,2025-01-07,Habervitrini . com | Mahkemeden şok karar Kadın kocasına süresiz nafaka ödeyecek,,habervitrini.com,https://www.habervitrini.com/mahkemeden-sok-karar-kadin-kocasina-suresiz-nafaka-odeyecek/1134334
KR,2025-01-07,Watershed connects city students to country landcare | Mudgee Guardian,,mudgeeguardian.com.au,https://www.mudgeeguardian.com.au/story/8860801/watershed-connects-city-students-to-country-landcare/
KR,2025-01-07,Edinburgh dad and Gulf War veteran dies in tragic motorcycle accident in England,,dailyrecord.co.uk,https://www.dailyrecord.co.uk/news/scottish-news/edinburgh-dad-gulf-war-veteran-34434314
KR,2025-01-07,Alaska Air Group ( NYSE : ALK ) Price Target Raised to $82 . 00 at UBS Group,,wkrb13.com,https://www.wkrb13.com/2025/01/07/alaska-air-group-nysealk-price-target-raised-to-82-00-at-ubs-group.html
KR,2025-01-07,Roku Surpasses 90 Million U . S . Streaming Households,,tvtechnology.com,https://www.tvtechnology.com/news/roku-surpasses-90-million-u-s-streaming-households
KR,2025-01-07,Detenido un joven en Granada por asaltar y robar a una anciana en la calle,,telecinco.es,https://www.telecinco.es/noticias/andalucia/20250107/detenido-granada-asaltar-robar-tres-mujeres-anciana_18_014428179.html
KR,2025-01-07,Getty Images e Shutterstock anunciam fusão avaliada em 3 . 700 milhões de dólares,,jornaleconomico.sapo.pt,https://jornaleconomico.sapo.pt/noticias/getty-images-e-shutterstock-anunciam-fusao-avaliada-em-3-700-milhoes-de-dolares/
KR,2025-01-07,CNN founder Ted Turner hospitalized after bout with pneumonia,,nypost.com,https://nypost.com/2025/01/07/business/cnn-founder-ted-turner-hospitalized-after-bout-with-pneumonia/
KR,2025-01-07,Weary Heat look to summon energy in encounter vs . Warriors,,jacksonprogress-argus.com,https://www.jacksonprogress-argus.com/fieldlevel/weary-heat-look-to-summon-energy-in-encounter-vs-warriors/article_f53f5a4b-2b11-5d23-835d-47dc2ff3701e.html
KR,2025-01-07,Ny IS - leder ble trolig radikalisert i Göteborg,,dagen.no,https://www.dagen.no/nyheter/ny-is-leder-ble-trolig-radikalisert-i-goteborg/1378753
KR,2025-01-07,Триває евакуація з Куп  янського району Харківщини | Новини Харкова та України,,atn.ua,https://atn.ua/ukraine/tryvaie-evakuatsiia-z-kup-ianskoho-rajonu-kharkivshchyny-462047/
KR,2025-01-07,How BoI  ll Drive MSME Growth With Fresh N3trn Capital,,dailytrust.com,https://dailytrust.com/how-boi-ll-drive-msme-growth-with-fresh-n3trn-capital/
KR,2025-01-07,Globex Reports More High - Grade Gold Assays from Ironwood,,manilatimes.net,https://www.manilatimes.net/2025/01/07/tmt-newswire/globenewswire/globex-reports-more-high-grade-gold-assays-from-ironwood/2032517
KR,2025-01-07,جيش الاحتلال يعلن إصابة أحد جنوده باشتباك شمال نابلس - شبكة فلسطين للأنباء,,shfanews.net,https://www.shfanews.net/post/195784
KR,2025-01-07,Samsungdan CES 2025  te  Herkes için yapay zeka  - Son Dakika Bilim Teknoloji Haberleri,,cumhuriyet.com.tr,https://www.cumhuriyet.com.tr/bilim-teknoloji/samsungdan-ces-2025te-herkes-icin-yapay-zeka-2286974
KR,2025-01-07,Severance Season 2 Review : Working Hard or Hardly Working ? ,,ign.com,https://www.ign.com/articles/severance-season-2-episodes-1-6-review-apple-tv-plus
KR,2025-01-07,Self - proclaimed president of Belarus says he is  not trying to hold on to power  after 30 years in office,,yahoo.com,https://www.yahoo.com/news/self-proclaimed-president-belarus-says-124010214.html
KR,2025-01-07,"Umrl je Tone Turnšek , bivši šef Pivovarne Laško in branilec  nacionalnega interesa  ",,reporter.si,https://reporter.si/clanek/slovenija/umrl-je-tone-turnsek-bivsi-sef-pivovarne-lasko-in-branilec-nacionalnega-interesa-1392855
KR,2025-01-07,促进政府投资基金高质量发展 ， 新政来了 ！ 盘点十大看点,,nbd.com.cn,https://www.nbd.com.cn/articles/2025-01-07/3713271.html
KR,2025-01-07,Prorrogan la orden de detención del presidente surcoreano Yoon | Todas las noticias de Palencia,,diariopalentino.es,https://www.diariopalentino.es/noticia/z852bc9b6-9797-5786-f7d4fc0e542db91f/202501/prorrogan-la-orden-de-detencion-del-presidente-surcoreano-yoon
KR,2025-01-07,Kogi Govt makes tax clearance compulsory for varsity student registration,,dailytrust.com,https://dailytrust.com/kogi-govt-makes-tax-clearance-compulsory-for-varsity-students-registration/
KR,2025-01-07,Oppenheimer Raises Ulta Beauty ( NASDAQ : ULTA ) Price Target to $515 . 00,,theenterpriseleader.com,https://theenterpriseleader.com/2025/01/07/oppenheimer-raises-ulta-beauty-nasdaqulta-price-target-to-515-00.html
KR,2025-01-07,Viral News : మాజీ భర్త మృతి .. మహిళ చేసిన వింత పనికి అంతా షాక్ .. బాబోయ్ .. | China wang died in a car accident his ex wife demand 600000 yuan liu suri,,andhrajyothy.com,https://www.andhrajyothy.com/2025/prathyekam/china-wang-died-in-a-car-accident-his-ex-wife-demand-600000-yuan-liu-suri-1356951.html
KR,2025-01-07,China reporta 95 muertos por terremoto de magnitud 6 . 8 en región del Tíbet,,wapa.tv,https://wapa.tv/noticias/internacionales/china-reporta-95-muertos-por-terremoto-de-magnitud-6-8-en-regi-n-del-t/article_9a4bab3c-ccdd-11ef-b818-27895ebcb12b.html
KR,2025-01-07,2 Bodies Are Found In Landing Gear Of JetBlue Plane At Florida Airport,,news18.com,https://www.news18.com/world/2-bodies-are-found-in-landing-gear-of-jetblue-plane-at-florida-airport-9181228.html
KR,2025-01-07,2 Bodies Found in Landing Gear of JetBlue Plane,,wtma.com,https://www.wtma.com/news/2-bodies-found-in-landing-gear-of-jetblue-plane/
KR,2025-01-07,Man jailed for eight years for stabbing Thomas ORourke to death in Wishaw,,coastfm.co.uk,https://www.coastfm.co.uk/news/uk/man-jailed-for-eight-years-for-stabbing
KR,2025-01-07,EnSilica Senior Independent Director Janet Collyer resigns,,marketscreener.com,https://www.marketscreener.com/quote/stock/ENSILICA-PLC-138283109/news/EnSilica-Senior-Independent-Director-Janet-Collyer-resigns-48698103/
KR,2025-01-07,Caos en las urgencias del hospital La Paz : los trabajadores denuncian saturación,,telecinco.es,https://www.telecinco.es/noticias/madrid/20250107/trabajadores-hospital-la-paz-madrid-denuncian-saturacion-urgencias_18_014428596.html
KR,2025-01-07,"Франција : Почина основачот на Националниот Фронт , Жан Мари Ле Пен - „ кум  на европскиот десен популизам",,time.mk,https://time.mk/c/8c0704f10e/francija-pocina-osnovacot-na-nacionalniot-front-zan-mari-le-pen-kum-na-evropskiot-desen-populizam.html
KR,2025-01-07,FPÖ vor Machtübernahme in Wien - Signal für Deutschland ? - Politik Ausland,,badische-zeitung.de,https://www.badische-zeitung.de/fpoe-vor-machtuebernahme-in-wien-signal-fuer-deutschland
KR,2025-01-07,2024年十大语文差错公布 这些字词你读对了吗 ？ - 西部网 （ 陕西新闻网 ） ,,news.cnwest.com,http://news.cnwest.com/tianxia/a/2025/01/07/22939943.html
KR,2025-01-07,Boşanma Aşamasındaki Eşi Tarafından Öldürülen Ayşe Çelik Son Yolculuğuna Uğurlandı,,haberler.com,https://www.haberler.com/3-sayfa/bosanma-asamasindaki-esi-tarafindan-oldurulen-ayse-celik-son-yolculuguna-ugurlandi-18237359-haberi/
KR,2025-01-07,Terremoto en el Tíbet deja unos 100 muertos y decenas de edificios derrumbados,,prensalibre.com,https://www.prensalibre.com/internacional/terremoto-en-el-tibet-deja-unos-100-muertos-y-decenas-de-edificios-derrumbados/
KR,2025-01-07,"Murió Jean - Marie Le Pen , a los 96 años , fundador de Frente Nacional y líder histórico de la ultraderecha en Francia",,larepublica.pe,https://larepublica.pe:443/mundo/2025/01/07/murio-jeanmarie-le-pen-a-los-96-anos-fundador-de-frente-nacional-y-lider-historico-de-la-ultraderecha-en-francia-553385
KR,2025-01-07,"Тарифы на свет : в Раде сказали , изменятся ли | Новости на Gazeta . ua",,gazeta.ua,https://gazeta.ua/ru/articles/economics/_izmenyatsya-li-tarify-na-svet-v-rade-skazali/1204367
KR,2025-01-07,"Australia housing market  buckling  under widening gap between income and home values , report finds | Inequality",,theguardian.com,https://www.theguardian.com/australia-news/2025/jan/08/australia-housing-market-widening-gap-income-home-values
KR,2025-01-07,Accoltella a morte compagno dopo lite in casa arrestata 33enne a Monza,,zazoom.it,https://www.zazoom.it/2025-01-07/accoltella-a-morte-compagno-dopo-lite-in-casa-arrestata-33enne-a-monza/16131051/
KR,2025-01-07,Robert Jenrick warns of soaring threats of immigration from  alien cultures  ,,express.co.uk,https://www.express.co.uk/news/politics/1997212/robert-jenrick-immigration-alien-culture
KR,2025-01-07,"Billy Mwangi Finally Speaks , Forgives People Who Held Him Captive for 15 Days :  I Leave It to God  ",,tuko.co.ke,https://www.tuko.co.ke/kenya/574480-billy-mwangi-finally-speaks-forgives-people-held-captive-15-days-i-leave-god/
KR,2025-01-07,"Tourists Ignore  Private Driveway  Signs , Homeowner Blocks Them In And Enjoys Dinner And A Show",,boredpanda.com,https://www.boredpanda.com/home-owner-revenge-private-parking/?cexp_id=114158&cexp_var=1&_f=homepage_featured
KR,2025-01-07,Variant Bio Announces Multi - Year Research Partnership with Novo Nordisk to Discover Novel Targets for Metabolic Disease,,lelezard.com,https://www.lelezard.com/en/news-21657363.html
KR,2025-01-07,Gov . Newsom biggest unfinished project – health care – complicated by Trump,,biztoc.com,https://biztoc.com/x/75164c7a1039ae0b
KR,2025-01-07,"Watch out , this united kingdom stock already jumped out of the blocks for 2025 ! ",,fool.co.uk,https://www.fool.co.uk/2025/01/07/watch-out-this-uk-stock-has-already-jumped-out-of-the-blocks-for-2025/
KR,2025-01-07,الصحة معدلات الإصابة بالڤيروس الرئوي البشري,,alanba.com.kw,https://www.alanba.com.kw/1290223
KR,2025-01-07,NDSU Wins 10th FCS National Championship,,power96radio.com,https://power96radio.com/ixp/67/p/ndsu-bison-national-championship/
KR,2025-01-07,Criptovalute Modaffari Federimprese | Con blockchain forze propulsive rivoluzione senza precedenti,,zazoom.it,https://www.zazoom.it/2025-01-07/criptovalute-modaffari-federimprese-con-blockchain-forze-propulsive-rivoluzione-senza-precedenti-2/16131049/
KR,2025-01-07,Gazetka promocyjna Auchan : Gazetka CENY W DÓŁ Hipermarket Auchan ( 9 styczeń 2025 - 15 styczeń 2025 ) ,,dlahandlu.pl,"https://www.dlahandlu.pl/gazetki/auchan,15865.html"
KR,2025-01-07,"Tourists Ignore  Private Driveway  Signs , Homeowner Blocks Them In And Enjoys Dinner And A Show",,boredpanda.com,https://www.boredpanda.com/home-owner-revenge-private-parking/
KR,2025-01-07,"26YO Holds Lifelong Grudge Against 16YO Sis For Having A Modern - Sounding Name , Turns Nasty Over It",,boredpanda.com,https://www.boredpanda.com/parents-gave-old-fashioned-name/
KR,2025-01-07,"How low will British politics go ? Ask Elon , master of the Muskoverse – hell decide | Marina Hyde",,theguardian.com,https://www.theguardian.com/commentisfree/2025/jan/07/british-politics-elon-musk-women-girls
KR,2025-01-07,USDA adds $650M to specialty crop grants,,thefencepost.com,https://www.thefencepost.com/news/usda-adds-650m-to-specialty-crop-grants/
KR,2025-01-07,Zwei Unbekannte überfallen 33 - Jähringen am Zehnsteinweg in Freiburg - Betzenhausen,,badische-zeitung.de,https://www.badische-zeitung.de/zwei-unbekannte-ueberfallen-33-jaehringen-am-zehnsteinweg-in-freiburg-betzenhausen
KR,2025-01-07,"Kwara hires 1 , 811 basic school teachers , attendants",,dailytrust.com,https://dailytrust.com/kwara-hires-1811-basic-school-teachers-attendants/
KR,2025-01-07,La Floristeria Pétalos gana el Concurso de escaparates navideño | Todas las noticias de Palencia,,diariopalentino.es,https://www.diariopalentino.es/noticia/z8799fc0b-fd27-b4d1-09d375121afc37c7/202501/la-floristeria-petalos-gana-el-concurso-de-escaparates
KR,2025-01-07,Келлог переніс візит до України - Подоляк назвав причини УНІАН,,unian.ua,https://www.unian.ua/politics/v-op-poyasnili-vidterminuvannya-vizitu-kelloga-do-ukrajini-12876507.html
KR,2025-01-07,Imprenditore 55enne cade da 6 metri e muore nella Bergamasca - Notizie,,ansa.it,https://www.ansa.it/lombardia/notizie/2025/01/07/imprenditore-55enne-cade-da-6-metri-e-muore-nella-bergamasca_f8369cd1-2104-4c9a-9e08-0a399fb405ca.html
KR,2025-01-07,Dólar Paralelo y Dólar BCV en Venezuela 7 de enero 2025,,elcaribe.com.do,https://www.elcaribe.com.do/panorama/internacionales/precio-dolar-paralelo-dolar-bcv-venezuela-7-enero-2025/
KR,2025-01-07,杜魯道執政多年失民心 自家選區 「 杜粉 」 挺不下去 | 國際,,cna.com.tw,https://www.cna.com.tw/news/aopl/202501070431.aspx
KR,2025-01-07,Carter funeral moves to Washington ; first US bird flu death,,richmond.com,https://richmond.com/news/nation-world/carters-funeral-moves-to-washington-first-us-bird-flu-death-hot-off-the-wire-podcast/article_81180e5f-4817-5e39-b7f4-447c48121b74.html
KR,2025-01-07,SNCF : l  état des rames Ouigo en question après une alerte syndicale,,journaldeleconomie.fr,https://www.journaldeleconomie.fr/sncf-letat-des-rames-ouigo-en-question-apres-une-alerte-syndicale/
KR,2025-01-07,Raül Blanco dimite como presidete de Renfe  por motivos personales  ,,telecinco.es,https://www.telecinco.es/noticias/economia/20250107/raul-blanco-dimite-presidente-renfe_18_014426848.html
KR,2025-01-07,Allu Arjun  Pushpa 2 : The Rule Reloaded Version  To Release in Theatres on January 11 With 20 Minutes of New Footage ( See New Poster ) ,,latestly.com,https://www.latestly.com/socially/entertainment/south/allu-arjuns-pushpa-2-the-rule-reloaded-version-to-release-in-theatres-on-january-11-with-20-minutes-of-new-footage-see-new-poster-6547628.html
KR,2025-01-07,Aubrey Plaza Jeff Baena suicide : Jeff Baena suicide : Aubrey Plaza breaks her silence for the first time after husband death,,economictimes.indiatimes.com,https://economictimes.indiatimes.com/news/international/global-trends/jeff-baenas-suicide-aubrey-plaza-breaks-her-silence-for-the-first-time-after-husbands-death/articleshow/117028751.cms
KR,2025-01-07,Великобритания започна операция за проследяване на  руския флот в сянка  ,,manager.bg,https://manager.bg/%D1%81%D0%B2%D1%8F%D1%82/velikobritania-zapochna-operacia-za-prosledavane-na-ruskia-flot-v-sanka-
KR,2025-01-07,Truist Financial Begins Coverage on American Express ( NYSE : AXP ) ,,modernreaders.com,https://www.modernreaders.com/news/2025/01/07/truist-financial-begins-coverage-on-american-express-nyseaxp.html
KR,2025-01-07,"USA får militærbase på Galapagos , penge til Israel og nye medlemmer i BRIKS",,arbejderen.dk,https://arbejderen.dk/udland/usa-faar-militaerbase-paa-galapagos-penge-til-israel-og-nye-medlemmer-i-briks/
KR,2025-01-07,Storm Floriane brings chaos to Sweden,,euroweeklynews.com,https://euroweeklynews.com/2025/01/07/storm-floriane-brings-chaos-to-sweden/
KR,2025-01-07,Repatrían a 39 dominicanos intentaron llegar a Puerto Rico,,elcaribe.com.do,https://www.elcaribe.com.do/panorama/internacionales/repatrian-a-39-migrantes-dominicanos-que-intentaron-llegar-ilegalmente-a-puerto-rico/
KR,2025-01-07,Greenland says Donald Trump Jr . making  private visit  after dad suggests U . S . should buy territory from Denmark,,cbsnews.com,https://www.cbsnews.com/news/greenland-donald-trump-jr-visit-denmark/
KR,2025-01-07,House prices in West Midlands rise by 4 . 5 per cent in last year,,shropshirestar.com,https://www.shropshirestar.com/news/2025/01/07/house-prices-in-west-midlands-rise-by-45-per-cent-in-last-year/
KR,2025-01-07,BJ Restaurants ( NASDAQ : BJRI ) Downgraded to  Market Perform  Rating by Oppenheimer,,theenterpriseleader.com,https://theenterpriseleader.com/2025/01/07/bjs-restaurants-nasdaqbjri-downgraded-to-market-perform-rating-by-oppenheimer.html
KR,2025-01-07,Demystifying Excelerate Energy : Insights From 8 Analyst Reviews - Excelerate Energy ( NYSE : EE ) ,,benzinga.com,https://www.benzinga.com/insights/analyst-ratings/25/01/42844485/demystifying-excelerate-energy-insights-from-8-analyst-reviews
KR,2025-01-07,"Segway next - gen e - scooters zoom into CES 2025 with exciting speed updates , clever technology , and cutting - edge aesthetics",,t3.com,https://www.t3.com/active/electric-scooters/segways-next-gen-e-scooters-zoom-into-ces-2025-with-exciting-speed-updates-clever-technology-and-cutting-edge-aesthetics
KR,2025-01-07,"Jimmy Carter funeral services begin in DC . And , photos from the major winter storm",,publicradiotulsa.org,https://www.publicradiotulsa.org/npr-national-news/2025-01-07/jimmy-carters-funeral-services-begin-in-dc-and-photos-from-the-major-winter-storm
KR,2025-01-07,Reaching New Heights : Expereo Becomes Starlink Authorized Reseller to Deliver Future - Proof Global Connectivity,,financialpost.com,https://financialpost.com/pmn/business-wire-news-releases-pmn/reaching-new-heights-expereo-becomes-starlink-authorized-reseller-to-deliver-future-proof-global-connectivity
KR,2025-01-07,La Justicia rechaza el recurso de Ábalos contra el suplicatorio | Todas las noticias de Palencia,,diariopalentino.es,https://www.diariopalentino.es/noticia/z88c71374-d988-8758-55891d891095473d/202501/la-justicia-rechaza-el-recurso-de-abalos-contra-el-suplicatorio
KR,2025-01-07,Susto por el incendio en un bloque de pisos de Granada con diez intoxicados,,telecinco.es,https://www.telecinco.es/noticias/andalucia/20250107/incendio-segundo-piso-granada-intoxicados-humo_18_014427086.html
KR,2025-01-07,"BrightSpire Capital , Inc . ( NYSE : BRSP ) Receives Average Rating of  Hold  from Brokerages",,theenterpriseleader.com,https://theenterpriseleader.com/2025/01/07/brightspire-capital-inc-nysebrsp-receives-average-rating-of-hold-from-brokerages.html
KR,2025-01-07,仏極右Ｊ ・ Ｍ ・ ルペン氏が死去 国民戦線を結成 、 有名政党に｜全国のニュース｜北國新聞,,hokkoku.co.jp,https://www.hokkoku.co.jp/articles/-/1625097
KR,2025-01-07,New Orleans truck attack spurs potential Halloween safety changes in Salem,,wbur.org,https://www.wbur.org/news/2025/01/07/new-orleans-truck-attack-salem-massachusetts-halloween-safety-newsletter
KR,2025-01-07,"Murió Jean - Marie Le Pen , líder de la ultraderecha francesa",,lv12.com.ar,https://www.lv12.com.ar/murio/murio-jean-marie-le-pen-lider-la-ultraderecha-francesa-n171923
KR,2025-01-07,Christian activists seek govt assurance on Bhopal waste disposal,,ucanews.com,https://www.ucanews.com/news/christian-activists-seek-govt-assurance-on-bhopal-waste-disposal/107479
KR,2025-01-07,Well done : Deputies catch thieves in California  meat heist  – KIRO 7 News Seattle,,kiro7.com,https://www.kiro7.com/news/trending/well-done-deputies-catch-thieves-california-meat-heist/S26JH4ECTRG7JNIMZWN4PAFIHA/
KR,2025-01-07,Bangor Savings Bank Sells 544 Shares of Novo Nordisk A / S ( NYSE : NVO ) ,,wkrb13.com,https://www.wkrb13.com/2025/01/07/bangor-savings-bank-sells-544-shares-of-novo-nordisk-a-s-nysenvo.html
KR,2025-01-07,Hut 8 ( NASDAQ : HUT ) Receives Buy Rating from Benchmark,,modernreaders.com,https://www.modernreaders.com/news/2025/01/07/hut-8-nasdaqhut-receives-buy-rating-from-benchmark.html
KR,2025-01-07,Why are people making  glickles  or glitter pickles ? ,,shorelinebeacon.com,https://www.shorelinebeacon.com:443/life/food/pretty-pickles-glickles-glitter-pickles
KR,2025-01-07,Up First briefing : Jimmy Carter ; winter storm ; Justin Trudeau resigns : NPR,,npr.org,https://www.npr.org/2025/01/07/g-s1-41313/up-first-newsletter-jimmy-carter-funeral-services-dc-winter-storm-justin-trudeau-resigns
KR,2025-01-07,Vienas pirmųjų Poderskio sprendimų kelia rimtų abejonių,,klaipeda.diena.lt,https://klaipeda.diena.lt/naujienos/lietuva/politika/vienas-pirmuju-poderskio-sprendimu-susijes-su-buvusia-darboviete-keistai-atrodo-1206829
KR,2025-01-07,Este supermercado anuncia  saldos  em 200 bens essenciais ( para sempre !) – Notícias de Coimbra,,noticiasdecoimbra.pt,https://www.noticiasdecoimbra.pt/este-supermercado-anuncia-saldos-em-200-bens-essenciais-para-sempre/
KR,2025-01-07,إيران تعلن استعدادها لتسيير رحلات جوية إلى سوريا,,vetogate.com,https://www.vetogate.com/5321555
KR,2025-01-07,Скільки коштують квартири на вулиці Фаріон,,ukranews.com,https://ukranews.com/ua/news/1057101-skilky-koshtuye-kvartyra-na-vulytsi-farion
KR,2025-01-07,Türkiye paniği İsraili sarstı : Netanyahunun masasında skandal rapor !  Doğrudan çatışmaya hazırlıklı olmalıyız  ,,mynet.com,https://www.mynet.com/turkiye-panigi-israil-i-sarsti-netanyahu-nun-masasinda-skandal-rapor-dogrudan-catismaya-hazirlikli-olmaliyiz-110107193832
KR,2025-01-07,ΕΡΤ - Πρόγραμμα Τηλεόρασης & Ραδιοφώνου,,program.ert.gr,https://program.ert.gr/details.asp?pid=4011291&chid=9
KR,2025-01-07,BERNAMA - Penang Secures RM31 . 38 Billion In Investments For 2024,,bernama.com,https://www.bernama.com/en/business/news.php?id=2380063
KR,2025-01-07,Gunmen kidnap 46 in Nigeria Zamfara state,,goulburnpost.com.au,https://www.goulburnpost.com.au/story/8861396/gunmen-kidnap-46-in-nigerias-zamfara-state/?cs=14264
KR,2025-01-07,"Nigel Farage strikes gold : Reform leader earnings from second jobs pass £500 , 000 in just six months since he became an MP after he declares bullion dealer role",,dailymail.co.uk,https://www.dailymail.co.uk/news/article-14259151/Nigel-Farage-Reform-earnings-second-jobs-500-000-six-months-MP.html
KR,2025-01-07,Thursday paper will be delivered Friday morning,,logandaily.com,https://www.logandaily.com/news/thursday-paper-will-be-delivered-friday-morning/article_98c302a6-cc2e-11ef-8976-dfa062b00341.html
KR,2025-01-07,French National Front founder Le Pen dies aged 96,,goulburnpost.com.au,https://www.goulburnpost.com.au/story/8861400/french-national-front-founder-le-pen-dies-aged-96/?cs=14264
KR,2025-01-07,"Form 8 . 3 - The Vanguard Group , Inc .: Spirent Communications plc",,finanznachrichten.de,https://www.finanznachrichten.de/nachrichten-2025-01/64230105-form-8-3-the-vanguard-group-inc-spirent-communications-plc-015.htm
KR,2025-01-07,Adobe : Holiday Shopping Season Drove a Record $241 . 4 Billion Online and Rising 8 . 7 % YoY,,lelezard.com,https://www.lelezard.com/en/news-21657687.html
KR,2025-01-07,Do Ostravy míří University of London . Na Sokolské zůstává i ekonomka,,moravskoslezsky.denik.cz,https://moravskoslezsky.denik.cz/zpravy_region/ostrava-university-of-london-sokolska-ekonomicka-fakulta-novinka-20250107.html
KR,2025-01-07,العميد فايز فهد أحمد يعقوب جابر : حامي تراث القدس ومثال على التفاني الوطني ، بقلم : م . غسان جابر - شبكة فلسطين للأنباء,,shfanews.net,https://www.shfanews.net/post/195808
KR,2025-01-07,"Belloni , il retroscena delle sue dimissioni",,notizie.tiscali.it,https://notizie.tiscali.it/politica/articoli/belloni-dimissioni-motivi-tajani-sala-retroscena/
KR,2025-01-07,Atlassian ( NASDAQ : TEAM ) Raised to Buy at Truist Financial,,wkrb13.com,https://www.wkrb13.com/2025/01/07/atlassian-nasdaqteam-raised-to-buy-at-truist-financial.html
KR,2025-01-07,"Fallece Jean Marie Le Pen , fundador del Frente Nacional francés | Todas las noticias de Palencia",,diariopalentino.es,https://www.diariopalentino.es/noticia/z878915d3-0a28-b90e-f2013b27b3079ccf/202501/fallece-jean-marie-le-pen-fundador-del-frente-nacional-frances
KR,2025-01-07,الجزيرة وقرار الاغلاق كل ما تريد ان تعرفه عن الاداء المهني اين تصيب واين تخطئ تقرير PNN الخاص,,pnn.ps,https://pnn.ps/news/700189
KR,2025-01-07,HMPV breitet sich in China aus : Ist das Virus ein Grund zur Sorge ? ,,kn-online.de,https://www.kn-online.de/gesundheit/hmpv-breitet-sich-in-china-aus-ist-das-virus-ein-grund-zur-sorge-77EOD5T3ZNCMHLTOCCI56UHB24.html
KR,2025-01-07,North American Construction Group Ltd . Announces Entering into Automatic Share Purchase Plan,,financialpost.com,https://financialpost.com/globe-newswire/north-american-construction-group-ltd-announces-entering-into-automatic-share-purchase-plan
KR,2025-01-07,North Korea boasts of successful hypersonic intermediate - range missile test,,cbc.ca,https://www.cbc.ca/news/world/north-korea-missile-test-1.7424588
KR,2025-01-07,Promi - News : Zweiter Verdächtiger stellt sich nach Tod von Popstar Payne,,news.de,https://www.news.de/promis/858276251/zweiter-verdaechtiger-stellt-sich-nach-tod-von-popstar-payne-promi-news-der-dpa-aktuell-zu-musik-unfaellen-und-leuten/1/
KR,2025-01-07,El presidente de Renfe deja su cargo por  motivos personales | Todas las noticias de Palencia,,diariopalentino.es,https://www.diariopalentino.es/noticia/z83b8de36-fb01-c0be-26b8af4fb64c8073/202501/el-presidente-de-renfe-deja-su-cargo-por-motivos-personales
KR,2025-01-07,Bangor Savings Bank Has $1 . 77 Million Position in The Southern Company ( NYSE : SO ) ,,modernreaders.com,https://www.modernreaders.com/news/2025/01/07/bangor-savings-bank-has-1-77-million-position-in-the-southern-company-nyseso.html
KR,2025-01-07,North Korea says it tested hypersonic intermediate range missile aimed at remote Pacific targets - Las Vegas Sun News,,lasvegassun.com,https://lasvegassun.com/news/2025/jan/06/north-korea-says-it-tested-hypersonic-intermediate/
KR,2025-01-07,Helium One a penny share I wouldnt want to touch with a bargepole in 2025 ! ,,fool.co.uk,https://www.fool.co.uk/2025/01/07/helium-ones-a-penny-share-that-i-wouldnt-want-to-touch-with-a-bargepole-in-2025/
KR,2025-01-07,Suriya üzərindən Avropaya qaz tədarükü ilə bağlı məsələyə aydınlıq gəldi,,az.trend.az,https://az.trend.az/other/world/3990662.html
KR,2025-01-07,Medical debt banned from appearing on credit reports in new Biden administration rule,,fox9.com,https://www.fox9.com/news/biden-medical-debt-banned-credit-reports-rule-jan-7-2025
KR,2025-01-07,Schwab Short - Term U . S . Treasury ETF ( NYSEARCA : SCHO ) is Bangor Savings Bank 7th Largest Position,,modernreaders.com,https://www.modernreaders.com/news/2025/01/07/schwab-short-term-u-s-treasury-etf-nysearcascho-is-bangor-savings-banks-7th-largest-position.html
KR,2025-01-07,用爱延长生命轨道 ！ 青岛26岁火车司机成功捐献造血干细胞 _ 齐鲁原创 _ 山东新闻 _ 新闻 _ 齐鲁网,,news.iqilu.com,https://news.iqilu.com/shandong/yuanchuang/2025/0107/5765220.shtml
KR,2025-01-07,Empresarios denuncian deforestación en cuenca de San Juan,,elcaribe.com.do,https://www.elcaribe.com.do/panorama/pais/empresarios-afirman-deforestacion-continua-en-la-cuenca-alta-de-san-juan-de-la-maguana/
KR,2025-01-07,La mejor dieta para la salud intestinal,,telecinco.es,https://www.telecinco.es/noticias/salud/20250107/mejor-dieta-salud-intestinal-microbiota_18_014427608.html
KR,2025-01-07,"FundéuRAE :  pos -, mejor que  post - ",,elcaribe.com.do,https://www.elcaribe.com.do/opiniones/espanol-urgente/fundeurae-pos-mejor-que-post/
KR,2025-01-07,Kadın hırsızlar kucaklarında çocuklarıyla cezaevine gönderildiler,,ogunhaber.com,https://www.ogunhaber.com/asayis/kadin-hirsizlar-kucaklarinda-cocuklariyla-cezaevine-gonderildiler-2891764h.html
KR,2025-01-07,Coluna Cesar Romero – 7 janeiro de 2025,,tribunademinas.com.br,https://tribunademinas.com.br/colunas/cesar-romero/07-01-2025/coluna-cesar-romero-7-janeiro-de-2025.html
KR,2025-01-07,أورنج الأردن تستقبل العام الجديد بتنفيذ سلسلة من التعيينات الإدارية والتغييرات التنظيمية | صورة وخبر,,ammonnews.net,https://www.ammonnews.net/article/896170
KR,2025-01-07,ওয়ালটনের এসি যাচ্ছে ক্যামেরুনে,,ntvbd.com,https://www.ntvbd.com/economy/news-1498477
KR,2025-01-07,Uncover family secrets in The Inheritance by Kate Horan . ,,easternriverinachronicle.com.au,https://www.easternriverinachronicle.com.au/story/8856922/uncover-family-secrets-in-the-inheritance-by-kate-horan/?cs=6364
KR,2025-01-07,Число пострадавших в ДТП с автобусом в Карелии достигло 16,,ria.ru,https://ria.ru/20250107/mediki-1992750627.html
KR,2025-01-07,"US diverting military funds from Egypt to Lebanon , report claims – Dominican Republic Post",,dominicanrepublicpost.com,https://dominicanrepublicpost.com/us-diverting-military-funds-from-egypt-to-lebanon-report-claims/
KR,2025-01-10,Venezuela Maduro to be inaugurated,,yahoo.com,https://www.yahoo.com/news/venezuelas-maduro-inaugurated-113100035.html
KR,2025-01-10,Deadly crash closes I - 24 in Cheatham County,,yahoo.com,https://www.yahoo.com/news/deadly-crash-closes-24-cheatham-111953677.html
KR,2025-01-10,"Bakan Tekin , Pakistanda okul açılışına katıldı",,malatyaguncel.com,https://www.malatyaguncel.com/bakan-tekin-pakistanda-okul-acilisina-katildi-2691399h.htm
KR,2025-01-10,$70K in damages estimated from Clarence fire,,yahoo.com,https://www.yahoo.com/news/70k-damages-estimated-clarence-fire-115124371.html
KR,2025-01-10,Somerset prepares for second round of winter storm,,yahoo.com,https://www.yahoo.com/news/somerset-prepares-second-round-winter-113000895.html
KR,2025-01-10,  It looks like a bomb : California fires have burned area larger than Disney World . See map,,yahoo.com,https://www.yahoo.com/news/looks-bomb-california-fires-burned-114142148.html
KR,2025-01-10,"Despistó , volcó y terminó demorado por ebrio en Dos de Mayo | Diario Noticias De La Calle de Misiones",,noticiasdelacalle.com.ar,https://www.noticiasdelacalle.com.ar/noticias/2025/01/10/135443-despisto-volco-y-termino-demorado-por-ebrio-en-dos-de-mayo
KR,2025-01-10,"Rencontrez Lisa , agricultrice engagée , et découvrez ses légumes bio et sa viande locale à la Ferme de la Recette Bio",,francebleu.fr,https://www.francebleu.fr/emissions/mangeons-loiret-ici-orleans/rencontrez-lisa-agricultrice-engagee-et-decouvrez-ses-legumes-bio-et-sa-viande-locale-a-la-ferme-de-la-recette-bio-9743017
KR,2025-01-10,Makeover : From blond hair to  espresso martini  brunette | Wallaceburg Courier Press,,wallaceburgcourierpress.com,https://www.wallaceburgcourierpress.com:443/life/fashion-beauty/makeover-from-blond-hair-to-espresso-martini-brunette
KR,2025-01-10,Ερυθρός Σταυρός : Αναζητείται από την αστυνομία ο τελευταίος συντηρητής του ... ,,thetoc.gr,https://www.thetoc.gr/koinwnia/article/eruthros-stauros-anaziteitai-apo-tin-astunomia-o-teleutaios-suntiritis-me-entoli-eisaggelea/
KR,2025-01-10,Япония наложи нови санкции срещу Русия заради войната в Украйна ᐉ Новини от Fakti . bg - Свят,,fakti.bg,https://fakti.bg/world/940637-aponia-naloji-novi-sankcii-sreshtu-rusia-zaradi-voinata-v-ukraina
KR,2025-01-10,Незвичайні знахідки Укрзалізниці : що забувають пасажири | Новини України,,life.liga.net,https://life.liga.net/istoriyi/news/miasorubka-luk-i-korobka-z-zhyvymy-metelykamy-ukrzaliznytsia-rozpovila-shcho-torik-zabuvaly-v-potiahakh
KR,2025-01-10,Brandkatastrophe in Los Angeles : Ist das die Klimakrise ? ,,taz.de,https://taz.de/Brandkatastrophe-in-Los-Angeles/!6061516/
KR,2025-01-10,Your pictures of Scotland : Photographs from around the country,,bbc.com,https://www.bbc.com/news/articles/cy9q390gynvo
KR,2025-01-10,Budúcnosť závodu Volkswagenu vo východonemeckom meste Zwickau je neistá aj po dosiahnutí kompromisu,,aktuality.sk,https://www.aktuality.sk/clanok/Q3tbvdL/buducnost-zavodu-volkswagenu-vo-vychodonemeckom-meste-zwickau-je-neista-aj-po-dosiahnuti-kompromisu/
KR,2025-01-10,  Klient musi zrozumieć . Co jest najważniejsze przy budowaniu marki i w trakcie transakcji w Internecie ? ,,radiogdansk.pl,https://radiogdansk.pl/audycje/swiat-nowych-mediow/2025/01/10/klient-musi-zrozumiec-co-jest-najwazniejsze-przy-budowaniu-marki-i-w-trakcie-transakcji-w-internecie/
KR,2025-01-10,"Nyheter , Rente | Vedum jubler : – Tiden for den høye prisveksten er forbi",,an.no,https://www.an.no/vedum-jubler-tiden-for-den-hoye-prisveksten-er-forbi/s/5-4-2095987
KR,2025-01-10,加州富人区火灾抓捕一名纵火嫌疑人 无家可归男子被捕 _ 新闻频道 _ 中华网,,news.china.com,https://news.china.com/socialgd/10000169/20250110/47855664.html
KR,2025-01-10,Barington Capital Group Files Definitive Proxy Statement for Matthews International 2025 Annual Meeting - Matthews International ( NASDAQ : MATW ) ,,benzinga.com,https://www.benzinga.com/pressreleases/25/01/n42910333/barington-capital-group-files-definitive-proxy-statement-for-matthews-internationals-2025-annual-m
KR,2025-01-10,Baltarusiškas trąšas gabenusi bendrovė pradėjo bylą prieš Lietuvą – siekia prisiteisti 15 mlrd . eurų,,lrytas.lt,https://www.lrytas.lt/verslas/rinkos-pulsas/2025/01/10/news/baltarusiskas-trasas-gabenusi-bendrove-pradejo-byla-pries-lietuva-siekia-prisiteisti-15-mlrd-euru-35995144
KR,2025-01-10,"Live weather cameras : Watch as snow , ice moves into the Charlotte area",,yahoo.com,https://www.yahoo.com/news/live-weather-cameras-watch-snow-115747839.html
KR,2025-01-10,"Холостяк життя після проєкту – Вікторія Клочко відповіла на закиди , прийшла на шоу заради піару УНІАН",,unian.ua,https://www.unian.ua/lite/show/holostyak-zhittya-pislya-proyektu-viktoriya-klochko-vidpovila-na-zakidi-priyshla-na-shou-zaradi-piaru-12879879.html
KR,2025-01-10,Nørgaard : Vi har brug for en storebror - også når han som Trump hiver os i fletningerne og ødelægger vores cykel,,computerworld.dk,https://www.computerworld.dk/art/290025/noergaard-vi-har-brug-for-en-storebror-ogsaa-naar-han-som-trump-hiver-os-i-fletningerne-og-oedelaegger-vores-cykel
KR,2025-01-10,Arthur Masuaku Beşiktaş  tan ayrılıyor ! Yunanistandan talip var,,turkiyegazetesi.com.tr,https://www.turkiyegazetesi.com.tr/spor/arthur-masuaku-besiktastan-ayriliyor-yunanistandan-talip-var-1086131
KR,2025-01-10,"Hafta sonu hava nasıl olacak ? - Kıbrıs Gazetesi - Kıbrıs Haber , KKTC Son Dakika ve Gündem Haberleri",,kibrisgazetesi.com,https://kibrisgazetesi.com/hafta-sonu-hava-nasil-olacak-5/
KR,2025-01-10,Artvin haberleri Artvinde dürüstlük örneği : Yanlışlıkla hesabına yatan binlerce lirayı iade etti,,haber7.com,https://www.haber7.com/artvin/3495292-artvinde-durustluk-ornegi-yanlislikla-hesabina-yatan-binlerce-lirayi-iade-etti
KR,2025-01-10,Vali Hacıbektaşoğlundan ruhsat iptali ve altın arama açıklaması,,malatyaguncel.com,https://www.malatyaguncel.com/vali-hacibektasoglundan-ruhsat-iptali-ve-altin-arama-aciklamasi-2691387h.htm
KR,2025-01-10,Stimulanzmittel bei Bob - Anschieber Wulff nachgewiesen - Nachrichten aus Deutschland,,zvw.de,https://www.zvw.de/mehr-nachrichten/deutschland/stimulanzmittel-bei-bob-anschieber-wulff-nachgewiesen_arid-909529
KR,2025-01-10,宋芸樺剛從LA返台 ！ 家附近有野火 緊張狂看監視器,,ettvamerica.com,https://www.ettvamerica.com/News/Article?i=302270
KR,2025-01-10,ШІ прогнози - до 2030 року ШІ замінить 41 % працівників великих компаній УНІАН,,unian.ua,https://www.unian.ua/techno/neiroseti/shi-prognozi-do-2030-roku-shi-zaminit-41-pracivnikiv-velikih-kompaniy-12879801.html
KR,2025-01-10,Galaxy S25 serisini bekleyenlere kötü haber ! Avrupa fiyatları ortaya çıktı,,turkiyegazetesi.com.tr,https://www.turkiyegazetesi.com.tr/teknoloji/galaxy-s25-serisini-bekleyenlere-kotu-haber-avrupa-fiyatlari-ortaya-cikti-1086138
KR,2025-01-10,"  A different standard : Native Americans searched at far higher rates by WSP , data shows",,yahoo.com,https://www.yahoo.com/news/different-standard-native-americans-searched-130000556.html
KR,2025-01-10,Attention Westside drivers : New traffic pattern on Normandy Blvd . ,,wokv.com,https://www.wokv.com/news/local/attention-westside-drivers-new-traffic-pattern-normandy-blvd/5CISL64PWBF45DIRPQL3FPW6GI/
KR,2025-01-10,Ukraine - Krieg im Liveticker : +++ 15 : 02 Ukraine : Russland zwingt Hunderte Männer in besetzten Gebieten ins Militär +++,,n-tv.de,https://www.n-tv.de/politik/15-02-Ukraine-Russland-zwingt-Hunderte-Maenner-in-besetzten-Gebieten-ins-Militaer--article23143824.html
KR,2025-01-10,"RJ Mahvash break silence after take her name with yuzvendra chahal , did cryptic post",,hindi.filmibeat.com,https://hindi.filmibeat.com/news/rj-mahvash-break-silence-after-take-her-name-with-yuzvendra-chahal-did-cryptic-post-152633.html
KR,2025-01-10,El PP cita en la comisión del caso Koldo al ministro Torres | Noticias La Tribuna de Albacete,,latribunadealbacete.es,https://www.latribunadealbacete.es/noticia/z1ba3f745-a153-e657-c3ae5787ef5006b7/202501/el-pp-cita-en-la-comision-del-caso-koldo-al-ministro-torres
KR,2025-01-10,Prefeito de Agudos decreta estado de calamidade financeira com déficit de R$ 45 milhões,,g1.globo.com,https://g1.globo.com/sp/bauru-marilia/noticia/2025/01/10/prefeito-de-agudos-decreta-estado-de-calamidade-financeira-com-deficit-de-r-45-milhoes.ghtml
KR,2025-01-10,"Yoon security chief quits , warns against  bloodshed  ",,crookwellgazette.com.au,https://www.crookwellgazette.com.au/story/8863974/yoons-security-chief-quits-warns-against-bloodshed/?cs=14264
KR,2025-01-10,Μυστήριο με την εξαφάνιση του Δημήτρη Χρήστου στον Βόλο : Εντατικοποίηση των ... ,,thetoc.gr,https://www.thetoc.gr/koinwnia/article/mustirio-me-tin-exafanisi-tou-dimitri-xristou-ston-bolo-entatikopoiisi-ton-ereunon-zitise-i-eisaggelia/
KR,2025-01-10,New Trump Pick Raises Potential Fox News Count In Administration To Big Number,,yahoo.com,https://www.yahoo.com/news/trump-pick-raises-potential-fox-135431968.html
KR,2025-01-10,Jimmy Carter remembered : How he helped build a lasting legacy in the Bluegrass,,yahoo.com,https://www.yahoo.com/news/jimmy-carter-remembered-helped-build-114500078.html
KR,2025-01-10,欧盟代表团举办年度文化和公共外交伙伴招待会 - 美通社PR - Newswire,,prnasia.com,https://www.prnasia.com/lightnews/lightnews-1-77-82873.shtml
KR,2025-01-10,Plan de acción por la democracia : burocracia y continuismo,,elperiodico.com,https://www.elperiodico.com/es/opinion/20250110/plan-accion-democracia-burocracia-continuismo-articulo-jose-manuel-perez-tornero-113277475
KR,2025-01-10,L . A . fires : U . S . swimmer Gary Hall Jr . loses Olympic medals in Palisades wildfire,,ctvnews.ca,https://www.ctvnews.ca/world/hot-embers-were-raining-down-u-s-swimmer-gary-hall-jr-says-he-lost-10-olympic-medals-in-palisades-wildfire-1.7170140
KR,2025-01-10,"Гроші є , а озброєння немає – чому США не можуть передати Україні всю зброю | Новини України",,news.liga.net,https://news.liga.net/ua/all/news/hroshi-ie-a-ozbroiennia-nemaie-analityk-rozpoviv-iak-dlia-ukrainy-ziavylysia-alternatyvy-ramshtaynu
KR,2025-01-10,أزمات المنصورة عرض مستمر .. تحويل مدرب الفريق للتحقيق فما السبب ؟ ,,elfagr.org,https://www.elfagr.org/5104816
KR,2025-01-10,Marija Zaharova nazvala Zelenskog krvožednim čudovištem,,informer.rs,https://informer.rs/planeta/vesti/979166/marija-zaharova-zelenski-ukrajina-rusija
KR,2025-01-10,"Израиль продолжит удары по хуситам в Йемене , заявил Нетаньяху",,ria.ru,https://ria.ru/20250110/khusity-1993160374.html
KR,2025-01-10,El PSOE registra una ley para limitar las acusaciones populares | Noticias La Tribuna de Albacete,,latribunadealbacete.es,https://www.latribunadealbacete.es/noticia/z1c6f6db8-a016-0bae-dd77edec50f5c33a/202501/el-psoe-registra-una-ley-para-limitar-las-acusaciones-populares
KR,2025-01-10,Goldstone Resources ( LON : GRL ) Shares Down 11 . 2 % – Time to Sell ? ,,wkrb13.com,https://www.wkrb13.com/2025/01/10/goldstone-resources-longrl-shares-down-11-2-time-to-sell.html
KR,2025-01-10,"A drone collided with one of the only Super Scooper planes fighting the LA wildfires , grounding a key resource",,yahoo.com,https://www.yahoo.com/news/drone-collided-one-only-super-121306582.html
KR,2025-01-10,"Ο Μενέντεζ πρέπει να πάει φυλακή για 15 χρόνια , λένε οι Αμερικανοί εισαγγελείς",,protothema.gr,https://www.protothema.gr/world/article/1586170/o-menedez-prepei-na-paei-fulaki-gia-15-hronia-lene-oi-amerikanoi-eisaggeleis/
KR,2025-01-10,地铁口像棺材该负责的不只有设计师 决策者也应担责 _ 新闻频道 _ 中华网,,news.china.com,https://news.china.com/socialgd/10000169/20250110/47855643.html
KR,2025-01-10,Справа Тищенка про побиття – нардеп не з  явився на засідання | Новини України,,news.liga.net,https://news.liga.net/ua/politics/news/nardep-tyshchenko-ne-ziavyvsia-na-zasidannia-sudu-u-dnipri
KR,2025-01-10,Paraty oferece programao de férias com oficinas e cursos gratuitos,,g1.globo.com,https://g1.globo.com/rj/sul-do-rio-costa-verde/noticia/2025/01/10/paraty-oferece-programacao-de-ferias-com-oficinas-e-cursos-gratuitos.ghtml
KR,2025-01-10,Exclusive first look : Honor Magic Portal 2 . 0 brings game - changing updates to one of the best Android software features,,techradar.com,https://www.techradar.com/phones/honor-phones/exclusive-first-look-honors-magic-portal-2-0-brings-game-changing-updates-to-one-of-the-best-android-software-features
KR,2025-01-10,Rumuni rozważają zablokowanie przejęcia w energetyce . Boją sie wpływów Rosji,,wnp.pl,"https://www.wnp.pl/energetyka/rumuni-rozwazaja-zablokowanie-przejecia-w-energetyce-boja-sie-wplywow-rosji,902050.html"
KR,2025-01-10,"Lefkoşa , Demirhan ve Gazimağusada hırsızlık - Kıbrıs Gazetesi - Kıbrıs Haber , KKTC Son Dakika ve Gündem Haberleri",,kibrisgazetesi.com,https://kibrisgazetesi.com/lefkosa-demirhan-ve-gazimagusada-hirsizlik/
KR,2025-01-10,Russian group attempting to influence Polish elections uncovered,,yahoo.com,https://www.yahoo.com/news/russian-group-attempting-influence-polish-114543280.html
KR,2025-01-10,Brandingenjören : Som att hälla en tesked vatten på en majbrasa – Senaste nytt om bränderna i Kalifornien,,svt.se,https://www.svt.se/nyheter/utrikes/senaste-nytt-om-branderna-i-kalifornien?inlagg=a9ad02bb1a0c512ec35900e41d90798b
KR,2025-01-10,ASGARİ ÜCRET ZAMLI ÖDEME TAKVİMİ 2025 : Asgari ücret ne zaman ödenecek ? Yeni maaş haberleri ... ,,yenisafak.com,https://www.yenisafak.com/foto-galeri/ozgun/asgari-ucret-zamli-odeme-takvimi-2025-asgari-ucret-ne-zaman-odenecek-yeni-maas-haberleri-4669077
KR,2025-01-10,Mantan Dubes Usra Hendra Jelaskan Alasan Pulang ke Indonesia,,metrotvnews.com,https://www.metrotvnews.com/read/NrWCowWe-mantan-dubes-usra-hendra-jelaskan-alasan-pulang-ke-indonesia
KR,2025-01-10,Мінʼюст відновив роботу порталу ЄДР після кібератаки РФ | Новини України,,biz.liga.net,https://biz.liga.net/ua/all/all/novosti/min%CA%BCiust-vidnovyv-robotu-osnovnykh-servisiv-yedr-pislia-masshtabnoi-kiberataky-rf
KR,2025-01-10,Ліза Кудроу знайшла записку від Метью Перрі через 20 років | Новини України,,life.liga.net,https://life.liga.net/istoriyi/news/liza-kudrou-shcho-zihrala-fibi-v-druziakh-rozpovila-pro-zapysku-iaku-perri-zalyshyv-dlia-nei-detali
KR,2025-01-10,ChatGPT İslam  ı seçmişti ! Çinin ve Elon Musk  ın yapay zekası da tercihini yaptı ... ,,haber7.com,https://www.haber7.com/teknoloji/haber/3495276-chatgpt-islami-secmisti-cinin-ve-elon-muskin-yapay-zekasi-da-tercihini-yapti
KR,2025-01-10,  Hardcore  action RPG The First Berserker : Khazan wants you to try it for free - here how,,eurogamer.net,https://www.eurogamer.net/hardcore-action-rpg-the-first-berserker-khazan-wants-you-to-try-it-for-free-heres-how
KR,2025-01-10,"ธอส . เผยปล่อยสินเชื่อใหม่ได้กว่า 230 , 000 ล้านบาท ด้าน NPL ลดลงต่อเนื่อง 5 เดือน",,sanook.com,https://www.sanook.com/money/933107/
KR,2025-01-10,İzmirde uyuşturucuya 2 gözaltı,,malatyaguncel.com,https://www.malatyaguncel.com/izmirde-uyusturucuya-2-gozalti-2691393h.htm
KR,2025-01-10,Surprising Dec payrolls jump supports longer Fed pause,,marketscreener.com,https://www.marketscreener.com/quote/currency/EURO-US-DOLLAR-EUR-USD-4591/news/Surprising-Dec-payrolls-jump-supports-longer-Fed-pause-48729339/
KR,2025-01-10,Israel confirms son of killed Gaza hostage is also dead,,dailyadvertiser.com.au,https://www.dailyadvertiser.com.au/story/8864025/israel-confirms-son-of-killed-gaza-hostage-is-also-dead/?cs=9622
KR,2025-01-10,"What ignited the deadly California wildfires ? Investigators consider an array of possibilities | News , Sports , Jobs",,heraldextra.com,https://www.heraldextra.com/top-headlines/2025/jan/10/what-ignited-the-deadly-california-wildfires-investigators-consider-an-array-of-possibilities/
KR,2025-01-10,ABC News hit with embarrassing headlines from David Muir clothespin blunder to Sunny Hostin husband drama,,yahoo.com,https://www.yahoo.com/news/abc-news-hit-embarrassing-headlines-110051029.html
KR,2025-01-10,MidiaNews | Web reage à confirmao de Gracyanne Barbosa no  BBB25  ,,midianews.com.br,https://www.midianews.com.br/variedades/web-reage-a-confirmacao-de-gracyanne-barbosa-no-bbb25/485600
KR,2025-01-10,اسپیشل سیونگ سرٹیفکیٹس سے منافع حاصل کرنے والے افراد کے لیے اہم خبر,,dailyausaf.com,https://dailyausaf.com/pakistan/2025/01/10/99321/
KR,2025-01-10,  What has Elon Musk got against Stacey Solomon ? X users complain about feeds being flooded by posts with fake news stories about the  end of the TV star career,,dailymail.co.uk,https://www.dailymail.co.uk/news/article-14270299/Stacey-Solomon-X-users-complain-feeds-flooded-posts-fake-news-stories-end-TV-stars-career.html
KR,2025-01-10,"Canada Readying List of Retaliatory Tariffs in Response to Possible 25 % US Tariff , Sources Tell Bloomberg",,marketscreener.com,https://www.marketscreener.com/news/latest/Canada-Readying-List-of-Retaliatory-Tariffs-in-Response-to-Possible-25-US-Tariff-Sources-Tell-Bloo-48729775/
KR,2025-01-10,"Chưa hiểu gì về em , tôi đã muốn cưới",,vnexpress.net,https://vnexpress.net/chua-hieu-gi-ve-em-toi-da-muon-cuoi-4837838.html
KR,2025-01-10,Bursa Nilüferde çocuklara enerji verimliliği bilinci aşılandı - Haberler Sağlık,,haberlersaglik.com,https://haberlersaglik.com/bursa-niluferde-cocuklara-enerji-verimliligi-bilinci-asilandi-2/
KR,2025-01-10,Top 2 Best Places to Work in Bangladesh for 2024 Revealed - Thailand Business News,,thailand-business-news.com,https://www.thailand-business-news.com/pr-news/top-2-best-places-to-work-in-bangladesh-for-2024-revealed
KR,2025-01-10,California fires live updates : LA sheriff says city looks like  atomic bomb dropped  – 104 . 5 WOKV,,wokv.com,https://www.wokv.com/news/national/california-fires/7W4NWT7IS7Y7IQ3LIMR6Z7MDTE/
KR,2025-01-10,G7 - Hilfe : EU - Kommission zahlt drei Milliarden an Ukraine aus - Nachrichten aus aller Welt,,zvw.de,https://www.zvw.de/mehr-nachrichten/ausland/g7-hilfe-eu-kommission-zahlt-drei-milliarden-an-ukraine-aus_arid-909580
KR,2025-01-10,"Nintendo breaks silence on this week Switch 2 leaks , as Genki reveals it hasnt actually seen the hardware",,eurogamer.net,https://www.eurogamer.net/nintendo-breaks-silence-on-this-weeks-switch-2-leaks
KR,2025-01-10,"Crypto Trader Makes 13M on Akuma Inu , Wall Street Pepe Could be the Next Millionaire Maker",,bravenewcoin.com,https://bravenewcoin.com/sponsored/presale/crypto-trader-makes-13m-on-akuma-inu-wall-street-pepe-could-be-the-next-millionaire-maker
KR,2025-01-10,Ντονέτσκ : Τρεις νεκροί και έξι τραυματίες από ουκρανικά πλήγματα στην υπό ρωσική κατοχή περιφέρεια [ pics ] ,,onalert.gr,https://www.onalert.gr/kosmos/ntonetsk-treis-nekroi-kai-exi-traymaties-apo-oykranika-pligmata-stin-ypo-rosiki-katochi-perifereia-pics/607243/
KR,2025-01-10,İzmirde Göztepe ve Karantina iskeleleri yeniden devrede - Haberler Sağlık,,haberlersaglik.com,https://haberlersaglik.com/izmirde-goztepe-ve-karantina-iskeleleri-yeniden-devrede-2/
KR,2025-01-10,Novedades Quintana Roo ðŸ  ¥ Ãšltimas Noticias hoy 10 de enero de 2025,,sipse.com,https://sipse.com/novedades/novedades-quintana-roo-ultimas-noticias-hoy-10-de-enero-de-2025-484166.html
KR,2025-01-10,Tirón de orejas de Fundéu a los medios que escriben mal  Los Ángele :  Se pueden encontrar en los medios ejemplos como ... ,,eleconomista.es,https://www.eleconomista.es/actualidad/noticias/13165511/01/25/tiron-de-orejas-de-fundeu-a-los-medios-que-escriben-mal-los-angeles-se-pueden-encontrar-en-los-medios-ejemplos-como.html
KR,2025-01-10,СЗЧ у 155 - й бригаді - комбат Вовків Да Вінчі вказав на корінь проблеми УНІАН,,unian.ua,https://www.unian.ua/war/szch-u-155-y-brigadi-kombat-vovkiv-da-vinchi-vkazav-na-korin-problemi-12879849.html
KR,2025-01-10,Bodies found after gas explosion causes coal mine to collapse in southwest Pakistan,,independent.co.uk,https://www.independent.co.uk/news/ap-pakistan-quetta-balochistan-india-b2677245.html
KR,2025-01-10,Илия Куса : США совместно с Израилем будут наносить удары по Ирану,,vesti.az,https://vesti.az/politika/iliya-kusa-ssa-sovmestno-s-izrailem-budut-nanosit-udary-po-iranu-intervyu-534633
KR,2025-01-10,Новини Львова : Львівські медики вперше в Україні застосували найсучаснішу методику реконструкції лицевого нерва,,galinfo.com.ua,https://galinfo.com.ua/news/lvivski_medyky_vpershe_v_ukraini_zastosuvaly_naysuchasnishu_metodyku_rekonstruktsii_lytsevogo_nerva_428895.html
KR,2025-01-10,Новини Львова : У Львівській області продадуть на аукціоні ще кілька ділянок,,galinfo.com.ua,https://galinfo.com.ua/news/u_lvivskiy_oblasti_prodadut_na_auktsioni_shche_kilka_dilyanok_428898.html
KR,2025-01-10,"Her family thought they would return home the next day . Now , their house is gone",,wrvo.org,https://www.wrvo.org/2025-01-10/her-family-thought-they-would-return-home-the-next-day-now-their-house-is-gone
KR,2025-01-10,"TD SYNNEX ( NYSE : SNX ) Announces Quarterly Earnings Results , Beats Expectations By $0 . 04 EPS",,modernreaders.com,https://www.modernreaders.com/news/2025/01/10/td-synnex-nysesnx-announces-quarterly-earnings-results-beats-expectations-by-0-04-eps.html
KR,2025-01-10,Вильфанд : температура почти на 90 % территории РФ будет выше нормы в ближайшие дни - Россия |,,interfax-russia.ru,https://www.interfax-russia.ru/main/vilfand-temperatura-pochti-na-90-territorii-rf-budet-vyshe-normy-v-blizhayshie-dni
KR,2025-01-10,LA fires : Early estimates predict $57B in damages from deadly Southern California wildfires ; Kenneth Fire investigated as arson,,abc30.com,https://abc30.com/post/la-fires-early-estimates-predict-57b-damages-southern-california-wildfires-national-guard-called-amid-looting/15786103/
KR,2025-01-10,"Tingkat NPF Mandala Finance Capai 2 , 29 % hingga Akhir Desember 2024",,keuangan.kontan.co.id,https://keuangan.kontan.co.id/news/tingkat-npf-mandala-finance-capai-229-hingga-akhir-desember-2024
KR,2025-01-10,Russia Plays It Cool As Trump Talks Up Meeting With Putin,,huffingtonpost.co.uk,https://www.huffingtonpost.co.uk/entry/russia-plays-it-cool-as-trump-talks-up-meeting-with-putin_uk_6780f878e4b01ffef248350d
KR,2025-01-10,Thực hư tin Trung Quốc ban bố tình trạng khẩn cấp vì virus gây viêm phổi,,vietgiaitri.com,https://vietgiaitri.com/thuc-hu-tin-trung-quoc-ban-bo-tinh-trang-khan-cap-vi-virus-gay-viem-phoi-20250110i7357107/
KR,2025-01-10,Wojsko bez polskiego działa . Generał straszy kryminałem,,forsal.pl,"https://forsal.pl/kraj/bezpieczenstwo/artykuly/9709749,wojsko-bez-polskiego-dziala-general-straszy-kryminalem.html"
KR,2025-01-10,Alito cant save Trump from sentencing . He just made the Supreme Court credibility issue worse,,salon.com,https://www.salon.com/2025/01/10/alito-cant-save-from-sentencing-he-just-made-the-credibility-issue-worse/
KR,2025-01-10,"Meta , Yapay Zekâyı Eğitmek İçin Korsan Kitap mı Kullandı ? ",,webtekno.com,https://www.webtekno.com/meta-yapay-zeka-egitimi-korsan-kitap-kullandi-h154387.html
KR,2025-01-10,Son dakika | Cumhurbaşkanı Erdoğandan muhalefete Halep eleştirisi !  Türk bayrağı neden rahatsız ediyor  ,,tgrthaber.com,https://www.tgrthaber.com/politika/son-dakika-cumhurbaskani-erdogandan-muhalefete-halep-elestirisi-turk-bayragi-neden-rahatsiz-ediyor-2992498
KR,2025-01-10,Шмыгаль сообщил о дополнительном бронировании критически важных работников,,kv.com.ua,https://www.kv.com.ua/economics/557268
KR,2025-01-10,Дзеркалом автомобіля травмували велосипедистку на Гайсинщині - 20 хвилин,,vn.20minut.ua,https://vn.20minut.ua/DTP/dzerkalom-avtomobilya-travmuvali-velosipedistku-na-gaysinschini-11950471.html
KR,2025-01-10,"Kaya , gazeteciler gününde gazetecilerle bir araya geldi",,malatyaguncel.com,https://www.malatyaguncel.com/kaya-gazeteciler-gununde-gazetecilerle-bir-araya-geldi-2691352h.htm
KR,2025-01-10,网友称行政中心4点无人上班 市民等待无果引发关注 _ 新闻频道 _ 中华网,,news.china.com,https://news.china.com/socialgd/10000169/20250110/47855538.html
KR,2025-01-10,Ogün Samast duruşma sonrası Trabzon Adliyesinden ayrıldı,,malatyaguncel.com,https://www.malatyaguncel.com/ogun-samast-durusma-sonrasi-trabzon-adliyesinden-ayrildi-2691362h.htm
KR,2025-01-10,Nur jeder Dritte sieht Führungsrolle Deutschlands in der EU,,extremnews.com,https://www.extremnews.com/nachrichten/vermischtes/178419e047dbc81
KR,2025-01-10,Ultimele ştiri din Moldova,,news.yam.md,https://news.yam.md/ro/subjects/16150512
KR,2025-01-10,"Tributes paid to  kind , smiley , funny  teen who died after crash",,thestar.co.uk,https://www.thestar.co.uk/community/tributes-paid-to-kind-smiley-funny-teen-who-died-after-horror-sheffield-crash-4937144
KR,2025-01-10,John Wheeler : California Santa Ana winds caused by geography,,dglobe.com,https://www.dglobe.com/weather/john-wheeler-californias-santa-ana-winds-caused-by-geography
KR,2025-01-10,Видео – поражение состава беспилотников в Ростовской области 10 января 2025 года | Новости Украины,,news.liga.net,https://news.liga.net/all/news/sbu-i-vms-porazili-sklad-s-razveddronami-v-rostovskoi-oblasti-istochnik
KR,2025-01-10,В Оренбуржье росгвардейцы написали « Диктант Победы » » Информационное агентство МАНГАЗЕЯ,,mngz.ru,https://www.mngz.ru/vse-obo-vsem/4121128-v-orenburzhe-rosgvardeycy-napisali-diktant-pobedy.html
KR,2025-01-10,Ultimele ştiri din Moldova,,news.yam.md,https://news.yam.md/ro/subjects/16150887
KR,2025-01-10,Bulgaristanda 100 metrekarelik daire satın almak için 199 ortalama maaş gerek,,bursadabugun.com,https://www.bursadabugun.com/haber/bulgaristan-da-100-metrekarelik-daire-satin-almak-icin-199-ortalama-maas-gerek-1779370.html
KR,2025-01-10,Alec Baldwin files lawsuit against prosecutors in fatal Rust shooting case,,kmfm.co.uk,https://www.kmfm.co.uk/news/entertainment/alec-baldwin-files-lawsuit-against-prosecutors-in-fatal-rust-shooting-case/
KR,2025-01-10,"Muslera , Galatasaray  ı reddetti",,haberler.com,https://www.haberler.com/spor/muslera-galatasaray-i-reddetti-18248018-haberi/
KR,2025-01-10,"January 10 , 2025 - Radio Romania International",,rri.ro,https://www.rri.ro/en/news-and-current-affairs/newsflash/january-10-2025-id849785.html
KR,2025-01-10,"Caltanissetta , divieto temporaneo di consumo dellacqua per uso alimentare - il Fatto Nisseno - Caltanissetta notizie , cronaca , attualità",,ilfattonisseno.it,https://www.ilfattonisseno.it/2025/01/caltanissetta-divieto-temporaneo-di-consumo-dellacqua-per-uso-alimentare/
KR,2025-01-10,Yemekteyiz kim birinci oldu ? 10 Ocak Zuhal Topalla Yemekteyiz bu hafta para ödülünü kim kazandı ? ,,haberler.com,https://www.haberler.com/haberler/yemekteyiz-kim-birinci-oldu-10-ocak-zuhal-topal-18248031-haberi/
KR,2025-01-10,Ekran Altı Face ID Ne Zaman Gelecek ? ,,webtekno.com,https://www.webtekno.com/ekran-alti-face-id-cikis-tarihi-iddia-h154374.html
KR,2025-01-10,Суд продлил арест экс - депутату Госдумы Абельцеву,,ria.ru,https://ria.ru/20250110/abeltsev-1993152849.html
KR,2025-01-10,Bahn - Aufsichtsratschef warnt vor Aufspaltungs - Fantasien,,extremnews.com,https://www.extremnews.com/nachrichten/vermischtes/4fae19e04770c77
KR,2025-01-10,"Who in , who out and who wants to rename the Gulf of Mexico ? The quiz is back ! ",,wcbe.org,https://www.wcbe.org/npr-news/2025-01-10/whos-in-whos-out-and-who-wants-to-rename-the-gulf-of-mexico-the-quiz-is-back
KR,2025-01-10,Health - HITS FM,,hitsfm.net,https://hitsfm.net/health/70cc5e288bdf37631f304f68185f546c
KR,2025-01-10,Зеленский пытался подкупить европейский бизнес для восстановления Украины,,ria.ru,https://ria.ru/20250110/zelenskiy-1993153665.html
KR,2025-01-10,Sheinbaum responde a Trump : México no se deja intimidar por acusaciones,,laverdadnoticias.com,https://laverdadnoticias.com/politica/sheinbaum-responde-a-trump-mexico-no-se-deja-intimidar-por-acusaciones-20250110
KR,2025-01-10,"Fatal accidente en la Vía Mocoa - San Francisco , en Putumayo , deja seis fallecidos y 5 personas heridas",,elpais.com.co,https://www.elpais.com.co/colombia/fatal-accidente-en-la-via-mocoa-san-francisco-en-putumayo-deja-seis-fallecidos-y-5-personas-heridas-1011.html
KR,2025-01-10,NT Government launches Circuit Breaker in Katherine | Katherine Times,,katherinetimes.com.au,https://www.katherinetimes.com.au/story/8863042/nt-government-launches-circuit-breaker-in-katherine/
KR,2025-01-10,What Going On With Robert Pattinson Batman Potentially Joining James Gunn DC Universe ? We Break Down Everything That Been Said,,screenrant.com,https://screenrant.com/robert-pattinson-batman-james-gunn-dc-universe-explainer/
KR,2025-01-10,В Ковдоре с рельсов сошли грузовые вагоны [ видео ] ,,severpost.ru,https://severpost.ru/read/182299/
KR,2025-01-10,Walgreens Boots Alliance Reports Fiscal 2025 First Quarter Results,,lelezard.com,https://www.lelezard.com/en/news-21662854.html
KR,2025-01-10,Sister of dad missing in Benidorm sends heart - breaking tribute,,walesonline.co.uk,https://www.walesonline.co.uk/news/uk-news/sister-dad-missing-benidorm-sends-30741720
KR,2025-01-10,"В Татарстане сотрудники Росгвардии задержали нетрезвого молодого человека , подозреваемого в совершении грабежа из торгового центра » Информационное агентство МАНГАЗЕЯ",,mngz.ru,https://www.mngz.ru/vse-obo-vsem/4183878-v-tatarstane-sotrudniki-rosgvardii-zaderzhali-netrezvogo-molodogo-cheloveka-podozrevaemogo-v-sovershenii-grabezha-iz-torgovogo-centra.html
KR,2025-01-10,TikTok fate arrives at Supreme Court days before ban on app to take effect,,abc30.com,https://abc30.com/post/tiktoks-fate-arrives-supreme-court-collision-free-speech-national-security/15786232/
KR,2025-01-10,Новини Львова : У Краківці затримали псевдоподружжя,,galinfo.com.ua,https://galinfo.com.ua/news/u_krakivtsi_zatrymaly_psevdopodruzhzhya_428885.html
KR,2025-01-10,Illegal immigrant accused of trying to kidnap teen deported 5 times : officials,,foxnews.com,https://www.foxnews.com/us/illegal-immigrant-accused-attempted-teen-kidnapping-deported-5-times-officials
KR,2025-01-10,"Wildfire victims report looting . And , Trump set for sentencing in hush money case",,wcbe.org,https://www.wcbe.org/npr-news/2025-01-10/wildfire-victims-report-looting-and-trump-set-for-sentencing-in-hush-money-case
KR,2025-01-10,养老服务改革如何满足多样化养老需求 ？ 一文了解,,news.huanbohainews.com.cn,https://news.huanbohainews.com.cn/2025-01/10/content_50400718.html
KR,2025-01-10,Сотрудники СОБР « Карху » выступили на открытии юношеского турнира по самбо » Информационное агентство МАНГАЗЕЯ,,mngz.ru,https://www.mngz.ru/vse-obo-vsem/4183860-sotrudniki-sobr-karhu-vystupili-na-otkrytii-yunosheskogo-turnira-po-sambo.html
KR,2025-01-10,Lions Cubs Raffle Raises Charity Funds,,bernews.com,https://bernews.com/2025/01/jan9-lions-cubs-raffle-raises-charity-funds/
KR,2025-01-10,Prokuratura o zgubionych minach : Czterem żołnierzom grozi do pięciu lat więzienia,,radiopik.pl,"https://www.radiopik.pl/2,126275,prokuratura-o-zgubionych-minach-czterem-zolnierzom-grozi-do-pieciu-lat-wiezienia"
KR,2025-01-10,Hold On ― Is There Gluten In Baking Powder ? ,,huffingtonpost.co.uk,https://www.huffingtonpost.co.uk/entry/is-baking-powder-gluten-free_uk_6780f908e4b01ffef2483585
KR,2025-01-10,54 Times People With Zero Taste Executed Their Ideas Perfectly ( New Pics ) ,,boredpanda.com,https://www.boredpanda.com/funny-awful-taste-great-execution-pics/?cexp_id=114400&cexp_var=21&_f=homepage_featured
KR,2025-01-10,Quanto seu time ganha ? Veja as cotas dos principais campeonatos estaduais do Brasil,,terra.com.br,"https://www.terra.com.br/economia/quanto-seu-time-ganha-veja-as-cotas-dos-principais-campeonatos-estaduais-do-brasil,92e3af9b516c82cdecd0601329d0065d1qpt9kb4.html"
KR,2025-01-10,Furious Traitors US fans say first murder is  a misstep  ,,independent.co.uk,https://www.independent.co.uk/arts-entertainment/tv/news/traitors-spoilers-season-3-dorinda-medley-age-b2677223.html
KR,2025-01-10,"Top news of the day | January 10 , 2025",,thehindu.com,https://www.thehindu.com/news/top-news-of-the-day-january-10-2025/article69084932.ece
KR,2025-01-10,58 - летний Венсан Кассель в четвертый раз стал отцом,,m24.ru,https://www.m24.ru/news/shou-biznes/10012025/759120
KR,2025-01-10,İkinci el araç alıp satanlar dikkat ! 126 bin liralık fatura üzerine kaldı : Dikkat çeken 8 yaş 160 bin kilometre detayı,,tgrthaber.com,https://www.tgrthaber.com/ekonomi/ikinci-el-arac-alip-satanlar-dikkat-126-bin-liralik-fatura-uzerine-kaldi-dikkat-ceken-8-yas-160-bin-kilometre-detayi-2992481
KR,2025-01-10,2025 Aston Martin DB12 Volante review,,canberratimes.com.au,https://www.canberratimes.com.au/story/8864033/2025-aston-martin-db12-volante-review/?cs=34616
KR,2025-01-10,Why Ottawa still wants you to pay Trudeau zombie taxes,,nationalpost.com,https://nationalpost.com/opinion/first-reading-why-ottawa-still-wants-you-to-pay-trudeaus-zombie-taxes
KR,2025-01-10,Запоріжжя : кількість постраждалих зросла | Новини на Gazeta . ua,,gazeta.ua,https://gazeta.ua/articles/np/_obstril-zaporizhzhya-kilkist-postrazhdalih-zrosla/1204665
KR,2025-01-10,太常在臉書發文罵政府被盯上 ！ 越南前律師遭判3年監禁 ， 法院轟他 「 濫用民主自由 」- 風傳媒,,storm.mg,https://www.storm.mg/article/5307622
KR,2025-01-10,Acceso al Pase para Personas con Discapacidad en el subte – LND Noticias,,lndnoticias.com.ar,https://lndnoticias.com.ar/2025/01/10/acceso-al-pase-para-personas-con-discapacidad-en-el-subte/
KR,2025-01-10,Jangan Ketinggalan ! Begini Cara Klaim Saldo DANA Gratis hingga Rp300 . 000 Per Hari,,jabejabe.pikiran-rakyat.com,https://jabejabe.pikiran-rakyat.com/ekonomi/pr-3358957410/jangan-ketinggalan-begini-cara-klaim-saldo-dana-gratis-hingga-rp300000-per-hari
KR,2025-01-10,Supreme Court to hear TikTok ban challenge nine days before it takes effect,,independent.co.uk,https://www.independent.co.uk/news/world/americas/us-politics/tiktok-ban-supreme-court-hearing-b2677094.html
KR,2025-01-10,Wiadomości - Gmina Pelplin,,pelplin.pl,https://pelplin.pl/wiadomosci/103918/ostrzenie-meteorologiczne-oblodzenie1
KR,2025-01-10,Super Micro - Aktie mit Verlusten : Super Micro Computer startet Massenauslieferung neuer Hochleistungsserver,,finanzen.ch,https://www.finanzen.ch/nachrichten/aktien/super-micro-aktie-mit-verlusten-super-micro-computer-startet-massenauslieferung-neuer-hochleistungsserver-1034210694
KR,2025-01-10,delhi vidhan sabha chunav congress candidate list awaiting speculation devender yadav reply delhi assembly elections 2025 bjp vs aap vs congress,,jansatta.com,https://www.jansatta.com/national/delhi-assembly-election-2025-congress-candidate-list-speculation-devender-yadav-reply/3772872/
KR,2025-01-10,Đoan Laporta : Spas od bruke,,avaz.ba,https://avaz.ba/vijesti/kolumne/950033/djoan-laporta-spas-od-bruke
KR,2025-01-10,"Selain Main Drakor Baru , Jisoo Blackpink Juga Akan Rilis Lagu Solo Lagi di Februari 2025",,jawapos.com,https://www.jawapos.com/music-movie/015513232/selain-main-drakor-baru-jisoo-blackpink-juga-akan-rilis-lagu-solo-lagi-di-februari-2025
KR,2025-01-10,National - HITS FM,,hitsfm.net,https://hitsfm.net/national/1f893373df27f1d44538f98b78617bc0
KR,2025-01-10,"WWE Star Seth Rollins Says His Mystery Role in Captain America : Brave New World Was Cut , Points to  a Lot of Rewrites and Reshoots  ",,ign.com,https://www.ign.com/articles/wwe-star-seth-rollins-says-his-mystery-role-in-captain-america-brave-new-world-was-cut-points-to-a-lot-of-rewrites-and-reshoots
KR,2025-01-10,Lo stipendio di dicembre è più basso ? Ecco la causa,,trend-online.com,https://www.trend-online.com/2025/01/10/stipendio-dicembre-piu-basso-conguaglio/
KR,2025-01-10,Unos 130 centros se unen a los huertos escolares ecológicos | Noticias La Tribuna de Toledo,,latribunadetoledo.es,https://www.latribunadetoledo.es/noticia/z22281e77-9410-594f-6b07cc31d339810c/202501/unos-130-centros-se-unen-a-los-huertos-escolares-ecologicos
KR,2025-01-10,Xiaomi Redmi Note 14 Pro 5G ( global ) review,,gsmarena.com,https://www.gsmarena.com/xiaomi_redmi_note_14_pro_5g-review-2784p4.php
KR,2025-01-10,The Traitors US fans in hysterics after Alan Cumming skewers Tom Sandoval in first episode,,independent.co.uk,https://www.independent.co.uk/arts-entertainment/tv/news/traitors-season-3-tom-sandoval-ariana-alan-cumming-b2677215.html
KR,2025-01-10,"Sin regulación , dejan en el abandono a la carretera panorámica de Guanajuato",,periodicocorreo.com.mx,https://www.periodicocorreo.com.mx/guanajuato/sin-regulacion-dejan-en-el-abandono-a-la-carretera-panoramica-de-guanajuato-20250109-118458.html
KR,2025-01-10,Grande Fratello Luca Calvani faceva proprio quello nel letto di Jessica Moralcchi,,zazoom.it,https://www.zazoom.it/2025-01-10/grande-fratello-luca-calvani-faceva-proprio-quello-nel-letto-di-jessica-moralcchi-piovono-accuse-gravissime/16150753/
KR,2025-01-10,Bilgin ve Daştan için yapılan eylemde tutuklanan kadın gazetecilere sürgün,,evrensel.net,https://www.evrensel.net/haber/539505/bilgin-ve-dastan-icin-yapilan-eylemde-tutuklanan-kadin-gazetecilere-surgun
KR,2025-01-10,Mandryk : Old problems like equalization will remain long after Trudeau,,thestarphoenix.com,https://thestarphoenix.com:443/opinion/columnists/mandryk-old-problems-like-equalization-will-remain-long-after-trudeau/wcm/3fba2658-fb89-474b-a69c-061d3b821d03
KR,2025-01-10,"Earth records hottest year ever in 2024 , passing key threshold – NBC Los Angeles",,nbclosangeles.com,https://www.nbclosangeles.com/news/national-international/earth-record-hottest-year-2024-key-climate-threshold/3600417/
KR,2025-01-10,"Canarios en Venezuela : « Están muy preocupados , hay mucha tensión » ",,canarias7.es,https://www.canarias7.es/canarias/canarios-venezuela-preocupados-tension-20250110132147-nt.html
KR,2025-01-10,"Neogen ( NASDAQ : NEOG ) Releases Quarterly Earnings Results , Beats Estimates By $0 . 12 EPS",,wkrb13.com,https://www.wkrb13.com/2025/01/10/neogen-nasdaqneog-releases-quarterly-earnings-results-beats-estimates-by-0-12-eps.html
KR,2025-01-10,The fall of Syria Assad regime is bad news for Libya,,issafrica.org,https://issafrica.org/iss-today/the-fall-of-syria-s-assad-regime-is-bad-news-for-libya
KR,2025-01-10,Frontline Heroes Festival Launches Across UAE On January 17,,urdupoint.com,https://www.urdupoint.com/en/middle-east/frontline-heroes-festival-launches-across-uae-1906057.html
KR,2025-01-10,Hillcrest Energy Technologies Ltd .: Hillcrest Announces Convertible Debenture Financing,,finanznachrichten.de,https://www.finanznachrichten.de/nachrichten-2025-01/64261216-hillcrest-energy-technologies-ltd-hillcrest-announces-convertible-debenture-financing-296.htm
KR,2025-01-10,SC stays GST on online gaming ; L & T chairman sparks work - life balance debate,,economictimes.indiatimes.com,https://economictimes.indiatimes.com/tech/newsletters/tech-top-5/sc-stays-gst-on-online-gaming-lt-chairman-sparks-work-life-balance-debate/articleshow/117122884.cms
KR,2025-01-10,India Gas Exchange Prepares to Launch Longer - Duration Contract,,oilprice.com,https://oilprice.com/Latest-Energy-News/World-News/Indias-Gas-Exchange-Prepares-to-Launch-Longer-Duration-Contract.html
KR,2025-01-10,Middle East latest : Body recovered in Gaza confirmed to be 23 - year - old Hamzah AlZayadni,,independent.co.uk,https://www.independent.co.uk/news/ap-israel-gaza-hamas-body-b2677065.html
KR,2025-01-10,Peak District National Park Authority announces redundancies and significant restructure amid  unprecedented financial pressures  ,,derbyshiretimes.co.uk,https://www.derbyshiretimes.co.uk/news/politics/peak-district-national-park-authority-announces-redundancies-and-significant-restructure-amid-unprecedented-financial-pressures-4938573
KR,2025-01-10,  Narkokapan - 6  operasyonunun detayları ortaya çıktı : Uyuşturucu haplara  Leyla abla  adını verdiler,,malatyaguncel.com,https://www.malatyaguncel.com/narkokapan-6-operasyonunun-detaylari-ortaya-cikti-uyusturucu-haplara-leyla-abla-adini-verdiler-2691366h.htm
KR,2025-01-10,女子网购宠物猫取消订单5天后发货 商家执意发货致猫死亡引发争议 _ 新闻频道 _ 中华网,,news.china.com,https://news.china.com/socialgd/10000169/20250110/47855558.html
KR,2025-01-10,特朗普上任倒计时10天 欧洲盟友已经寝食难安 _ 新闻频道 _ 中华网,,news.china.com,https://news.china.com/international/1000/20250110/47855540.html
KR,2025-01-10,China sheds light on its 2025 fiscal policy focus | Hellenic Shipping News Worldwide,,hellenicshippingnews.com,https://www.hellenicshippingnews.com/china-sheds-light-on-its-2025-fiscal-policy-focus/
KR,2025-01-10,LA firestorm stresses importance of having personal disaster plan : Officials,,wsjm.com,https://www.wsjm.com/2025/01/10/la-firestorm-stresses-importance-of-having-personal-disaster-plan-officials/
KR,2025-01-10,"Nicolás Maduro asume como presidente de Venezuela EN VIVO : canal de transmisión , situación en Caracas , qué dice Edmundo González y más noticias | toma de posesión en Venezuela | | Venezuela",,larepublica.pe,https://larepublica.pe:443/mundo/venezuela/2025/01/10/nicolas-maduro-jura-como-presidente-de-venezuela-hoy-en-vivo-canal-de-transmision-situacion-en-caracas-que-dice-edmundo-gonzalez-posible-golpe-de-estado-y-mas-noticias-maria-corina-machado-790524
KR,2025-01-10,"Кабінет міністрів України дозволив бронювати працівників газових компаній | Новости в Харькове , Украине . Весь Харьков",,allkharkov.ua,https://allkharkov.ua/news/idn/612312.html
KR,2025-01-10,İsrailli bakan : İşgal kelimesinden korkmayı bırakmalıyız,,evrensel.net,https://www.evrensel.net/haber/539525/israilli-bakan-isgal-kelimesinden-korkmayi-birakmaliyiz
KR,2025-01-10,"FOTO Truplo dupina pronađeno na talijanskoj strani Jadrana , pola tijela mu je odgrizeno :  Naizgled je od morskog psa  ",,vecernji.hr,https://www.vecernji.hr/vijesti/foto-truplo-dupina-pronadeno-na-talijanskoj-strani-jadrana-pola-tijela-mu-je-odgrizeno-naizgled-je-od-morskog-psa-1829425
KR,2025-01-10,"Į avariją pakliuvo mikroautobusas su vaikais iš Ventspilio muzikos mokyklos choro , žuvo dirigentė",,ve.lt,https://ve.lt/kriminalai/i-avarija-pakliuvo-mikroautobusas-su-vaikais-is-ventspilio-muzikos-mokyklos-choro-zuvo
KR,2025-01-10,  Prime Minister PR dominating over vision of progress : Priyanka Gandhi Vadra,,news.webindia123.com,https://news.webindia123.com/news/Articles/India/20250110/4275132.html
KR,2025-01-10,2025 Aston Martin DB12 Volante review,,macleayargus.com.au,https://www.macleayargus.com.au/story/8864033/2025-aston-martin-db12-volante-review/?cs=34616
KR,2025-01-10,Jacksonville Jaguars Insider Podcast : Ben Johnson Watch Begins,,si.com,https://www.si.com/nfl/jaguars/news/jacksonville-jaguars-insider-podcast-ben-johnson-watch-begins-01jh34534w1m
KR,2025-01-10,Crímenes y asesinatos Comunitat Valenciana | El juzgado deja libre al detenido por el asesinato de un ciudadano norirlandés en Rojales,,lasprovincias.es,https://www.lasprovincias.es/sucesos/juzgado-deja-libre-detenido-asesinato-ciudadano-norirlandes-20250110143434-nt.html
KR,2025-01-10,针对MCN机构 ， 国家网信办拟出台管理新规 ！ ,,stcn.com,http://www.stcn.com/article/detail/1489387.html
KR,2025-01-10,Story,,khits.com,http://www.khits.com/story/64ddf94c57c6ce0730b84a06/weather-blog:-winter-storm-exits-eastern-oklahoma--but-travel-remains-hazardous
KR,2025-01-10,Hollywood Bowl in Danger from California Wildfires,,hd983.com,https://hd983.com/2025/01/09/hollywood-bowl-california-wildfires/
KR,2025-01-10,北京煤医鼻整形专家郝斌院长 ： 燕尾灵动鼻 多角度设计 ， 确保鼻型面部和谐 - 健康卫生频道,,ws.sdnews.com.cn,http://ws.sdnews.com.cn/ft/202501/t20250110_4481603.htm
KR,2025-01-10,وزيرا خارجية سوريا وايطاليا يؤكدان على العودة الآمنة للاجئين السوريين,,imn.iq,https://imn.iq/archives/112719
KR,2025-01-10,"Cristina Demetrescu , horoscop complet pentru 2025",,money.ro,https://www.money.ro/cristina-demetrescu-horoscop-2025-gemenii-stiu-sa-faca-bani/
KR,2025-01-10,Condamnée à 8 mois de prison : la prostituée invoque sa dépendance à la drogue dure,,seneweb.com,https://www.seneweb.com/news/Societe/condamnee-a-8-mois-de-prison-la-prostitu_n_460351.html
KR,2025-01-10,"Proiectul de gazificare a 14 sate din zona de securitate , depus la ANRE",,news.yam.md,https://news.yam.md/ro/story/16151211
KR,2025-01-10,Detenido en La Jonquera un fugitivo buscado desde hace cuatro años en Rumanía,,andaluciainformacion.es,https://andaluciainformacion.es/sociedad/1856707/detenido-en-la-jonquera-un-fugitivo-buscado-desde-hace-cuatro-anos-en-rumania/
KR,2025-01-10,Rectificación de un abogado leonés sobre una información sobre el parecido físico con Koldo García con quien no tiene ninguna relación,,diariodeleon.es,https://www.diariodeleon.es/leon/250110/1768144/rectificacion-sde-abogado-leones-sobre-informacion-sobre-parecido-fisico-koldo-garcia-ninguna-relacion.html
KR,2025-01-10,Atropello niño Valencia | Celebran la excarcelación del joven que atropelló a un niño de dos años y difunden las imágenes,,lasprovincias.es,https://www.lasprovincias.es/sucesos/celebran-excarcelacion-joven-atropello-nino-dos-anos-20250110141451-nt.html
KR,2025-01-10,Prince Harry And Meghan Markle Issue Urgent Plea As California Wildfires Rage Through Hollywood,,boredpanda.com,https://www.boredpanda.com/prince-harry-meghan-markle-make-urgent-plea-to-public-los-angeles-fire/?cexp_id=114489&cexp_var=8&_f=featured
KR,2025-01-10,Tattoo Artist Receives Backlash For Tattooing An American Flag On A 9 - Year - Old,,boredpanda.com,https://www.boredpanda.com/tattoo-artist-kid-american-flag-backlash/?cexp_id=114452&cexp_var=18&_f=homepage_featured
KR,2025-01-10,Gaat deze Toyota Urban Cruiser wel potten breken ? ,,autoblog.nl,https://www.autoblog.nl/nieuws/gaat-deze-toyota-urban-cruiser-wel-potten-breken-7016785
KR,2025-01-10,South Korea Jet Crash Puts Fast - Growing Jeju Air Safety Under Scrutiny,,insurancejournal.com,https://www.insurancejournal.com/news/international/2025/01/10/807743.htm
KR,2025-01-10,Зеленский назвал гарантии безопасности и завершение конфликта целями Украины на 2025 год,,m24.ru,https://www.m24.ru/news/politika/10012025/759163
KR,2025-01-10,Sorgunda ilçe müftüleri toplandı - Yozgat Haberleri,,haberturk.com,https://www.haberturk.com/yozgat-haberleri/36708936-sorgunda-ilce-muftuleri-toplandi
KR,2025-01-10,"महाकुंभ में नागा साधु क्यों निकालते हैं शाही बारात , शिव और पार्वती के विवाह से क्या है इसका संबंध",,hindi.webdunia.com,https://hindi.webdunia.com/prayagraj-kumbh-mela-history/interesting-facts-about-naga-sadhu-125011000085_1.html
KR,2025-01-10,Haleon ( NYSE : HLN ) Stock Rating Lowered by Morgan Stanley,,modernreaders.com,https://www.modernreaders.com/news/2025/01/10/haleon-nysehln-stock-rating-lowered-by-morgan-stanley.html
KR,2025-01-10,Disgraced NYC COVID Czar :  I Shouldnt Have Been Shamed for My Pandemic Sex Parties  ,,townhall.com,https://townhall.com/tipsheet/miacathell/2025/01/10/jay-varma-daily-beast-op-ed-n2650217
KR,2025-01-10,"Profesör acı gerçeği açıkladı :  Dünya , eskisi gibi olmayacak  ",,malatyaguncel.com,https://www.malatyaguncel.com/profesor-aci-gercegi-acikladi-dunya-eskisi-gibi-olmayacak-2691363h.htm
KR,2025-01-10,"Send Hindi News , Send News In Hindi - Amarujala . com",,amarujala.com,https://www.amarujala.com/tags/send?text=https:/www.amarujala.com/photo-gallery/automobiles/bombay-high-court-suggestions-on-diesel-vehicles-amidst-deteriorating-air-quality-in-mumbai-2025-01-10
KR,2025-01-10,  The View : Whoopi Goldberg Details How Her Mom  Mental Issue Impacted Her Own Life,,tvinsider.com,https://www.tvinsider.com/1170346/the-view-whoopi-goldberg-mental-health-issues/
KR,2025-01-10,Novi trener obavio seriju sastanaka u Partizanu : Blagojević uspostavlja timsku kulturu u Humskoj - Povezane vesti,,naslovi.net,https://naslovi.net/tema/2237381
KR,2025-01-10,The Future Of Trade Media And B2B PR : 19 Expert Predictions,,forbes.com,https://www.forbes.com/councils/forbesagencycouncil/2025/01/10/the-future-of-trade-media-and-b2b-pr-19-expert-predictions/
KR,2025-01-10,Eurovision finalist Bambie Thug speaks of being caught up in LA fires,,breakingnews.ie,https://www.breakingnews.ie/ireland/eurovision-finalist-bambie-thug-speaks-of-being-caught-up-in-la-fires-1716259.html
KR,2025-01-10,"Los Angeles yangınları : Tekellere vergi indirimi , itfaiyeye bütçe kesintisi",,evrensel.net,https://www.evrensel.net/haber/539514/los-angeles-yanginlari-tekellere-vergi-indirimi-itfaiyeye-butce-kesintisi
KR,2025-01-10,Chinese recipes building on core techniques,,nationalpost.com,https://nationalpost.com/life/food/chinese-recipes
KR,2025-01-10,Kocaelide bin 206 kaçak futbol takımı forması ele geçirildi,,malatyaguncel.com,https://www.malatyaguncel.com/kocaelide-bin-206-kacak-futbol-takimi-formasi-ele-gecirildi-2691360h.htm
KR,2025-01-10,"SNS vyzvala ministra Blanára , aby si pre útok na kataster predvolal ukrajinského veľvyslanca",,aktuality.sk,https://www.aktuality.sk/clanok/k0Rnx00/sns-vyzvala-ministra-blanara-aby-si-pre-utok-na-kataster-predvolal-ukrajinskeho-velvyslanca/
KR,2025-01-10,"Mamak Belediye Başkanı Şahin , 10 Ocakta gazetecilerle bir araya geldi",,malatyaguncel.com,https://www.malatyaguncel.com/mamak-belediye-baskani-sahin-10-ocakta-gazetecilerle-bir-araya-geldi-2691361h.htm
KR,2025-01-10,"Ketua KOPRI PK PMII Politeknik Triguna , Ilmi Kutuk Pelaku Cabul di Kota Tasik",,priangantimurnews.pikiran-rakyat.com,https://priangantimurnews.pikiran-rakyat.com/news-priangan/pr-1228957442/ketua-kopri-pk-pmii-politeknik-triguna-ilmi-kutuk-pelaku-cabul-di-kota-tasik
KR,2025-01-10,भू माफिया को देर सवेर खाली करनी ही होगी जमीन : योगी,,tarunmitra.in,https://www.tarunmitra.in/state/uttar-pradesh/land-mafia-will-have-to-vacate-the-land-sooner-or/article-69432
KR,2025-01-10,"PSS Sleman Bebas dari Sanksi FIFA , Siap Mendaftar Pemain Baru untuk Putaran Kedua Liga 1 Indonesia 2024 / 2025",,jawapos.com,https://www.jawapos.com/sepak-bola-indonesia/015513206/pss-sleman-bebas-dari-sanksi-fifa-siap-mendaftar-pemain-baru-untuk-putaran-kedua-liga-1-indonesia-20242025
KR,2025-01-10,Torremolinos mayor files  hate crime  complaint against private club with National Police,,surinenglish.com,https://www.surinenglish.com/six/torremolinos-mayor-files-hate-crime-complaint-against-20250110140721-nt.html
KR,2025-01-10,El Supremo rechaza retrasar la sentencia de Trump | Noticias La Tribuna de Toledo,,latribunadetoledo.es,https://www.latribunadetoledo.es/noticia/z23534a95-0479-fed5-b2044076c11ba25d/202501/el-supremo-rechaza-retrasar-la-sentencia-de-trump
KR,2025-01-10,Sivasta Kasten Öldürme ve Firar Suçlarından Aranan İki Kişi Yakalandı,,haberler.com,https://www.haberler.com/3-sayfa/sivas-ta-kasten-oldurme-ve-firar-suclarindan-aranan-iki-kisi-yakalandi-18248071-haberi/
KR,2025-01-10,"  Chien des Ozarks , par Eli Cranor  : lamour à mort",,nouvelobs.com,https://www.nouvelobs.com/bibliobs/20250110.OBS98837/chien-des-ozarks-par-eli-cranor-l-amour-a-mort.html
KR,2025-01-10,Diyarbakırda İsrailin Gazzeye Saldırılarına Protesto,,haberler.com,https://www.haberler.com/guncel/diyarbakir-da-israil-in-gazze-ye-saldirilarina-protesto-18248056-haberi/
KR,2025-01-10,5 things to know before the stock market opens Friday,,nbclosangeles.com,https://www.nbclosangeles.com/news/business/money-report/5-things-to-know-before-the-stock-market-opens-friday-202/3600413/
KR,2025-01-10,Palvella Therapeutics ( NASDAQ : PVLA ) Given Buy Rating at HC Wainwright,,theenterpriseleader.com,https://theenterpriseleader.com/2025/01/10/palvella-therapeutics-nasdaqpvla-given-buy-rating-at-hc-wainwright.html
KR,2025-01-10,Los Angeles wildfires kill 10 as details emerge about victims,,foxnews.com,https://www.foxnews.com/us/los-angeles-wildfires-leave-10-dead-details-emerge-about-victims
KR,2025-01-10,Spritzer发布 《 好好说话 》 新年短片 吁真诚沟通温馨迎蛇年 | 市场快讯,,orientaldaily.com.my,https://www.orientaldaily.com.my/news/advertorial/2025/01/10/705172
KR,2025-01-10,Атака на Киев 10 января – фото последствий показали в ГСЧС | Новости Украины,,news.liga.net,https://news.liga.net/kiev/news/v-kieve-zavershili-razbor-povrezhdenii-v-dome-kotoryi-atakovala-rossiya-foto
KR,2025-01-10,Respons pembaca terhadap berita pemberian makan bergizi gratis,,antaranews.com,https://www.antaranews.com/berita/4576850/respons-pembaca-terhadap-berita-pemberian-makan-bergizi-gratis
KR,2025-01-10,Ubisoft Shares Sink After Assassin Creed Shadows Delay,,bnnbloomberg.ca,https://www.bnnbloomberg.ca/business/company-news/2025/01/09/ubisoft-hires-advisers-to-weigh-options-after-buyout-interest/
KR,2025-01-10,Réformes dans le secteur minier malien : Dissolution des organes de la Chambre des Mines pour redonner une nouvelle direction au secteur,,seneweb.com,https://www.seneweb.com/news/Afrique/reformes-dans-le-secteur-minier-malien-d_n_460357.html
KR,2025-01-10,Deutscher seit 1967 auf Gletscher vermisst : Bein gefunden - Baden,,badische-zeitung.de,https://www.badische-zeitung.de/deutscher-seit-1967-auf-gletscher-vermisst-bein-gefunden
KR,2025-01-10,Beşiktaş  ın kanını emiyorlar ! - Haber Hürriyeti,,haberhurriyeti.com,https://www.haberhurriyeti.com/makale/23356714/meric-muldur/besiktasin-kanini-emiyorlar
KR,2025-01-10,"Sinopsis NAIK RANJANG SCTV Episode 244 , Hari Ini Jumat 10 Januari 2025 : Gino dan Zidan Berkelahi",,tabloidbintang.com,https://www.tabloidbintang.com/film-tv-musik/202089-sinopsis-naik-ranjang-sctv-episode-244-hari-ini-jumat-10-januari-2025-gino-dan-zidan-berkelahi
KR,2025-01-10,"After 17 years , it Hoda Kotb last  Today  show",,kvnf.org,https://www.kvnf.org/npr-news/2025-01-10/after-17-years-its-hoda-kotbs-last-today-show
KR,2025-01-10,Water Purifier Market Trends Highlight Remarkable CAGR of 13 . 86 % Through 2032,,einpresswire.com,https://www.einpresswire.com/article/775783841/water-purifier-market-trends-highlight-remarkable-cagr-of-13-86-through-2032
KR,2025-01-10,"Hristodulidis , ara bölgedeki görüşmeyle ilgili konuştu : Olumlu bir so",,kibrispostasi.com,https://www.kibrispostasi.com/c58-GUNEY_KIBRIS/n546591-hristodulidis-ara-bolgedeki-gorusmeyle-ilgili-konustu-olumlu-bir-sonuc-elde-etmek-icin-gorusmeye-gidecegim
KR,2025-01-10,BC descumpre meta de inflao pela 8ª vez desde 1999 ; Campos Neto é recordista,,jornalfloripa.com.br,https://jornalfloripa.com.br/noticia/92704
KR,2025-01-13,Packers have a Jordan Love problem after brutal playoff loss to Eagles,,lombardiave.com,https://lombardiave.com/packers-jordan-love-problem-after-brutal-playoff-loss-eagles
KR,2025-01-13,"Kabine üyelerinden ,  Aile Yılı  paylaşımı",,haberler.com,https://www.haberler.com/guncel/kabine-uyelerinden-aile-yili-paylasimi-18257380-haberi/
KR,2025-01-13,"Знешкодили бойову частину дрону , що не розірвалася , на Донеччині . - 13 січня 2025 :: Новости Донбасса",,novosti.dn.ua,https://novosti.dn.ua/news/388839-na-donechchyni-vybuhotehniky-politsiyi-zneshkodyly-nerozirvanu-bojovu-chastynu-bpla-armiyi-rf
KR,2025-01-13,Hatayspora FIFA tarafından transfer yasağı geldi - Son Dakika Spor Haberleri,,odatv.com,https://www.odatv.com/spor/hatayspora-fifa-tarafindan-transfer-yasagi-geldi-120081168
KR,2025-01-13,AngioDynamics Announces Publication of APEX - AV Trial Results in JSCAI,,marketscreener.com,https://www.marketscreener.com/quote/stock/ANGIODYNAMICS-INC-8379/news/AngioDynamics-Announces-Publication-of-APEX-AV-Trial-Results-in-JSCAI-48744452/
KR,2025-01-13,LOL Staffel 6 : Das sind die Teilnehmer der neuen Staffel bei Amazon Prime,,giga.de,https://www.giga.de/entertainment/lol-staffel-6-das-sind-die-teilnehmer-der-neuen-staffel-bei-amazon-prime--01JFAE512KKB7HBD79J03SH9E1
KR,2025-01-13,"আশ্বাসে অনশন প্রত্যাহার জবি শিক্ষার্থীদের , তবে বন্ধ ক্লাস - পরীক্ষা",,dailyjanakantha.com,https://www.dailyjanakantha.com/education/news/762662
KR,2025-01-13,Advance Auto Parts Appoints Shweta Bhatia as Chief Technology Officer,,financialpost.com,https://financialpost.com/pmn/business-wire-news-releases-pmn/advance-auto-parts-appoints-shweta-bhatia-as-chief-technology-officer
KR,2025-01-13,Pakistani man killing by Cyprus Police gains international attention,,in-cyprus.philenews.com,https://in-cyprus.philenews.com/local/pakistani-mans-killing-by-cyprus-police-gains-international-attention/
KR,2025-01-13,"Bareilly Ki Barfi Re - Release : Rajkummar , Kriti Sanon & Ayushmann Film To Return To Theaters On This Date",,koimoi.com,https://www.koimoi.com/bollywood-news/bareilly-ki-barfi-re-release-rajkummar-kriti-sanon-ayushmanns-film-to-return-to-theaters-on-this-date/
KR,2025-01-13,Al Bano Carrisi : salute e polemiche nel mondo della musica,,notizie.it,https://www.notizie.it/al-bano-carrisi-e-i-suoi-problemi-di-salute-un-trapianto-di-fegato-in-vista/
KR,2025-01-13,"NAPTIP retracts report of Akwa Ibom clinics engaging in organ harvesting - Nigerian News , Latest Nigeria In News . Nigeria News . Your online Nigerian Newspaper . ",,nigerianeye.com,https://www.nigerianeye.com/2025/01/naptip-retracts-report-of-akwa-ibom.html
KR,2025-01-13,Ben Affleck Gets Surprise Visit From FBI As Fires Continue In Los Angeles,,now933fm.iheart.com,https://now933fm.iheart.com/content/2025-01-13-ben-affleck-gets-surprise-visit-from-fbi-as-fires-continue-in-los-angeles/
KR,2025-01-13,Britaniya Avropa İttifaqı ilə əlaqələrin yenidən qurulması istiqamətində ilk addımı atıb,,azertag.az,https://azertag.az/xeber/britaniya_avropa_ittifaqi_ile_elaqelerin_yeniden_qurulmasi_istiqametinde_ilk_addimi_atib-3369843
KR,2025-01-13,Курс польского злотого снизился по отношению к гривне НОВОСТИ . UA,,novosti.ua,https://novosti.ua/economic/244862
KR,2025-01-13,"АПИ : Над 500 машини чистят снега , ето къде вали",,actualno.com,https://www.actualno.com/society/api-nad-500-mashini-chistjat-snega-eto-kyde-vali-news_2374412.html
KR,2025-01-13,Tutuklu sanık Fırat Sarı : Mahkeme salonunda bir bebek katili ya da dolandırıcı göremiyorum,,dha.com.tr,https://www.dha.com.tr/gundem/tutuklu-sanik-firat-sari-mahkeme-salonunda-bir-bebek-katili-ya-da-dolandirici-goremiyorum-2564863
KR,2025-01-13,Violencia en Tabasco : Mujeres y menores en el narcotráfico,,eldiariodesonora.com.mx,https://eldiariodesonora.com.mx/mexico/2025/01/13/violencia-tabasco-mujeres-menores-narcotrafico.html
KR,2025-01-13,Sık sık boşanma iddialarıyla gündeme geliyordu ! Saçlarını kısacık kestiren Pelin Akil takipçilerini hayal kırıklığına uğrattı : Nasıl kıydın ? ,,sabah.com.tr,https://www.sabah.com.tr/trend/galeri/magazin/sik-sik-bosanma-iddialariyla-gundeme-geliyordu-saclarini-kisacik-kestiren-pelin-akil-takipcilerini-hayal-kirikligina-ugratti-nasil-kiydin
KR,2025-01-13,Mariana Mortágua acusa Luís Montenegro de ter  cadeia de valores distorcida  face às manifestaes – Notícias de Coimbra,,noticiasdecoimbra.pt,https://www.noticiasdecoimbra.pt/mariana-mortagua-acusa-luis-montenegro-de-ter-cadeia-de-valores-distorcida-face-as-manifestacoes/
KR,2025-01-13,Υπερθέρμανση του πλανήτη : Πέταξαν μπογιά στον τάφο του Δαρβίνου,,kathimerini.com.cy,https://kathimerini.com.cy/gr/periballon/yperthermansi-toy-planiti-petaxan-mpogia-ston-tafo-toy-darbinoy
KR,2025-01-13,Implementarea contoarelor inteligente : Ministerul Energiei susține că aplicarea prețurilor pe ore la energie electrică ar urma să fie funcțională peste cinci luni,,news.yam.md,https://news.yam.md/ro/story/16167686
KR,2025-01-13,In Abruzzo un bando per finanziare misure di prevenzione danni da fauna selvatica in agricoltura,,chietitoday.it,https://www.chietitoday.it/animali/bando-prevenzione-danni-fauna-selvatica-agricoltura-abruzzo-wwf.html
KR,2025-01-13,长沙生态动物园回复老虎饿成皮包骨 近亲繁殖导致体型偏瘦 _ 新闻频道 _ 中华网,,news.china.com,https://news.china.com/socialgd/10000169/20250113/47864571.html
KR,2025-01-13,Названа причина гибели парашютиста под Омском СуперОмск,,superomsk.ru,https://superomsk.ru/news/145417-nazvana_prichina_gibeli_parashyutista_pod_omskom/
KR,2025-01-13,В Японии произошло мощное землетрясение,,lenta.ru,https://lenta.ru/news/2025/01/13/v-yaponii-proizoshlo-moschnoe-zemletryasenie/
KR,2025-01-13,Ursula von der Leyenin Zatürre Tedavisi Eleştiri Konusu Oldu,,haberler.com,https://www.haberler.com/guncel/ursula-von-der-leyen-in-zaturre-tedavisi-elestiri-konusu-oldu-18257381-haberi/
KR,2025-01-13,Beloved taxi driver killed in quadruple fatal head - on highway crash is identified - as cops reveal sinister theory about what happened,,dailymail.co.uk,https://www.dailymail.co.uk/news/article-14278471/Cloverdale-crash-Perth-taxi-driver.html
KR,2025-01-13,Las claves de la metamorfosis de un Atlético de récord,,hoy.es,https://www.hoy.es/deportes/futbol/liga-primera/claves-metamorfosis-atletico-record-20250113142931-ntrc.html
KR,2025-01-13,"Iglesia ni Cristo : Peace rally moral , not political",,gmanetwork.com,https://www.gmanetwork.com/news/topstories/nation/932755/iglesia-ni-cristo-national-rally-for-peace-not-political/story/
KR,2025-01-13,"Qué hacer antes , durante y después de un incendio forestal y cómo preparo un plan de evacuación",,eltiempolatino.com,https://eltiempolatino.com/2025/01/13/nacional/que-hacer-antes-durante-y-despues-un-incendio-plan-de-evacuacion/
KR,2025-01-13,Çaykara Anadolu Lisesinden SMA Hastası Çocuklara Destek Kermesi,,haberler.com,https://www.haberler.com/guncel/caykara-anadolu-lisesi-nden-sma-hastasi-cocuklara-destek-kermesi-18257378-haberi/
KR,2025-01-13,定日县6 . 8级地震丨  确保受灾群众温暖过冬  西藏定日6 . 8级地震抗震救灾工作见闻 _ 广州日报大洋网,,news.dayoo.com,https://news.dayoo.com/china/202501/13/139997_54774496.htm
KR,2025-01-13,"Stock Market Highlights 13 Jan 2025 : Sensex tanks 1 , 049 pts , Nifty ends below 23 , 100 , Nifty Realty falls 6 . 47 % ",,thehindubusinessline.com,https://www.thehindubusinessline.com/markets/share-market-highlights-13-january-2025/article69092154.ece
KR,2025-01-13,Hillsborough detectives make arrests in 2014 cold case homicide in West Tampa,,tampabay.com,https://www.tampabay.com/news/breaking-news/2025/01/13/hillsborough-detectives-make-arrests-2014-cold-case-homicide-west-tampa/
KR,2025-01-13,La lección de democracia que impartieron Biden y Harris,,eltiempolatino.com,https://eltiempolatino.com/2025/01/13/opinion/la-leccion-de-democracia-que-impartieron-biden-y-harris/
KR,2025-01-13,La Fanfare ô pruneaux termine une année bien remplie dans les Côtes - dArmor,,saint-brieuc.maville.com,https://saint-brieuc.maville.com/actu/actudet_-la-fanfare-o-pruneaux-termine-une-annee-bien-remplie-dans-les-cotes-d-armor-_fil-6630877_actu.Htm
KR,2025-01-13,"Sonic The Hedgehog 3 China Box Office : Earns A Modest Opening , 80 % More Than The 1st Film ! ",,koimoi.com,https://www.koimoi.com/box-office/sonic-the-hedgehog-3-china-box-office-earns-a-modest-opening-80-more-than-the-1st-film/
KR,2025-01-13,St . Petersburg man arrested in woman fatal stabbing in Largo,,tampabay.com,https://www.tampabay.com/news/breaking-news/2025/01/13/st-petersburg-man-arrested-womans-fatal-stabbing-largo/
KR,2025-01-13,"Télévision . Numérotation des chaînes de la TNT  : France 4 remplace Canal+ , linfo regroupée ... ce qui va changer",,republicain-lorrain.fr,https://www.republicain-lorrain.fr/societe/2025/01/13/numerotation-des-chaines-de-la-tnt-voici-ce-qui-va-changer
KR,2025-01-13,"Man  Unsolicited  Dating Advice For Men Has Everyone Talking , Internet Says  Be Alone And Chill  ",,timesnownews.com,https://www.timesnownews.com/viral/mans-unsolicited-dating-advice-for-men-has-everyone-talking-internet-says-be-alone-and-chill-article-117204332
KR,2025-01-13,İşte Okan Burukun yeni tarzı - Son Dakika Spor Haberleri,,odatv.com,https://www.odatv.com/spor/iste-okan-burukun-yeni-tarzi-120081163
KR,2025-01-13,"Alerta Estafas Remates Toluca : Casas a Bajo Precio , Alto Riesgo",,eldiariodesonora.com.mx,https://eldiariodesonora.com.mx/mexico/2025/01/13/alerta-estafas-remates-toluca-casas-precio-alto-riesgo.html
KR,2025-01-13,Pension schemes in  robust position  to deal with market fluctuations,,eadt.co.uk,https://www.eadt.co.uk/news/national/24853020.pension-schemes-robust-position-deal-market-fluctuations/
KR,2025-01-13,每小时2000美元 ， 美富豪们急求私人消防队引争议 乌韩总统均为加州大火发声,,163.com,https://www.163.com/dy/article/JLQ1IO1L051492T3.html
KR,2025-01-13,Londonun Hitrou hava limanı 2024 - cü ildə rekord sayda sərnişinin olduğunu bildirir,,azertag.az,https://azertag.az/xeber/londonun_hitrou_hava_limani_2024_cu_ilde_rekord_sayda_sernisinin_oldugunu_bildirir-3370131
KR,2025-01-13,Yucatán : la mitad de turistas rechazados son colombianos | Noticias de turismo REPORTUR,,reportur.com,https://www.reportur.com/estados-unidos/2025/01/13/yucatan-la-mitad-de-turistas-rechazados-son-colombianos/
KR,2025-01-13,Jude Law skal spille Putin i Trollmannen fra Kreml,,dagbladet.no,https://www.dagbladet.no/kjendis/skal-spille-putin/82501253
KR,2025-01-13,Sắm tết thời công nghệ - Báo Phụ Nữ,,phunuonline.com.vn,https://www.phunuonline.com.vn/sam-tet-thoi-cong-nghe-a1539400.html
KR,2025-01-13,24 yaşındaki gencin sır ölümü ! Ailesi buldu,,mavikocaeli.com.tr,https://www.mavikocaeli.com.tr/24-yasindaki-gencin-sir-olumu-ailesi-buldu/201410/
KR,2025-01-13,এইচএমপি ভাইরাস ঠেকাতে বিমানবন্দরে বিশেষ নির্দেশনা জারি,,dailyjanakantha.com,https://www.dailyjanakantha.com/national/news/762657
KR,2025-01-13,"In migliaia a Piano Battaglia , lasciati cumuli di rifiuti - Notizie",,ansa.it,https://www.ansa.it/sicilia/notizie/2025/01/13/in-migliaia-a-piano-battaglia-lasciati-cumuli-di-rifiuti_eafeea57-5fdf-49fc-8899-e997a9686032.html
KR,2025-01-13,Lagos media workers embark on three - day warning strike over minimum wage,,punchng.com,https://punchng.com/lagos-media-workers-embark-on-three-day-warning-strike-over-minimum-wage/
KR,2025-01-13,"Carbon Capture & Commercialization : Urgent Solution For Greenhouse Emissions , Not 2030 Promises",,pollutiononline.com,https://www.pollutiononline.com/doc/carbon-capture-commercialization-urgent-solution-greenhouse-emissions-not-promises-0001
KR,2025-01-13,MAGA - разцепление : Съден топ съветник на Тръмп обеща да изгони Мъск от Белия дом,,actualno.com,https://www.actualno.com/america/maga-razceplenie-syden-top-syvetnik-na-trymp-obeshta-da-izgoni-mysk-ot-belija-dom-news_2374514.html
KR,2025-01-13,La decisión de Isabel Pantoja durante su estancia en Canarias : « No quiere que nadie ...» ,,abc.es,https://www.abc.es/gente/decision-isabel-pantoja-estancia-canarias-quiere-20250113140131-nt.html
KR,2025-01-13,习近平会见格林纳达总理米切尔,,wxrb.com,https://www.wxrb.com:443/doc/2025/01/13/384299.shtml
KR,2025-01-13,"Makar Sankranti 2025 will be celebrated in pushya nakshatra know auspicious time Makar Sankranti 2025 : पुष्य नक्षत्र में मकर संक्रांति , खरमास की होगी समाप्ति , जानें पुण्यकाल का समय , एस्ट्रोलॉजी न्यूज़",,livehindustan.com,https://www.livehindustan.com/astrology/makar-sankranti-2025-will-be-celebrated-in-pushya-nakshatra-know-auspicious-time-201736774122965.html
KR,2025-01-13,Spartanburg County coroner identifies pedestrian killed in crash,,foxcarolina.com,https://www.foxcarolina.com/2025/01/13/spartanburg-county-coroner-identifies-pedestrian-killed-crash/
KR,2025-01-13,Перебежчики в Корее назвали сообщения об участии солдат из КНДР в СВО подделкой,,russian.rt.com,https://russian.rt.com/world/news/1420337-koreya-svo-lozh
KR,2025-01-13,Incendi California Trump allattacco | lotta contro natura si trasforma in battaglia politica,,zazoom.it,https://www.zazoom.it/2025-01-13/incendi-california-trump-allattacco-lotta-contro-natura-si-trasforma-in-battaglia-politica-3/16167862/
KR,2025-01-13,Winds expected to return to still - burning L . A . area,,krem.com,https://www.krem.com/article/news/nation-world/la-wildfires-winds-returning/507-83d31e42-f239-43c9-8796-eb2400886f93
KR,2025-01-13,Just Stop Oil supporters spray - paint  1 . 5 is dead  on Charles Darwin grave,,somersetcountygazette.co.uk,https://www.somersetcountygazette.co.uk/news/national/24852182.just-stop-oil-supporters-spray-paint-1-5-dead-charles-darwins-grave/
KR,2025-01-13,Санкции против России - Индия вслед за Китаем отвернулась от России,,glavred.info,https://glavred.info/world/budet-sposobstvovat-degradacii-rf-indiya-vsled-za-kitaem-otvernulas-ot-rossii-10630187.html
KR,2025-01-13,"Le CSCOM de Bourem doté dun château deau et de dispositifs solaires - Studio Tamani - Informations , débats , magazines : toute lactualité du Mali , en 5 langues",,studiotamani.org,https://www.studiotamani.org/180158-le-cscom-de-bourem-dote-dun-chateau-deau-et-de-dispositifs-solaires
KR,2025-01-13,  I wished she had made it  - St Mary woman shaken after nurse dies in her arms | News,,jamaica-star.com,http://jamaica-star.com/article/news/20250113/%E2%80%98i-wished-she-had-made-it%E2%80%99-st-mary-woman-shaken-after-nurse-dies-her-arms
KR,2025-01-13,"Отлагат протеста за цената на тока : Бизнес и синдикати имат уверение , че проблемът ще се реши",,actualno.com,https://www.actualno.com/economy/otlagat-protesta-za-cenata-na-toka-biznes-i-sindikati-imat-uverenie-che-problemyt-shte-se-reshi-news_2374569.html
KR,2025-01-13,Utter Pradesh speaker invited WB Assembly speaker to Mahakumbh 2025,,sangbadpratidin.in,https://www.sangbadpratidin.in/kolkata/utter-pradesh-speaker-invited-wb-assembly-speaker-to-mahakumbh-2025/
KR,2025-01-13,Ben Affleck Gets Surprise Visit From FBI As Fires Continue In Los Angeles,,westmichiganstar.iheart.com,https://westmichiganstar.iheart.com/content/2025-01-13-ben-affleck-gets-surprise-visit-from-fbi-as-fires-continue-in-los-angeles/
KR,2025-01-13,Lufthansa entry into Italian airline still hanging in the balance,,marketscreener.com,https://www.marketscreener.com/quote/stock/LUFTHANSA-436827/news/Lufthansa-s-entry-into-Italian-airline-still-hanging-in-the-balance-48745170/
KR,2025-01-13,Ben Affleck Gets Surprise Visit From FBI As Fires Continue In Los Angeles,,sunny1053.iheart.com,https://sunny1053.iheart.com/content/2025-01-13-ben-affleck-gets-surprise-visit-from-fbi-as-fires-continue-in-los-angeles/
KR,2025-01-13,Roy Wood Jr . Is Exactly Where He Wants to Be,,cracked.com,https://www.cracked.com/article_45081_roy-wood-jr-is-exactly-where-he-wants-to-be.html
KR,2025-01-13,"Odisha Govt . Announces rupees 20 , 000 Monthly Pension For People Jailed During Emergency",,sangbadpratidin.in,https://www.sangbadpratidin.in/india/odisha-govt-announces-rupees-20000-monthly-pension-for-people-jailed-during-emergency/
KR,2025-01-13,В 300 пощи ще се подават данъчни декларации за доходите,,actualno.com,https://www.actualno.com/society/v-300-poshti-shte-se-podavat-danychni-deklaracii-za-dohodite-news_2374509.html
KR,2025-01-13,"El impuesto temido - El Sol de Mazatlán | Noticias Locales , Policiacas , sobre México , Sinaloa y el Mundo",,oem.com.mx,https://oem.com.mx:443/elsoldemazatlan/analisis/el-impuesto-temido-21047116
KR,2025-01-13,Horóscopo : Esto es lo que te deparan los astros este lunes 13 de enero de 2025,,notisclepr5c-la.com,https://notisclepr5c-la.com/de-interes/horoscopo/horoscopo-esto-es-lo-que-te-deparan-los-astros-este-lunes-13-de-enero-de-2025/
KR,2025-01-13,"Serie - aanrander actief :  Wees alert , mánnen . Hou je vrienden , je broers of collega in de gaten  | Columns & Opinie",,telegraaf.nl,https://www.telegraaf.nl/vrouw/396406488/serie-aanrander-actief-wees-alert-mannen-hou-je-vrienden-je-broers-of-collega-s-in-de-gaten
KR,2025-01-13,Endonezyada kayan toprak 4 can aldı ! - Haber 7 DÜNYA,,haber7.com,https://www.haber7.com/dunya/haber/3496099-endonezyada-kayan-toprak-4-can-aldi
KR,2025-01-13,Restaurant insiders share the secrets of snagging hard - to - get reservations,,nypost.com,https://nypost.com/2025/01/13/lifestyle/restaurant-insiders-share-the-secrets-of-snagging-hard-to-get-reservations/
KR,2025-01-13,"Shot for grumbling about duck food , son and daughter arrested along with father in Hooghly",,sangbadpratidin.in,https://www.sangbadpratidin.in/bengal/shot-for-grumbling-about-duck-food-son-and-daughter-arrested-along-with-father-in-hooghly/
KR,2025-01-13,Winds expected to return to still - burning L . A . area,,10tv.com,https://www.10tv.com/article/news/nation-world/la-wildfires-winds-returning/507-83d31e42-f239-43c9-8796-eb2400886f93
KR,2025-01-13, 「 上方漫才協会大賞 」 新設  特別功労賞  に霜降り明星 せいやは10年間で一番うれしかった瞬間語る ： 紀伊民報AGARA｜和歌山県のニュースサイト,,agara.co.jp,https://www.agara.co.jp/article/451278
KR,2025-01-13,"Nausėda apgailestauja , kad išimant vertybes arkikatedroje pažeista procedūra",,lrt.lt,https://www.lrt.lt/naujienos/kultura/12/2458769/nauseda-apgailestauja-kad-isimant-vertybes-arkikatedroje-pazeista-procedura
KR,2025-01-13,Heartbreaking reason Kate Middleton blamed herself for Pippa Middleton romance split,,mirror.co.uk,https://www.mirror.co.uk/news/royals/heartbreaking-reason-kate-middleton-blamed-34470160
KR,2025-01-13,Klare Fortschritte bei Gesprächen über Gaza - Waffenruhe,,az-online.de,https://www.az-online.de/politik/klare-fortschritte-bei-gespraechen-ueber-gaza-waffenruhe-zr-93512099.html
KR,2025-01-13,Ινδία : Ξεκίνησε το γιγάντιο ινδουιστικό προσκύνημα Κουμπ Μελά – Εντυπωσιακές φωτογραφίες,,skai.gr,https://www.skai.gr/news/world/india-ksekinise-to-gigantio-indouistiko-proskynima-koump-mela-entyposiakes-fotografies
KR,2025-01-13,Landsbergis : būtų didžiulė klaida pakeisti Taivaniečių atstovybės pavadinimą,,lrt.lt,https://www.lrt.lt/naujienos/pasaulyje/6/2458807/landsbergis-butu-didziule-klaida-pakeisti-taivanieciu-atstovybes-pavadinima
KR,2025-01-13,Iran Gets Major Drone Boost Amid Growing Tensions With Israel,,biztoc.com,https://biztoc.com/x/6d87695859b743c0
KR,2025-01-13,"Θιβέτ : Συνεχίζονται οι σεισμικές δονήσεις στην περιοχή - Δύο σεισμοί 4 , 9 και 5 Ρίχτερ καταγράφηκαν σήμερα",,iefimerida.gr,https://www.iefimerida.gr/kosmos/thibet-dyo-seismoi-49-kai-5-rihter-katagrafikan-simera
KR,2025-01-13,Muere uno de los dos olímpicos supervivientes del Holocausto que seguían vivos,,marca.com,https://www.marca.com/otros-deportes/2025/01/13/muere-dos-olimpicos-supervivientes-holocausto-seguian-vivos.html
KR,2025-01-13,CES sneakily became a great gaming show amid the AI hype,,pcworld.com,https://www.pcworld.com/article/2574566/ces-sneakily-became-a-great-gaming-show-amid-the-ai-hype.html
KR,2025-01-13,La villa di Puff Daddy a Los Angeles si è salvata mentre le fiamme hanno distrutto tutta larea circostante,,zazoom.it,https://www.zazoom.it/2025-01-13/la-villa-di-puff-daddy-a-los-angeles-si-e-salvata-mentre-le-fiamme-hanno-distrutto-tutta-larea-circostante/16167833/
KR,2025-01-13,What Do Sleep Medications Do to Your Brain ? ,,bryantimes.com,https://www.bryantimes.com/news/health/what-do-sleep-medications-do-to-your-brain/article_af4bb69d-fc3d-5c37-89b8-2d963c3b207f.html
KR,2025-01-13,"PREMIS GAUDÍ 2025 | J . A . Bayona , Carla Simón , Carlos Cuevas , Pol Guash , Mushka o Julieta , entre els lliuradors destatuetes dels Gaudí 2025",,diaridegirona.cat,https://www.diaridegirona.cat/cultura/2025/01/13/j-bayona-carla-simon-carlos-113341342.html
KR,2025-01-13,トニセン 『 仮装大賞 』 で 「 仮面舞踏会 」 披露 欽ちゃん ＆ 慎吾に内緒でサプライズ出場 「 共演したかったんだよ ！」： 紀伊民報AGARA｜和歌山県のニュースサイト,,agara.co.jp,https://www.agara.co.jp/article/451280
KR,2025-01-13,"La  Iena  Viviani sventa rapina in piazza Duomo ,  non ignorate  - Notizie",,ansa.it,https://www.ansa.it/lombardia/notizie/2025/01/13/la-iena-viviani-sventa-rapina-in-piazza-duomo-non-ignorate_a8eca891-6930-4a74-a66f-f30fc94cb109.html
KR,2025-01-13,TEOL - Kínai beruházás Hatvanban,,teol.hu,https://www.teol.hu/hazai-gazdasag/2025/01/kinai-autoipar-beruhazas-munkahely-hatvan
KR,2025-01-13,Ежедневен навик спъва отслабването въпреки диетата и тренировките ᐉ Новини от Fakti . bg - Любопитно,,fakti.bg,https://fakti.bg/life/941273-ejedneven-navik-spava-otslabvaneto-vapreki-dietata-i-trenirovkite
KR,2025-01-13,La villa di Puff Daddy a Los Angeles si è salvata mentre le fiamme hanno distrutto tutta larea circostante,,ilfattoquotidiano.it,https://www.ilfattoquotidiano.it/2025/01/13/villa-puff-daddy-los-angeles-incendi/7835354/
KR,2025-01-13,"В Москве пенсионеры потеряли 2 , 4 млн рублей при попытке « поймать преступников » ",,iz.ru,https://iz.ru/1821330/2025-01-13/v-moskve-pensionery-poteriali-24-mln-rublei-pri-popytke-poimat-prestupnikov
KR,2025-01-13,Loughlan and McParland Leave Town - Ipswich Town News,,twtd.co.uk,https://www.twtd.co.uk/ipswich-town-news/17692/loughlan-and-mcparland-leave-town/onthisday
KR,2025-01-13,大寒將至 ！ 命理師揭 「 6禁忌 」 運動 、 用暖氣都上榜 | 生活 | 三立新聞網 SETN . COM,,setn.com,https://www.setn.com/News.aspx?NewsID=1594441
KR,2025-01-13,Ben Affleck Gets Surprise Visit From FBI As Fires Continue In Los Angeles,,b104.iheart.com,https://b104.iheart.com/content/2025-01-13-ben-affleck-gets-surprise-visit-from-fbi-as-fires-continue-in-los-angeles/
KR,2025-01-13,内地进口国外水果首次实现直供澳门 _ 腾讯新闻,,news.qq.com,https://news.qq.com/rain/a/20250113A0229K00
KR,2025-01-13,Ben Affleck Gets Surprise Visit From FBI As Fires Continue In Los Angeles,,kisslouisville.iheart.com,https://kisslouisville.iheart.com/content/2025-01-13-ben-affleck-gets-surprise-visit-from-fbi-as-fires-continue-in-los-angeles/
KR,2025-01-13,Autoridades chilenas detuvieron a 3 camioneros drogados con cocaína y metanfetamina en Los Libertadores,,losandes.com.ar,https://www.losandes.com.ar/policiales/autoridades-chilenas-detuvieron-a-3-camioneros-drogados-con-cocaina-y-metanfetamina-en-los-libertadores/
KR,2025-01-13,Russia Gazprom plans to cut staff at central office,,naturalgasworld.com,https://www.naturalgasworld.com/russias-gazprom-plans-to-cut-staff-at-central-office-118950
KR,2025-01-13,Milliarden - Deal ! Johnson & Johnson schluckt AKTIONÄR - Tipp Intra - Cellular – satte Prämie,,deraktionaer.de,https://www.deraktionaer.de/artikel/pharma-biotech/milliarden-deal-johnson-johnson-schluckt-aktionaer-tipp-intra-cellular-satte-praemie-20372933.html
KR,2025-01-13,German Police Probe Drone Sightings Over Military Facilities,,themoscowtimes.com,https://www.themoscowtimes.com/2025/01/13/german-police-probe-drone-sightings-over-military-facilities-a87594
KR,2025-01-13,Σε ποιες περιοχές της Κομοτηνής θα γίνει διακοπή ρεύματος την Τρίτη 14 Ιανουαρίου,,ertnews.gr,https://www.ertnews.gr/perifereiakoi-stathmoi/komotini/se-poies-perioxes-tis-komotinis-tha-ginei-diakopi-reymatos-tin-triti-14-ianouariou/
KR,2025-01-13,Σε ισχύ το απαγορευτικό για βαρέα οχήματα στις Εθνικές Οδούς Τρικάλων - Ιωαννίνων και Τρικάλων - Γρεβενών,,ertnews.gr,https://www.ertnews.gr/perifereiakoi-stathmoi/larisa/se-isxy-to-apagoreytiko-gia-varea-oximata-stis-ethnikes-odous-trikalon-ioanninon-kai-trikalon-grevenon/
KR,2025-01-13,Mako Mining Announces Q4 2024 Production Results Generating Record Gold Revenue of US$ 28 . 8 million and an Increase in Cash of US$ 9 . 5 million,,wacotrib.com,https://wacotrib.com/ap/state/mako-mining-announces-q4-2024-production-results-generating-record-gold-revenue-of-us-28-8/article_95d0bb2a-f325-5600-966a-f02ff2668900.html
KR,2025-01-13,Seestraße : Berliner U - Bahnhof wird wieder zur Dauerbaustelle,,berliner-kurier.de,https://www.berliner-kurier.de/verkehr/seestrasse-der-berliner-u-bahnhof-wird-wieder-zur-dauerbaustelle-li.2288836
KR,2025-01-13,  Total Chaos Internally At Meta : Employees Protest Mark Zuckerberg Anti - LGBTQ+ Changes,,boredpanda.com,https://www.boredpanda.com/employees-protest-zuckerbergs-anti-lgbtq-changes/
KR,2025-01-13,"Скрита функция в колата , за която малцина подозират",,actualno.com,https://www.actualno.com/cars/skrita-funkcija-v-kolata-za-kojato-malcina-podozirat-news_2374604.html
KR,2025-01-13,"Una persona pierde la vida , tras accidente de auto en Dorchester",,elplaneta.com,https://elplaneta.com/2025/01/13/locales/una-persona-pierde-la-vida-tras-accidente-de-auto-en-dorchester/
KR,2025-01-13,QR code put up on trees at Chandannagar,,sangbadpratidin.in,https://www.sangbadpratidin.in/science-and-environment/qr-code-put-up-on-trees-at-chandannagar/
KR,2025-01-13,"Japón activa el aviso de tsunami por un terremoto de magnitud 6 , 4 en el sur",,teleprensa.com,https://www.teleprensa.com/articulo/internacional/japon-activa-aviso-tsunami-terremoto-magnitud-64-sur/202501131412262003516.html
KR,2025-01-13,"Число ДТП , погибших и пострадавших в них сократилось в ХМАО в 2024 году - Урал |",,interfax-russia.ru,https://www.interfax-russia.ru/ural/main/chislo-dtp-pogibshih-i-postradavshih-v-nih-sokratilos-v-hmao-v-2024-godu
KR,2025-01-13,Latina perdió su visa tras un viaje para vacunar a su hija : esta fue la norma que violó,,eltiempo.com,https://www.eltiempo.com/cultura/gente/latina-perdio-su-visa-tras-un-viaje-para-vacunar-a-su-hija-esta-fue-la-importante-norma-que-violo-3416872
KR,2025-01-13,"Polisi Tanggapi Pernyataan Nikita Mirzani di Instagram , Bantah Lolly Jadi Tersangka",,liputan6.com,https://www.liputan6.com/showbiz/read/5879437/polisi-tanggapi-pernyataan-nikita-mirzani-di-instagram-bantah-lolly-jadi-tersangka
KR,2025-01-13,Wickham Reiterates Commitment to Town - Ipswich Town News,,twtd.co.uk,https://www.twtd.co.uk/ipswich-town-news/17686/wickham-reiterates-commitment-to-town/onthisday
KR,2025-01-13,Собянин вручил премии Москвы в области журналистики - Москва |,,interfax-russia.ru,https://www.interfax-russia.ru/moscow/main/sobyanin-vruchil-premii-moskvy-v-oblasti-zhurnalistiki
KR,2025-01-13,Hollywood và thực tế khắc nghiệt dành cho nữ diễn viên lớn tuổi,,thanhnien.vn,https://thanhnien.vn/hollywood-va-thuc-te-khac-nghiet-danh-cho-nu-dien-vien-lon-tuoi-185250113154200422.htm
KR,2025-01-13,Schwangerschafts - Gerücht bei Kim Virginia : Dschungelcamp - Rivalin Leyla Lahouar findet es nur noch peinlich ! ,,rtl.de,https://www.rtl.de/unterhaltung/stars/schwangerschafts-geruecht-bei-kim-virginia-dschungelcamp-rivalin-leyla-lahouar-findet-es-nur-noch-peinlich-id2018421.html
KR,2025-01-13,Town Confirm McCarthy Appointment - Ipswich Town News,,twtd.co.uk,https://www.twtd.co.uk/ipswich-town-news/17690/town-confirm-mccarthy-appointment/onthisday
KR,2025-01-13,В Италии запаниковали из - за одного решения Байдена по России,,ria.ru,https://ria.ru/20250113/sanktsii-1993510550.html
KR,2025-01-13,Nasce CircularYard newco Fincantieri - Hera per gestione rifiuti,,zazoom.it,https://www.zazoom.it/2025-01-13/nasce-circularyard-newco-fincantieri-hera-per-gestione-rifiuti-6/16167863/
KR,2025-01-13,Empresário desaparece em rio do Paraná e corpo é encontrado três dias depois,,jornalfloripa.com.br,https://jornalfloripa.com.br/noticia/94535
KR,2025-01-13,"60 % of terrorists killed in J & K are Pakistani , says Army chief",,sangbadpratidin.in,https://www.sangbadpratidin.in/india/60-of-terrorists-killed-in-jk-are-pakistani-says-army-chief/
KR,2025-01-13,"Baru Sebulan Dipasang , Water Barier di Jalan Mangkuyudan Jogja Dua Kali Ditabrak Pengguna Jalan",,jogjapolitan.harianjogja.com,https://jogjapolitan.harianjogja.com/read/2025/01/13/510/1200798/baru-sebulan-dipasang-water-barier-di-jalan-mangkuyudan-jogja-dua-kali-ditabrak-pengguna-jalan
KR,2025-01-13,Milorad Milinković sahrana,,alo.rs,https://www.alo.rs/vip/estrada/1008203/milorad-milinkovic-sahrana/vest
KR,2025-01-13,  So Out Of Touch With Reality : Hollywood Hills House Guarded By Private Firefighters Sparks Fury,,boredpanda.com,https://www.boredpanda.com/la-elite-hire-private-firefighters-protect-homes-from-wildfires/
KR,2025-01-13,"Laba diena , Lietuva",,lrt.lt,https://www.lrt.lt/mediateka/irasas/2000384260/laba-diena-lietuva
KR,2025-01-13,"Venezuela reabre la frontera con Colombia y afirma que  el país está en perfecta fusión cívico , militar , policial  ",,clarin.com,https://www.clarin.com/mundo/venezuela-reabre-frontera-colombia-afirma-pais-perfecta-fusion-civico-militar-policial_0_gyzqi7YddR.html
KR,2025-01-13,Tesla за първи път задмина Audi,,actualno.com,https://www.actualno.com/cars/tesla-za-pyrvi-pyt-zadmina-audi-news_2374607.html
KR,2025-01-13,SVESNI SU I DIŠU SPONTANO : UKCV o stanju dvoje teško povređenih u nesreći na Železničkoj stanici u Novom Sadu,,novosti.rs,https://www.novosti.rs/drustvo/vesti/1449470/svesni-disu-spontano-ukcv-stanju-dvoje-tesko-povredjenih-nesreci-zeleznickoj-stanici-novom-sadu
KR,2025-01-13,Чугунную трубу в центре Улан - Удэ повредили неизвестные - новости Бурятии и Улан - Удэ,,infpol.ru,https://www.infpol.ru:443/268452-chugunnuyu-trubu-v-tsentre-ulan-ude-povredili-neizvestnye/
KR,2025-01-13,Основные работы по очистке пляжей Кубани от мазута завершены - власти - Юг и Северный Кавказ |,,interfax-russia.ru,https://www.interfax-russia.ru/south-and-north-caucasus/main/osnovnye-raboty-po-ochistke-plyazhey-kubani-ot-mazuta-zaversheny-vlasti
KR,2025-01-13,Schifani Dare certezza di una migliore sanità a tutti i siciliani,,zazoom.it,https://www.zazoom.it/2025-01-13/schifani-dare-certezza-di-una-migliore-sanita-a-tutti-i-siciliani/16167814/
KR,2025-01-13,Новини Львів : У Львові викрили запоріжця у підпалах авто військовослужбовців ЗСУ та поліції,,dailylviv.com,https://dailylviv.com/news/kryminal/u-lvovi-vykryly-zaporizhtsya-u-pidpalakh-avto-viiskovosluzhbovtsiv-zsu-ta-politsiyi-131901
KR,2025-01-13,"KAYÜ Rektörü Prof . Dr . Karamustafa , Yılın Kareleri Oylamasına Katıldı",,haberport.com,https://www.haberport.com/gundem/kayu-rektoru-prof-dr-karamustafa-yilin-kareleri-oylamasina-katildi-191303h
KR,2025-01-13,New bill could allow concealed carry permits to be used in other states,,foxcarolina.com,https://www.foxcarolina.com/2025/01/13/new-bill-could-allow-south-carolinians-use-concealed-carry-permit-other-states/
KR,2025-01-13,Los Angeles brucia Meghan rinvia il lancio della serie Netflix,,zazoom.it,https://www.zazoom.it/2025-01-13/los-angeles-brucia-meghan-rinvia-il-lancio-della-serie-netflix-quando-andra-in-onda-2/16167855/
KR,2025-01-13,Nu Meta stopt met factchecking : kan Europa een vuist maken tegen Mark Zuckerberg ? ,,knack.be,https://www.knack.be/nieuws/wereld/nu-meta-stopt-met-factchecking-kan-europa-een-vuist-maken-tegen-zuckerberg/
KR,2025-01-13,MicroStrategy Wins Two VIP Awards at NRF 2025,,marketscreener.com,https://www.marketscreener.com/quote/stock/MICROSTRATEGY-INCORPORATE-10105/news/MicroStrategy-Wins-Two-VIP-Awards-at-NRF-2025-48745314/
KR,2025-01-13,Waldbrand Los Angeles : Opfer - Zahl steigt – Vater blieb bei gelähmtem Sohn,,thueringer-allgemeine.de,https://www.thueringer-allgemeine.de/panorama/article408070676/die-toten-von-los-angeles-vater-blieb-bei-gelaehmtem-sohn.html
KR,2025-01-13,State Senator Julian Garrett Says Property Tax Reform Will Be Big Issue in Session,,kniakrls.com,https://www.kniakrls.com/2025/01/13/state-senator-julian-garrett-says-property-tax-reform-will-be-big-issue-in-session/
KR,2025-01-13,"Hamas  very close to an agreement  with Israel while key sticking points remain , official says - LocalNews8 . com",,localnews8.com,https://localnews8.com/news/national-world/cnn-world/2025/01/13/hamas-very-close-to-an-agreement-with-israel-while-key-sticking-points-remain-official-says/
KR,2025-01-13,"Запазете витамините в храната : Грешки , които трябва да избягвате при готвене",,actualno.com,https://www.actualno.com/curious/zapazete-vitaminite-v-hranata-greshki-koito-trjabva-da-izbjagvate-pri-gotvene-news_2374505.html
KR,2025-01-13,Joshua Jackson Confirms He & Famliy Are Safe After Losing Home In LA Fires,,sunny99.iheart.com,https://sunny99.iheart.com/content/2025-01-13-joshua-jackson-confirms-he-famliy-are-safe-after-losing-home-in-la-fires/
KR,2025-01-13,Why Alberta courts have seen a rise in sexual violence trials,,cbc.ca,https://www.cbc.ca/news/canada/edmonton/alberta-courts-sexual-assault-exploitation-trials-metoo-1.7402381
KR,2025-01-13,Ana Maria Braga come demais e falta na Globo :  Piriri  ,,natelinha.uol.com.br,https://natelinha.uol.com.br/televisao/2025/01/13/ana-maria-braga-come-demais-e-falta-na-globo-piriri-221230.php
KR,2025-01-13,Two - and five - year mortgage rate differential at smallest since 2023 – Moneyfacts,,mortgagesolutions.co.uk,https://www.mortgagesolutions.co.uk/news/2025/01/13/two-and-five-year-mortgage-rate-differential-at-smallest-since-2023-moneyfacts/
KR,2025-01-13,Millions of pensioners born between certain years will see £472 boost from April,,stokesentinel.co.uk,https://www.stokesentinel.co.uk/news/cost-of-living/millions-pensioners-born-between-certain-9858607
KR,2025-01-13,"Какво ще стане , ако Доналд Тръмп управлява като Владимир Путин ? ",,investor.bg,https://www.investor.bg/a/516-politika/406988-kakvo-shte-stane-ako-donald-tramp-upravlyava-kato-vladimir-putin
KR,2025-01-13,"Warwick Davis , estrella de Willow , Harry Potter y Star Wars , recibe el BAFTA de Honor 2025",,rpp.pe,https://rpp.pe/cine/internacional/warwick-davis-estrella-de-willow-harry-potter-y-star-wars-recibe-el-bafta-de-honor-2025-noticia-1609557
KR,2025-01-13,مدرب فرانكفورت يوضح موقف عمر مرموش الفترة القادمة,,elbrqnews.com,http://www.elbrqnews.com/New-News/110161.html
KR,2025-01-13,Clemson Music Fest announces 2025 artist lineup,,foxcarolina.com,https://www.foxcarolina.com/2025/01/13/clemson-music-fest-announces-2025-artist-lineup/
KR,2025-01-13,"Africa : energy storage news from Morocco , Somalia and Zambia",,energy-storage.news,https://www.energy-storage.news/africa-roundup-pumped-hydro-in-morocco-solar-and-storage-in-somalia-largest-mining-microgrid-in-zambia/
KR,2025-01-13,বাংলাদেশিদের জন্য মালয়েশিয়ার মাল্টিপল - এন্ট্রি ভিসা প্রদানের আহ্বান ইউনূসের,,arthosuchak.com,https://www.arthosuchak.com/archives/891412/%E0%A6%AC%E0%A6%BE%E0%A6%82%E0%A6%B2%E0%A6%BE%E0%A6%A6%E0%A7%87%E0%A6%B6%E0%A6%BF%E0%A6%A6%E0%A7%87%E0%A6%B0-%E0%A6%9C%E0%A6%A8%E0%A7%8D%E0%A6%AF-%E0%A6%AE%E0%A6%BE%E0%A6%B2%E0%A6%AF%E0%A6%BC%E0%A7%87/
KR,2025-01-13,Pareja se agrede con arma blanca tras salir de fiesta en El Agustino : fuerte discusión dejó a ambos heridos | PNP | Bomberos | Noticias | Sociedad,,larepublica.pe,https://larepublica.pe/sociedad/2025/01/13/pareja-se-agrede-con-arma-blanca-tras-salir-de-fiesta-en-el-agustino-fuerte-discusion-dejo-a-ambos-heridos-pnp-bomberos-noticias-734201
KR,2025-01-13,Tijdelijke bewoning in oude schoolgebouwen in TIjnje,,waldnet.nl,https://www.waldnet.nl/script/show_nieuws.php?id=80179
KR,2025-01-13,Ben Affleck Gets Surprise Visit From FBI As Fires Continue In Los Angeles,,sunny99.iheart.com,https://sunny99.iheart.com/content/2025-01-13-ben-affleck-gets-surprise-visit-from-fbi-as-fires-continue-in-los-angeles/
KR,2025-01-13,GRANDE - MARLASKA CÓRDOBA | Grande - Marlaska defiende que el fiscal general del Estado solo contestó  a un bulo  ,,diariocordoba.com,https://www.diariocordoba.com/cordoba-ciudad/2025/01/13/grande-marlaska-defiende-cordoba-fiscal-113349999.html
KR,2025-01-13,"Secarik Surat Penyesalan Remaja Pembunuh Ayah - Nenek untuk Sang Ibu , Selengkapnya di AB+ Malam Ini bersama Abraham Silaban , Pukul 20 . 00 WIB , di iNews : Okezone Nasional",,nasional.okezone.com,https://nasional.okezone.com/read/2025/01/13/337/3104099/secarik-surat-penyesalan-remaja-pembunuh-ayah-nenek-untuk-sang-ibu-selengkapnya-di-ab-malam-ini-bersama-abraham-silaban-pukul-20-00-wib-di-inews
KR,2025-01-13,Joshua Jackson Confirms He & Famliy Are Safe After Losing Home In LA Fires,,sunny1053.iheart.com,https://sunny1053.iheart.com/content/2025-01-13-joshua-jackson-confirms-he-famliy-are-safe-after-losing-home-in-la-fires/
KR,2025-01-13,Back into the freezer we go ! ,,wsiltv.com,https://www.wsiltv.com/weather/forecast/back-into-the-freezer-we-go/article_ce545f2e-d128-11ef-a71a-bf3f580807c1.html
KR,2025-01-13,"HUT ke 21 , Polda Banten Berikan Penghargaan Kepada Personel Berprestasi",,kabarbanten.pikiran-rakyat.com,https://kabarbanten.pikiran-rakyat.com/seputar-banten/pr-598966449/hut-ke-21-polda-banten-berikan-penghargaan-kepada-personel-berprestasi
KR,2025-01-13,Banaszak : Union würde Deutschland zum Industriemuseum machen,,finanznachrichten.de,https://www.finanznachrichten.de/nachrichten-2025-01/64275659-banaszak-union-wuerde-deutschland-zum-industriemuseum-machen-003.htm
KR,2025-01-13,Олена Світлицька розлучилася після 9 років шлюбу : фото | Новини шоу - бізнесу Гламур,,tsn.ua,https://tsn.ua/glamur/33-richna-aktorka-svitlicka-rozluchilasya-z-cholovikom-pislya-seryoznoyi-krizi-mi-namagalisya-2742894.html
KR,2025-01-13,"Link Between Gum Disease , Brain Function Exists , Small Study Says",,bryantimes.com,https://www.bryantimes.com/news/health/link-between-gum-disease-brain-function-exists-small-study-says/article_dbae3a86-cff4-53b6-9ee6-392bf823e2f1.html
KR,2025-01-13,Lüdenscheid : Junge Mutter ( 26 ) kommt kurz nach Geburt ums Leben,,rtl.de,https://www.rtl.de/news/luedenscheid-junge-mutter-26-kommt-kurz-nach-geburt-ums-leben-fataler-aerztefehler-id2026020.html
KR,2025-01-13,La Fiscalía abre diligencias de oficio al club marroquí que prohibía la entrada a « maricones » en Torremolinos,,diariosur.es,https://www.diariosur.es/six/fiscalia-abre-diligencias-oficio-club-marroqui-prohibia-entrada-maricones-torremolinos-20250113150832-nt.html
KR,2025-01-13,  Sevseniz de Sevmeseniz de  Gün Geçtikçe Büyüyen Ayşe Barım Olaylarına Gani Müjdeden Yorum,,onedio.com,http://onedio.com/haber/sevseniz-de-sevmeseniz-de-gun-gectikce-buyuyen-ayse-barim-olaylarina-gani-mujde-den-yorum-1269760
KR,2025-01-13,Pierwsza obniżka stóp proc . o 75 pb w II kw . dzięki sile PLN – Inwestycje . pl,,inwestycje.pl,https://inwestycje.pl/gospodarka/pierwsza-obnizka-stop-proc-o-75-pb-w-ii-kw-dzieki-sile-pln/
KR,2025-01-13,DOTD Announces Several I - 20 Closures This Week In The Minden Area,,710keel.com,https://710keel.com/ixp/155/p/i-20-la-531-overpass-minden/
KR,2025-01-13,Shaboozey Opry debut postponed as Los Angeles wildfires force him from home,,kval.com,https://kval.com/news/entertainment/shaboozey-opry-debut-postponed-as-los-angeles-wildfire-forces-him-from-home
KR,2025-01-13,"Kremlj : Mnoge zemlje zainteresovane da budu domaćin susreta Putin - Tramp , rano je govoriti o tome",,novimagazin.rs,https://novimagazin.rs/svet/343461-kremlj-mnoge-zemlje-zainteresovane-da-budu-domacin-susreta-putin-tramp-rano-je-govoriti-o-tome
KR,2025-01-13,Акционеры Meta предлагают компании инвестировать в биткоин,,vv.com.ua,https://vv.com.ua/20250113/akcionery-meta-predlagaut-kompanii-investirovat-v-bitkoin/
KR,2025-01-13,Ölümlərə səbəb olan həkimləri və klinikaları hansı cəza gözləyir ? ,,news.day.az,https://news.day.az/azerinews/1722570.html
KR,2025-01-13,A New Chapter Begins : Ostrander City Council Convenes for 2025,,fillmorecountyjournal.com,https://fillmorecountyjournal.com/a-new-chapter-begins-ostrander-city-council-convenes-for-2025/
KR,2025-01-13,Winds expected to return to still - burning L . A . area,,wtol.com,https://www.wtol.com/article/news/nation-world/la-wildfires-winds-returning/507-83d31e42-f239-43c9-8796-eb2400886f93
KR,2025-01-13,Winds expected to return to still - burning L . A . area,,kgw.com,https://www.kgw.com/article/news/nation-world/la-wildfires-winds-returning/507-83d31e42-f239-43c9-8796-eb2400886f93
KR,2025-01-13,求職者在電話裡問薪資 ， 你敢不回答嗎 ？ 專家提供 「 4意見 」： 果然高招 | 生活 | 三立新聞網 SETN . COM,,setn.com,https://www.setn.com/News.aspx?NewsID=1594447
KR,2025-01-13,精选 | 夜盘盘前要闻汇总 1月13日 周一 _ 东方财富网,,finance.eastmoney.com,https://finance.eastmoney.com/a/202501133295415821.html
KR,2025-01-13,"How Canadian Super Scoopers extinguishing California fires with 1600 Gallons Water At 350 Km per hour speed 1600 गैलन पानी , 350KM रफ्तार ; कनाडा का सुपर स्कूपर्स कैसे बुझा रहा US में भड़की आग - VIDEO , International Hindi News",,livehindustan.com,https://www.livehindustan.com/international/how-canadian-super-scoopers-extinguishing-california-fires-with-1600-gallons-water-at-350-km-per-hour-speed-201736773252944.html
KR,2025-01-13,Catar entrega a Israel y Hamás una versión  final  de acuerdo sobre cese el fuego,,acento.com.do,https://acento.com.do/rfi/catar-entrega-a-israel-y-hamas-una-version-final-de-acuerdo-sobre-cese-el-fuego-9443396.html
KR,2025-01-13,Свердловский министр энергетики и ЖКХ ушел в отставку - Урал |,,interfax-russia.ru,https://www.interfax-russia.ru/ural/main/sverdlovskiy-ministr-energetiki-i-zhkh-ushel-v-otstavku
KR,2025-01-13,"Amazon trims back DEI initiatives , latest company to make cuts",,fox13seattle.com,https://www.fox13seattle.com/news/amazon-dei-initiatives-latest-company-cuts
KR,2025-01-13,JAPAJAKALO Primorac se pohvalio na Fejsu : Dočekale su me sjajne vijesti … | NACIONAL . HR | News portal najutjecajnijeg političkog tjednika,,nacional.hr,https://www.nacional.hr/japajakalo-primorac-se-pohvalio-na-fejsu-docekale-su-me-sjajne-vijesti/
KR,2025-01-13,Just Stop Oil supporters spray - paint  1 . 5 is dead  on Charles Darwin grave,,greenocktelegraph.co.uk,https://www.greenocktelegraph.co.uk/news/national/24852182.just-stop-oil-supporters-spray-paint-1-5-dead-charles-darwins-grave/
KR,2025-01-13,Nvidia raises worry over Joe Biden government proposal . Will this hurt AI Chip makers ? ,,economictimes.indiatimes.com,https://economictimes.indiatimes.com/news/international/us/nvidia-raises-worry-over-joe-biden-government-proposal-will-this-hurt-ai-chip-makers/articleshow/117208503.cms
KR,2025-01-13,Karşıyakada Mustafa Reşit Akçay depremi ! ,,bursadabugun.com,https://www.bursadabugun.com/haber/karsiyaka-da-mustafa-resit-akcay-depremi-1780067.html
KR,2025-01-13,AA and RAC demand action as drivers  blinded  by LED headlights,,stokesentinel.co.uk,https://www.stokesentinel.co.uk/news/stoke-on-trent-news/aa-rac-demand-action-drivers-9858393
KR,2025-01-13,Story,,bigcountry995.com,http://www.bigcountry995.com/story/678509f764d69f3f9189399a/muskogee-county-votes-on-sales-tax-increase-to-improve-public-safety-services
KR,2025-01-13,Nhận định thị trường chứng khoán | Tin nhanh chứng khoán,,tinnhanhchungkhoan.vn,https://www.tinnhanhchungkhoan.vn/nhan-dinh-thi-truong-phien-giao-dich-ngay-141-giai-ngan-tham-do-o-co-phieu-co-tin-hieu-tao-day-post361709.html
KR,2025-01-13,  Lots of lessons learned  from building of Glen Sannox,,greenocktelegraph.co.uk,https://www.greenocktelegraph.co.uk/news/24851777.lots-lessons-learned-building-glen-sannox/
KR,2025-01-13,Salvatore Montefusco evita l  ergastolo doppio femminicidio di moglie e figlia comprensibile per i giudici,,zazoom.it,https://www.zazoom.it/2025-01-13/salvatore-montefusco-evita-lergastolo-doppio-femminicidio-di-moglie-e-figlia-comprensibile-per-i-giudici/16167878/
KR,2025-01-13,"Walmart recalls chicken broth sold in Georgia , other states",,wjcl.com,https://www.wjcl.com/article/walmart-chicken-broth-recall/63408445
KR,2025-01-13,这份须知 ， 华师师生请注意 ！ ,,163.com,https://www.163.com/dy/article/JLQK443J05169M35.html
KR,2025-01-13,  バニーガール  が話題 …『 仮装大賞 』 過去映像に反響 「 歳月の流れを痛感 」「 番組の歴史を感じる 」： 紀伊民報AGARA｜和歌山県のニュースサイト,,agara.co.jp,https://www.agara.co.jp/article/451276
KR,2025-01-13,Савельев поручил подготовить план по ликвидации ЧП в Черном море до 15 января - Юг и Северный Кавказ |,,interfax-russia.ru,https://www.interfax-russia.ru/south-and-north-caucasus/main/savelev-poruchil-podgotovit-plan-po-likvidacii-chp-v-chernom-more-do-15-yanvarya
KR,2025-01-13,Wiadomości - Gmina Pelplin,,pelplin.pl,https://pelplin.pl/wiadomosci/104020/ogloszenie-o-przetargu
KR,2025-01-13,LA Mayor Bass Faces Wildfire Crisis Backlash,,newkerala.com,https://www.newkerala.com/news/o/los-angeles-mayor-fire-response-fatal-wildfires-441
KR,2025-01-13,Giuliana Rengifo sorprende al anunciar que está  soltera  tras oficializar su relación con  Maryto :  Hace algunos días  | Espectáculos,,larepublica.pe,https://larepublica.pe/espectaculos/2025/01/13/giuliana-rengifo-sorprende-al-anunciar-que-esta-soletra-tras-oficializar-su-relacion-con-maryto-hace-algunos-dias-628940
KR,2025-01-13,"Tin nhanh chứng khoán - Cổng thông tin Tài chính , Chứng khoán",,tinnhanhchungkhoan.vn,https://www.tinnhanhchungkhoan.vn/bcpt/mbs-khuyen-nghi-kha-quan-danh-cho-co-phieu-kbc-4627.html
KR,2025-01-13,Elon Musk y red social X bajo la lupa de Unión Europea,,teletica.com,https://www.teletica.com/deutsche-welle/elon-musk-y-red-social-x-bajo-la-lupa-de-union-europea_376634
KR,2025-01-13,"Deutsche Bahn mit Sparpreis - Aktion : ICE - Reisen ab 10 , 79 Euro möglich",,hna.de,http://www.hna.de/leben/reise/deutsche-bahn-lockt-sparpreis-aktion-ice-fahrten-1079-euro-moeglich-zr-93511893.html
KR,2025-01-13,Deep Dive Into US Energy Stock : Analyst Perspectives ( 4 Ratings ) - US Energy ( NASDAQ : USEG ) ,,benzinga.com,https://www.benzinga.com/insights/analyst-ratings/25/01/42945131/deep-dive-into-us-energy-stock-analyst-perspectives-4-ratings
KR,2025-01-13,Ben Affleck Gets Surprise Visit From FBI As Fires Continue In Los Angeles,,wnok.iheart.com,https://wnok.iheart.com/content/2025-01-13-ben-affleck-gets-surprise-visit-from-fbi-as-fires-continue-in-los-angeles/
KR,2025-01-13,"Риба з людськими зубами приголомшила родину , яка збиралася її з  їсти – ТСН , новини 1+1 Цікaвинки",,tsn.ua,https://tsn.ua/tsikavinki/zhinka-prigotuvala-ribu-z-povnim-rotom-lyudskih-zubiv-foto-2742966.html
KR,2025-01-13,北部都会区建设 ， 打开香港发展新天地 _ 腾讯新闻,,news.qq.com,https://news.qq.com/rain/a/20250113A0214O00
KR,2025-01-13,Craig Melvin begins co - anchor duties on TODAY,,komu.com,https://www.komu.com/news/nationworld/craig-melvin-begins-co-anchor-duties-on-today/article_c4d67a44-d1a6-11ef-b381-8bc25d3ece3b.html
KR,2025-01-13,Эксперт счёл поспешным законопроект о защите детей от деструктивного контента в видеоиграх,,govoritmoskva.ru,https://govoritmoskva.ru/news/438180/
KR,2025-01-13,68 Times Men Grossed Women Out With Their Creepy  Compliment And Weird Comments,,boredpanda.com,https://www.boredpanda.com/grossest-thing-man-said/?cexp_id=114513&cexp_var=23&_f=homepage_featured
KR,2025-01-13,Когда Украину накроет сильное похолодание - стала известна дата сильного похолодания и морозов,,glavred.info,https://glavred.info/synoptic/udaryat-morozy-kogda-ukrainu-nakroet-silnoe-poholodanie-stala-izvestna-data-10630184.html
KR,2025-01-13,Лапид : Ицхака Амита назначат главой БАГАЦа несмотря ни на что | MigNews - Новости Израиля и Мира на русском языкеMigNews,,mignews.com,https://mignews.com/news/politic/lapid-ichaka-amita-naznachat-glavoj-bagaca-nesmotrya-ni-na-chto.html
KR,2025-01-13,"Retail - El Sudcaliforniano | Noticias Locales , Policiacas , sobre México , Baja California Sur y el Mundo",,oem.com.mx,https://oem.com.mx:443/elsudcaliforniano/analisis/retail-21084666
KR,2025-01-13,"Tử vi ngày 14 / 1 / 2025 của 12 con giáp : Rằm tháng Chạp , may mắn gọi tên con giáp nào ? ",,ngoisao.vn,https://ngoisao.vn/theo-dong-su-kien/doi-song-so/tu-vi-ngay-1412025-cua-12-con-giap-ram-thang-chap-may-man-goi-ten-con-giap-nao-444027.htm
KR,2025-01-13,The new state legislative session begins today,,ajc.com,https://www.ajc.com/politics/the-new-state-legislative-session-begins-today/A23LZTU4OBESNLQRB6BFRB2VOI/
KR,2025-01-13,Philippines files protest over Beijing  escalatory action in South China Sea – The Times Of Earth,,timesofearth.com,https://www.timesofearth.com/2025/01/13/philippines-files-protest-over-beijings-escalatory-actions-in-south-china-sea/
KR,2025-01-13,Ukraine ready to hand over captured North Korean soldiers in exchange for Ukrainian captives : Zelensky,,morungexpress.com,https://morungexpress.com/ukraine-ready-to-hand-over-captured-north-korean-soldiers-in-exchange-for-ukrainian-captives-zelensky
KR,2025-01-13,Putin i Pazeškijan u Moskvi će 17 . januara potpisati sporazum o sveobuhvatnom strateškom partnerstvu,,tanjug.rs,https://www.tanjug.rs/svet/politika/133829/putin-i-pazeskijan-u-moskvi-ce-17-januara-potpisati-sporazum-o-sveobuhvatnom-strateskom-partnerstvu/vest
KR,2025-01-13,Bűnbandáknak nézték őket : 16 civil meghalt a nigériai hadsereg légicsapásában,,hu.euronews.com,https://hu.euronews.com/2025/01/13/bunbandak-16-civil-meghalt-nigeriai-hadsereg-legicsapas
KR,2025-01-13,Klare Fortschritte bei Gesprächen über Gaza - Waffenruhe,,rhein-zeitung.de,https://www.rhein-zeitung.de/deutschland-welt/politik/klare-fortschritte-bei-gespraechen-ueber-gaza-waffenruhe_arid-4014967.html
KR,2025-01-13,החל מ - 79 דולר : ריינאייר פתחה מחדש את מכירת הטיסות מישראל,,13tv.co.il,https://13tv.co.il/item/mood/vacation-in-israel/tourism-news/v6bei-904416681/?pid=7&&cid=903048405
KR,2025-01-13,AMD may still wait for Nvidia before unleashing RDNA 4,,digitaltrends.com,https://www.digitaltrends.com/computing/amd-rdna-4-possibly-delayed/
KR,2025-01-13,  I Went on a Hybrid Training  Bootcamp . Here What I Learned  ,,menshealth.com,https://www.menshealth.com/uk/adventure/a63007672/hybrid-training-bootcamp/
KR,2025-01-13,"Despite Trump win ,  election integrity  activists still seek sweeping voting changes",,ideastream.org,https://www.ideastream.org/2025-01-13/despite-trumps-win-election-integrity-activists-still-seek-sweeping-voting-changes
KR,2025-01-13,El pequeño y ambicioso pueblo de Castilla y León que quiere hacerse rico gracias al sol y al viento,,lagacetadesalamanca.es,https://www.lagacetadesalamanca.es/castilla-y-leon/municipio-zamorano-145-habitantes-convertira-ricos-provincia-20250111122746-nt.html
KR,2025-01-13,"Прожиточный минимум в Дагестане на 2025г увеличен на 14 , 8 % - Юг и Северный Кавказ |",,interfax-russia.ru,https://www.interfax-russia.ru/south-and-north-caucasus/main/prozhitochnyy-minimum-v-dagestane-na-2025g-uvelichen-na-14-8
KR,2025-01-13,Новини Львів : У памʼять про полеглого воїна Ігоря Мілера на Львівщині відкрили меморіальну таблицю,,dailylviv.com,https://dailylviv.com/news/istoriya/u-pamyat-pro-polehloho-voyina-ihorya-milera-na-lvivshchyni-vidkryly-memorialnu-tablytsyu-131900
KR,2025-01-13,New £2 Coin Remembers George Orwell,,londonist.com,https://londonist.com/london/latest-news/george-orwell-coin
KR,2025-01-13,"Ngủ sớm , dậy sớm liệu có thực sự tốt cho sức khỏe người cao tuổi",,afamily.vn,https://afamily.vn/ngu-som-day-som-de-chet-som-bac-si-nhac-nho-co-gang-tranh-5-viec-nay-khi-ngu-keo-doan-tho-20250112183724769.chn
KR,2025-01-13,"Hegseth views on women in combat , infidelity and more in his own words",,wokv.com,https://www.wokv.com/news/politics/hegseths-views-women/CUJVVZGDWNBJRI3KG5GPAIA354/
KR,2025-01-13,"Memorial Days : A Memoir , by By Geraldine Brooks . ",,booklistonline.com,https://www.booklistonline.com/Memorial-Days-A-Memoir-Brooks-Geraldine/pid=9802012
KR,2025-01-13,"Academy Awards , Grammy postponed due to wildfire in Los Angeles",,sangbadpratidin.in,https://www.sangbadpratidin.in/entertainment/cinema/academy-awards-grammy-postponed-due-to-wildfire-in-los-angeles/
KR,2025-01-13,"Datos , datos , datos ... - Diario del Sur | Noticias Locales , Policiacas , sobre México , Chiapas y el Mundo",,oem.com.mx,https://oem.com.mx:443/diariodelsur/analisis/datos-datos-datos-21075559
KR,2025-01-13,"B . C . Realtor liable after buying house meant for client for himself , judge rules",,cbc.ca,https://www.cbc.ca/news/canada/british-columbia/realtor-liable-buying-house-meant-for-client-1.7429161
KR,2025-01-13,Berauscht und zu schnell im Kreis Gotha unterwegs,,thueringer-allgemeine.de,https://www.thueringer-allgemeine.de/lokales/gotha/article408069691/berauscht-und-zu-schnell-im-kreis-gotha-unterwegs.html
KR,2025-01-13,NAV : több mint 16 ezer doboz zárjegy nélküli cigarettát találtak egy férfinál,,webradio.hu,http://webradio.hu/hirek/kek-hirek/nav-tobb-mint-16-ezer-doboz-zarjegy-nelkuli-cigarettat-talaltak-egy-ferfinal
KR,2025-01-13,Winds expected to return to still - burning L . A . area,,wbir.com,https://www.wbir.com/article/news/nation-world/la-wildfires-winds-returning/507-83d31e42-f239-43c9-8796-eb2400886f93
KR,2025-01-13,ERDOĞAN MÜJDEYİ AÇIKLADI - Manşet Haber,,mansethaber.com,https://mansethaber.com/erdogandan-mujde-gelecek-mi/
KR,2025-01-13,"Netekęs ES rinkos , Rusijos „ Gazpromas  planuoja mažinti administracijos darbuotojų skaičių",,lrt.lt,https://www.lrt.lt/naujienos/verslas/4/2459036/netekes-es-rinkos-rusijos-gazpromas-planuoja-mazinti-administracijos-darbuotoju-skaiciu
KR,2025-01-13,Detenidos seis opositores sospechosos de planear un sabotaje antes de la toma de posesión de Chapo,,teleprensa.com,https://www.teleprensa.com/articulo/internacional/detenidos-opositores-sospechosos-planear-sabotaje-antes-toma-posesion-chapo/202501131412262003514.html
KR,2025-01-13,"Meta e Amazon , addio ai programmi DEI . Solo Apple dice no",,key4biz.it,https://www.key4biz.it/meta-e-amazon-sempre-piu-trumpizzate-addio-ai-programmi-dei-diversita-equita-e-inclusione-solo-apple-dice-no/517437/
KR,2025-01-13,Nachrichten für das Eichsfeld am Montag,,thueringer-allgemeine.de,https://www.thueringer-allgemeine.de/lokales/eichsfeld/article408070511/nachrichten-fuer-das-eichsfeld-am-montag.html
KR,2025-01-13,"Madhya Pradesh CM considers banning alcohol in holy cities in state मध्य प्रदेश के इन शहरों में नहीं मिलेगी शराब , संतों के सुझाव पर प्रतिबंध लगाने की तैयारी कर रही सरकार , Madhya - pradesh Hindi News",,livehindustan.com,https://www.livehindustan.com/madhya-pradesh/madhya-pradesh-cm-considers-banning-alcohol-in-holy-cities-in-state-201736773789991.html
KR,2025-01-13,"Reproducen obras de Banksy en museo dedicado al grafitero ; está en España – Periódico Zócalo | Noticias de Saltillo , Torreón , Piedras Negras , Monclova , Acuña",,zocalo.com.mx,https://www.zocalo.com.mx/reproducen-obras-de-banksy-en-museo-dedicado-al-grafitero-esta-en-espana/
KR,2025-01-16,Повышение стоимости заводов по переработке ТКО прокомментировали в САХ,,nsknews.info,https://nsknews.info/materials/povyshenie-stoimosti-musorozavodov-prokommentirovali-v-ao-sakh/
KR,2025-01-16,Astronauts stuck in space : Space walk for Suni Williams,,kitchener.ctvnews.ca,https://kitchener.ctvnews.ca/sci-tech/article/nasas-stuck-astronaut-steps-out-on-a-spacewalk-after-7-months-in-orbit/
KR,2025-01-16,春运首日高铁车厢变流动非遗馆 非遗文化温暖旅途 _ 新闻频道 _ 中华网,,news.china.com,https://news.china.com/socialgd/10000169/20250116/47879258.html
KR,2025-01-16,Deutsche Bank açıkladı : Dolar / TL sene sonu ne kadar olacak ? ,,sozcu.com.tr,https://www.sozcu.com.tr/deutsche-bank-acikladi-dolar-tl-sene-sonu-ne-kadar-olacak-p127799
KR,2025-01-16,El Salvador por extender días sin homicidios - Noticias Prensa Latina,,prensa-latina.cu,https://www.prensa-latina.cu/2025/01/16/el-salvador-por-extender-dias-sin-homicidios/
KR,2025-01-16,Які істоти найпотворніші у світі - відповідь біолога УНІАН,,unian.ua,https://www.unian.ua/ecology/yaki-istoti-naypotvornishi-u-sviti-vidpovid-biologa-12885747.html
KR,2025-01-16,Brothers Charged With Fatally Shooting Teen In 2023,,patch.com,https://patch.com/illinois/grayslake/brothers-charged-fatally-shooting-teen-2023
KR,2025-01-16,"Passione ed eccellenza , UniCredit e Ferrari lanciano nuova partnership Agenzia di stampa Italpress",,italpress.com,https://www.italpress.com/passione-ed-eccellenza-unicredit-e-ferrari-lanciano-nuova-partnership/
KR,2025-01-16,Podwyżki opłat za odpady nie będzie . Śmieci pojadą do spalarni,,portalsamorzadowy.pl,"https://www.portalsamorzadowy.pl/gospodarka-komunalna/podwyzki-oplat-za-odpady-nie-bedzie-smieci-pojada-do-spalarni,593483.html"
KR,2025-01-16,Испания выделит 10 миллионов евро ливанской армии | MigNews - Новости Израиля и Мира на русском языкеMigNews,,mignews.com,https://mignews.com/news/politic/ispaniya-vydelit-10-millionov-evro-livanskoj-armii.html
KR,2025-01-16,Suruç  ta TIR ile çarpışan otomobilin sürücüsü öldü - Şanlıurfa Haberleri,,haberturk.com,https://www.haberturk.com/sanliurfa-haberleri/111256402-suructa-tir-ile-carpisan-otomobilin-surucusu-oldu
KR,2025-01-16,Tierheim Bamberg verrät Unart von Katze -  wie Mädels eben so sind  ,,infranken.de,https://www.infranken.de/lk/bamberg/tierheim-bamberg-katze-lisandra-zuhause-suchen-freigang-kastriert-interessenten-art-6006688
KR,2025-01-16,"Suriyenin yeni lideri eş - Şara , İspanya ve Katar dışişleri bakanları ile görüştü",,malatyaguncel.com,https://www.malatyaguncel.com/suriyenin-yeni-lideri-es-sara-ispanya-ve-katar-disisleri-bakanlari-ile-gorustu-2695373h.htm
KR,2025-01-16,Astronauts stuck in space : Space walk for Suni Williams,,ctvnews.ca,https://www.ctvnews.ca/sci-tech/article/nasas-stuck-astronaut-steps-out-on-a-spacewalk-after-7-months-in-orbit/
KR,2025-01-16,Anger as Bristol Waste misses hundreds of bin collections,,bristolpost.co.uk,https://www.bristolpost.co.uk/news/bristol-news/anger-bristol-waste-misses-hundreds-9867741
KR,2025-01-16,Norovirus : Essential Information,,healthday.com,https://www.healthday.com/a-to-z-health/consumer-wellness-library/norovirus-fast-facts-what-you-need-to-know-right-now
KR,2025-01-16,"Saif Ali Khan , Famed Bollywood Actor , Is Stabbed at Home in Mumbai",,nytimes.com,https://www.nytimes.com/2025/01/16/world/asia/saif-ali-khan-stabbed-mumbai.html
KR,2025-01-16,Astronauts stuck in space : Space walk for Suni Williams,,toronto.ctvnews.ca,https://toronto.ctvnews.ca/sci-tech/article/nasas-stuck-astronaut-steps-out-on-a-spacewalk-after-7-months-in-orbit/
KR,2025-01-16,7 اخبار رياضية لا تفوتك اليوم - اليوم السابع,,youm7.com,https://www.youm7.com/story/2025/1/16/7-%D8%A7%D8%AE%D8%A8%D8%A7%D8%B1-%D8%B1%D9%8A%D8%A7%D8%B6%D9%8A%D8%A9-%D9%84%D8%A7-%D8%AA%D9%81%D9%88%D8%AA%D9%83-%D8%A7%D9%84%D9%8A%D9%88%D9%85/6848767
KR,2025-01-16,Mountain Mike Pizza Celebrates Record - Breaking Year | RestaurantNewsRelease . com,,restaurantnewsrelease.com,https://www.restaurantnewsrelease.com/mountain-mikes-pizza-celebrates-record-breaking-year/
KR,2025-01-16,睡觉打鼾怎么办 ？ 这些方法简单又实用 | 科普时间 - 西部网 （ 陕西新闻网 ） ,,news.cnwest.com,http://news.cnwest.com/tianxia/a/2025/01/16/22953494.html
KR,2025-01-16,KEMMA - A Tisza Párt megalázó behódolása,,kemma.hu,https://www.kemma.hu/orszag-vilag/2025/01/tisza-part-ep-kepviselo-beszoktatas-neppart
KR,2025-01-16,  I Lose Sleep  Over Drones Hitting Firefighting Super Scooper Planes : CEO,,businessinsider.com,https://www.businessinsider.com/bridger-aerospace-ceo-drones-major-threat-super-scoopers-la-fires-2025-1
KR,2025-01-16,"FireFox Advances New Targets with Trenching and Geophysics at the Mustajärvi Gold Project in Lapland , Finland",,torontotelegraph.com,https://www.torontotelegraph.com/news/274949271/firefox-advances-new-targets-with-trenching-and-geophysics-at-the-mustajaumlrvi-gold-project-in-lapland-finland
KR,2025-01-16,"Carolina Wealth Advisors LLC Purchases 1 , 020 Shares of The Clorox Company ( NYSE : CLX ) ",,themarketsdaily.com,https://www.themarketsdaily.com/2025/01/16/carolina-wealth-advisors-llc-purchases-1020-shares-of-the-clorox-company-nyseclx.html
KR,2025-01-16,"Llay runner set for 1 , 000th consecutive half marathon",,leaderlive.co.uk,https://www.leaderlive.co.uk/news/24860590.llay-runner-set-1-000th-consecutive-half-marathon/
KR,2025-01-16,Pwllheli student elected to Welsh Youth Parliament | North Wales Chronicle,,northwaleschronicle.co.uk,https://www.northwaleschronicle.co.uk/news/24861045.pwllheli-student-elected-welsh-youth-parliament/
KR,2025-01-16,IDEAYA Biosciences ( NASDAQ : IDYA ) Earns Outperform Rating from Royal Bank of Canada,,themarketsdaily.com,https://www.themarketsdaily.com/2025/01/16/ideaya-biosciences-nasdaqidya-earns-outperform-rating-from-royal-bank-of-canada.html
KR,2025-01-16,Konya Büyükşehir Belediyesinin müzeleri 2024  te 1 milyon 132 bin ziyaretçi ağırladı,,aa.com.tr,https://www.aa.com.tr/tr/kultur/konya-buyuksehir-belediyesinin-muzeleri-2024te-1-milyon-132-bin-ziyaretci-agirladi/3452724
KR,2025-01-16,Advierten de posible epidemia en mayor prisión de Ecuador - Noticias Prensa Latina,,prensa-latina.cu,https://www.prensa-latina.cu/2025/01/16/advierten-de-posible-epidemia-en-mayor-prision-de-ecuador/
KR,2025-01-16,Открыт набор в школу принимающих родителей в Новосибирске,,nsknews.info,https://nsknews.info/materials/otkryt-nabor-v-shkolu-prinimayushchikh-roditeley-v-novosibirske/
KR,2025-01-16,National Advertising Division Recommends T - Mobile Discontinue  Families Can Save 20 % Every Month Versus AT & T and Verizon  Claim,,manilatimes.net,https://www.manilatimes.net/2025/01/16/tmt-newswire/globenewswire/national-advertising-division-recommends-t-mobile-discontinue-families-can-save-20-every-month-versus-att-and-verizon-claim/2040137
KR,2025-01-16,"Trending News : Cease - Fires , Trump Inauguration & TikTok Ban Fears | 102JKX",,102jkx.iheart.com,https://102jkx.iheart.com/featured/steve-harvey-morning-show/content/2025-01-16-trending-news-cease-fires-trumps-inauguration-tiktok-ban-fears/
KR,2025-01-16,"Chinese and Indian refiners turn to Middle East , Africa and the U . S . as American sanctions on Russian oil producers , tankers tighten supply chains – NaturalNews . com",,naturalnews.com,https://www.naturalnews.com/2025-01-16-chinese-indian-refiners-middle-east-africa-us.html
KR,2025-01-16,Adam öldürme suçundan kesinleşmiş 16 yıl cezası bulunan firari yakalandı,,malatyaguncel.com,https://www.malatyaguncel.com/adam-oldurme-sucundan-kesinlesmis-16-yil-cezasi-bulunan-firari-yakalandi-2695354h.htm
KR,2025-01-16,"Starmer - Zelensky ,  patto dei 100 anni fra Ucraina e Gb  - Notizie",,ansa.it,https://www.ansa.it/sito/notizie/mondo/2025/01/16/starmer-zelensky-patto-dei-100-anni-fra-ucraina-e-gb_6aed2163-8e10-42c9-bfdb-d6adb4cd5f3e.html
KR,2025-01-16,Syrians in Germany ask to be allowed to visit home and keep protected status,,theguardian.com,https://www.theguardian.com/world/2025/jan/16/syrians-germany-ask-allowed-visit-home-keep-protected-status
KR,2025-01-16,EU sender nødhjælp til Gaza | Nyheder,,dr.dk,https://www.dr.dk/nyheder/seneste/eu-sender-noedhjaelp-til-gaza
KR,2025-01-16,How to apply for Newsquest Young Reporter Short Course | Barry And District News,,barryanddistrictnews.co.uk,https://www.barryanddistrictnews.co.uk/news/24861257.apply-newsquests-young-reporter-short-course/
KR,2025-01-16,Take - Two Reportedly Kills Another GTA Fan Project,,gamespot.com,https://www.gamespot.com/articles/take-two-reportedly-kills-another-gta-fan-project/1100-6528845/
KR,2025-01-16,AIDS Resource provides free menstrual hygiene products,,northcentralpa.com,https://www.northcentralpa.com/community/aids-resource-provides-free-menstrual-hygiene-products/article_7ce132a0-d2e2-11ef-bf28-77adf7a3c2de.html
KR,2025-01-16,Nasdaq to extend gains in mixed start as retail sales underwhelm,,proactiveinvestors.com,https://www.proactiveinvestors.com/companies/news/1064449/nasdaq-to-extend-gains-in-mixed-start-as-retail-sales-underwhelm-1064449.html
KR,2025-01-16,Conan OBrien will receive Mark Twain Prize,,windsorstar.com,https://windsorstar.com:443/entertainment/celebrity/conan-obrien-will-receive-mark-twain-prize-for-lifetime-achievement-in-comedy
KR,2025-01-16,Vatikan : Papst Franziskus nach Sturz verletzt,,haz.de,https://www.haz.de/panorama/vatikan-papst-franziskus-nach-sturz-verletzt-AXGIGZ46PJMGTCMCFBUJ5776VQ.html
KR,2025-01-16,2025年经济学家问卷调查 ： 预期2024年增速目标顺利实现 看好价格水平回升,,stcn.com,http://www.stcn.com/article/detail/1497878.html
KR,2025-01-16,Warszawskie autobusy mogły korzystać z rosyjskiego gazu . Będą kontrole,,portalsamorzadowy.pl,"https://www.portalsamorzadowy.pl/gospodarka-komunalna/warszawskie-autobusy-mogly-korzystac-z-rosyjskiego-gazu-beda-kontrole,593479.html"
KR,2025-01-16,Şanlıurfada Otomobil ve Tır Çarpışması : Bir Ölü,,haberler.com,https://www.haberler.com/guncel/sanliurfa-da-otomobil-ve-tir-carpismasi-bir-olu-18269455-haberi/
KR,2025-01-16,ВЗГЛЯД / Премьер Молдавии обвинил Россию в подрыве энергетической стабильности :: Новости дня,,vz.ru,https://vz.ru/news/2025/1/16/1309079.html
KR,2025-01-16,Archäologie in der Türkei : Bauer entdeckt einzigartiges Mosaik – detaillierte Szenen verblüffen,,harzkurier.de,https://www.harzkurier.de/panorama/article408078898/tuerkischer-landwirt-entdeckt-einzigartiges-jagdmosaik.html
KR,2025-01-16,Letters : Practical reality suggests Trump tariff threats are overblown,,leaderpost.com,https://leaderpost.com:443/opinion/letters/letters-practical-reality-suggests-trump-tariff-threats-are-overblown
KR,2025-01-16,"Yieldmo Debuts Bold New Brand Identity , Charting New Path for the Future of Advertising",,manilatimes.net,https://www.manilatimes.net/2025/01/16/tmt-newswire/globenewswire/yieldmo-debuts-bold-new-brand-identity-charting-new-path-for-the-future-of-advertising/2040126
KR,2025-01-16,"Nintendo Switch 2 Will Release In 2025 , Nintendo Says",,forbes.com,https://www.forbes.com/sites/tylerroush/2025/01/16/nintendo-says-highly-anticipated-switch-2-will-be-released-in-2025/
KR,2025-01-16,Tripura bans saline water Ringer Lactate made by West Bengal Pharmaceuticals,,sangbadpratidin.in,https://www.sangbadpratidin.in/india/tripura-bans-saline-water-ringer-lactate-made-by-west-bengal-pharmaceuticals/
KR,2025-01-16,The Goldman Sachs Group Begins Coverage on ResMed ( NYSE : RMD ) ,,themarketsdaily.com,https://www.themarketsdaily.com/2025/01/16/the-goldman-sachs-group-begins-coverage-on-resmed-nysermd.html
KR,2025-01-16,What happens after a wildfire destroys your home ? A survivor has tips,,whro.org,https://www.whro.org/2025-01-16/what-happens-after-a-wildfire-destroys-your-home-a-survivor-has-tips
KR,2025-01-16,"It Funny , But It Sad : 77 Funny Posts That Make People Laugh And Despair At The Same Time ( New Pics ) ",,boredpanda.com,https://www.boredpanda.com/funny-but-sad-screenshots-pics/?cexp_id=114907&cexp_var=8&_f=homepage_featured
KR,2025-01-16,崇德科技 （ 301548 ） 股东吴星明质押200万股 ， 占总股本2 . 3 %_ 股市要闻 _ 市场 _ 中金在线,,sc.stock.cnfol.com,http://sc.stock.cnfol.com/gushiyaowen/20250116/31115091.shtml
KR,2025-01-16,白石麻衣が赤面 「 かわいくないですよ …」 高校生からは  かわいいよ～  の声 焼肉で爆食いを福田雄一監督からバラされる ： 紀伊民報AGARA｜和歌山県のニュースサイト,,agara.co.jp,https://www.agara.co.jp/article/452627
KR,2025-01-16,Gavin & Stacey Jo Page on  life - changing  show that taught her  not to feel bad  ,,walesonline.co.uk,https://www.walesonline.co.uk/lifestyle/tv/gavin--staceys-jo-page-30794240
KR,2025-01-16,Coherent in Palmer Township getting up to $79 million from CHIPS Act,,mcall.com,https://www.mcall.com/2025/01/16/lehigh-valley-gets-another-chips-act-award-heres-whos-getting-it-how-much-and-what-it-means/
KR,2025-01-16,Oxford University offers sent out to Oxbridge hopefuls,,oxfordmail.co.uk,https://www.oxfordmail.co.uk/news/24861787.oxford-university-offers-sent-oxbridge-hopefuls/
KR,2025-01-16,Multiple vans are broken into in Oxfordshire village,,oxfordmail.co.uk,https://www.oxfordmail.co.uk/news/24862294.appeal-multiple-vans-broken-eynsham/
KR,2025-01-16,Former Bank of Canada governor Mark Carney set to launch Liberal leadership bid in Edmonton,,ipolitics.ca,https://www.ipolitics.ca/news/former-bank-of-canada-governor-mark-carney-set-to-launch-liberal-leadership-bid-in-edmonton
KR,2025-01-16,"Partisanship , Morals Key in Leadership Choice",,miragenews.com,https://www.miragenews.com/partisanship-morals-key-in-leadership-choice-1392159/
KR,2025-01-16,間宮祥太朗 、 変装して 『 アンダーニンジャ 』 イベントに登場 あまりにも  忍  すぎて山崎賢人に間違われる ： 紀伊民報AGARA｜和歌山県のニュースサイト,,agara.co.jp,https://www.agara.co.jp/article/452629
KR,2025-01-16,Oxford council to back motion to classify term as Islamophobic,,oxfordmail.co.uk,https://www.oxfordmail.co.uk/news/24860663.oxford-city-council-back-motion-classify-term-islamophobic/
KR,2025-01-16,"US defense contractor to build 4 , 000 - worker advanced manufacturing facility in central Ohio – Winnipeg Free Press",,winnipegfreepress.com,https://www.winnipegfreepress.com/arts-and-life/life/sci-tech/2025/01/16/us-defense-contractor-to-build-4000-worker-advanced-manufacturing-facility-in-central-ohio
KR,2025-01-16,"Rimini Street , Inc .: Rimini Street Honored by Clients and Industry with Buyer Choice , Service and Leadership Awards",,finanznachrichten.de,https://www.finanznachrichten.de/nachrichten-2025-01/64309574-rimini-street-inc-rimini-street-honored-by-clients-and-industry-with-buyer-s-choice-service-and-leadership-awards-004.htm
KR,2025-01-16,Giàu sang phú quý : 4 con giáp đổi đời trong tháng Giêng năm Ất Tỵ 2025,,phunutoday.vn,https://phunutoday.vn/giau-sang-phu-quy-4-con-giap-doi-doi-trong-thang-gieng-nam-at-ty-2025-d446101.html
KR,2025-01-16,Presidente sul - coreano afastado se recusa novamente a depor após prisão | Mundo e Ciência,,odia.ig.com.br,https://odia.ig.com.br/mundo-e-ciencia/2025/01/6986688-presidente-sul-coreano-afastado-se-recusa-novamente-a-depor-apos-prisao.html
KR,2025-01-16,"Refugee to Dh1 million winner : UAE Great Arab Mind awardee finds solutions for cleaner air , water",,khaleejtimes.com,https://www.khaleejtimes.com/uae/refugee-to-dh1-million-winner-uae-great-arab-mind-awardee-finds-solutions-for-cleaner-air-water
KR,2025-01-16,Letters to the editor : Trump doesnt own Canada . We do,,newhamburgindependent.ca,https://www.newhamburgindependent.ca/opinion/letters-to-the-editor/jan-16-canada-does-not-belong-to-donald-trump-its-time-for-social-media-to/article_ebd13490-f3d8-5474-b3f8-e56d13651b24.html
KR,2025-01-16,Ultimora Sinner lannuncio dallAustralian Open spiazza tutti,,zazoom.it,https://www.zazoom.it/2025-01-16/ultimora-sinner-lannuncio-dallaustralian-open-spiazza-tutti-lascera-il-circuito/16189104/
KR,2025-01-16,"Roma , al Room 26 un altro weekend di good vibes : in arrivo Elenoir la dj ucraina , ecco quando",,ilmessaggero.it,https://www.ilmessaggero.it:443/roma/eventi/roma_al_room_26_un_altro_weekend_di_good_vibes_arrivo_elenoir_la_dj_ucraina_ecco_quando-8597237.html
KR,2025-01-16,Rep . Josh Gottheimer Sells Off Shares of Genmab A / S ( NASDAQ : GMAB ) ,,theenterpriseleader.com,https://theenterpriseleader.com/2025/01/16/rep-josh-gottheimer-sells-off-shares-of-genmab-a-s-nasdaqgmab.html
KR,2025-01-16,  1 tier of justice for all : 5 takeaways from Day 1 of Pam Bondi confirmation hearing,,kjlhradio.com,https://kjlhradio.com/1-tier-of-justice-for-all-5-takeaways-from-day-1-of-pam-bondis-confirmation-hearing/
KR,2025-01-16,"Middle East live updates : IDF will stay in Gaza Philadelphi corridor , source says",,wntxradio.com,https://www.wntxradio.com/syndicated-article/?id=1601792
KR,2025-01-16,Both Biden and Trump seek credit for ceasefire - hostages deal,,k101fm.net,https://www.k101fm.net/syndicated-article/?id=1601719
KR,2025-01-16,"Adanada Otomobilde Uyuşturucu Ele Geçirildi , 3 Şüpheli Gözaltına Alındı",,haberler.com,https://www.haberler.com/guncel/adana-da-otomobilde-uyusturucu-ele-gecirildi-3-supheli-gozaltina-alindi-18269436-haberi/
KR,2025-01-16,Suspected outbreak of deadly Marburg disease has Tanzanians on edge,,africanews.com,https://www.africanews.com/2025/01/16/suspected-outbreak-of-deadly-marburg-disease-has-tanzanians-on-edge/
KR,2025-01-16,Due cadute in meno di un mese | come sta adesso Papa Francesco,,zazoom.it,https://www.zazoom.it/2025-01-16/due-cadute-in-meno-di-un-mese-come-sta-adesso-papa-francesco/16189182/
KR,2025-01-16,Motociclista morre após batida em cruzamento da avenida Saudade em Ribeirão Preto,,acidadeon.com,https://www.acidadeon.com/ribeiraopreto/cotidiano/motociclista-morre-apos-batida-em-cruzamento-da-avenida-saudade-em-ribeirao-preto/
KR,2025-01-16,"Overleden persoon aangetroffen in woning Winschoten | 112Groningen , Actueel nieuws over de hulpverleningsdiensten uit Groningen",,112groningen.nl,https://112groningen.nl/399474/groningen/overleden-persoon-aangetroffen-in-woning-winschoten/
KR,2025-01-16, Nous ne voulons pas être pris en otages  : les usagers de la liaison maritime Fouras - Aix entrent en résistance,,sudouest.fr,https://www.sudouest.fr/charente-maritime/ile-d-aix/nous-ne-voulons-pas-etre-pris-en-otages-les-usagers-de-la-liaison-maritime-fouras-aix-entrent-en-resistance-22848319.php
KR,2025-01-16,Mercado Hoje 16 / 01 / 2025 : Saiba as principais notícias,,mercadohoje.uai.com.br,https://mercadohoje.uai.com.br/2025/01/16/mercado-hoje-16-01-2025-saiba-as-principais-noticias/
KR,2025-01-16,Υπεγράφη συμφωνία 100 ετών Βρετανίας - Ουκρανίας - Το Λονδίνο στέλνει κινητό σύστημα αντιαεροπορικής άμυνας,,iefimerida.gr,https://www.iefimerida.gr/kosmos/ypegrafi-i-synergasia-symfonia-bretanias-oykranias
KR,2025-01-16,Rs 7 . 36 crore AI scam involving Brad Pitt addressed by actor .  It awful that ... ,,economictimes.indiatimes.com,https://economictimes.indiatimes.com/magazines/panache/rs-7-36-crore-ai-scam-involving-brad-pitt-addressed-by-actor-its-awful-that-/articleshow/117302234.cms
KR,2025-01-16,Inflammaging ? Reverse aging ? Experts explain trending terms | Belleville Intelligencer,,intelligencer.ca,https://www.intelligencer.ca:443/life/inflammaging-reverse-aging-experts-explain-trending-beauty-terms
KR,2025-01-16,Tre sacerdoti arrestati per rapina - Tiscali Notizie,,notizie.tiscali.it,https://notizie.tiscali.it/cronaca/articoli/tre-sacerdoti-arrestati-rapina-commissionata-per-nascondere-ricatto-sessuale/
KR,2025-01-16,Sistema de protección social basado en las comunas,,ultimasnoticias.com.ve,https://ultimasnoticias.com.ve/noticias/el-informante/sistema-de-proteccion-social-basado-en-las-comunas/
KR,2025-01-16," „ Maybrit Illner  heute : Das Thema und die Gäste am Donnerstag , 16 . Januar",,kn-online.de,https://www.kn-online.de/medien/maybrit-illner-heute-das-thema-und-die-gaeste-am-donnerstag-16-januar-YBXLYGA3OJBMPLO7LYXHMZM6QI.html
KR,2025-01-16,Στη Θεσσαλονίκη θα πραγματοποιηθεί το 8o Πανελλήνιο Συνέδριο για το Κρέας και τα Προϊόντα του,,ertnews.gr,https://www.ertnews.gr/eidiseis/epistimi/sti-thessaloniki-tha-pragmatopoiithei-to-8o-panellinio-synedrio-gia-to-kreas-kai-ta-proionta-tou/
KR,2025-01-16,"Tories are amplifying conspiracy theories of foreign billionaires , says Nandy",,standard.co.uk,https://www.standard.co.uk/news/politics/lisa-nandy-elon-musk-tories-kemi-badenoch-culture-secretary-b1205215.html
KR,2025-01-16,США ограничили доступ к своим технологиям для ведущего китайского ИИ - стартапа | США Стартапы Технологии Китай | АФН | Белорусские новости | Республика Беларусь,,afn.by,http://afn.by/news/i/325699
KR,2025-01-16,Ananda faz pronunciamento após Ministério Público arquivar denúncia contra Ana Paula Minerato :  Racismo é crime  ,,revistamarieclaire.globo.com,https://revistamarieclaire.globo.com/celebridades/noticia/2025/01/ananda-faz-pronunciamento-apos-ministerio-publico-arquivar-denuncia-contra-ana-paula-minerato.ghtml
KR,2025-01-16,Güney Afrikada Kaçak Altın Madeninde 78 Ceset Bulundu,,haberler.com,https://www.haberler.com/3-sayfa/guney-afrika-da-kacak-altin-madeninde-78-ceset-bulundu-18269407-haberi/
KR,2025-01-16,Знайшли ймовірного вбивцю військового Костянтина Антонова : судять його командира - подробиці,,gazeta.ua,https://gazeta.ua/articles/np/_znajshli-jmovirnogo-vbivcyu-vijskovogo-kostyantina-antonova-sudyat-jogo-komandira-podrobici/1205195
KR,2025-01-16,"  Большой гость . СМИ раскрыли , кто может посетить парад Победы в Москве",,ria.ru,https://ria.ru/20250116/newsweek-1994036040.html
KR,2025-01-16,В « Примавтодоре » прокомментировали взрыв на карьере у села Голубовка | ДВ - РОСС новости Дальнего Востока,,trud-ost.ru,http://trud-ost.ru/?p=929230
KR,2025-01-16,Rockfall frequency from French mountains has doubled since Little Ice Age,,phys.org,https://phys.org/news/2025-01-rockfall-frequency-french-mountains-ice.html
KR,2025-01-16,省委常委会召开会议 传达学习习近平总书记重要指示重要致信精神 研究加快建设绿色低碳高质量发展先行区 、 进一步深化农村改革全面推进乡村振兴等事项 _ 政务新闻 _ 山东政务 _ 山东新闻 _ 新闻 _ 齐鲁网,,news.iqilu.com,https://news.iqilu.com/shandong/zhengwu/zwxw/2025/0116/5768964.shtml
KR,2025-01-16, „ Da muss ich dich leider enttäuschen !: Beatrice Egli erteilt Fan Abfuhr,,tz.de,http://www.tz.de/stars/da-muss-ich-dich-leider-enttaeuschen-beatrice-egli-erteilt-fan-abfuhr-93518667.html
KR,2025-01-16,Gatto appeso su una roccia del Priamar : salvato dai vigili del fuoco,,savonanews.it,https://www.savonanews.it/2025/01/16/leggi-notizia/argomenti/cronaca-2/articolo/gatto-appeso-su-una-roccia-del-priamar-salvato-dai-vigili-del-fuoco.html
KR,2025-01-16,"River Island shoppers flock to buy  trending  £20 pink jumper , perfect for spring",,ok.co.uk,https://www.ok.co.uk/lifestyle/fashion/river-island-pink-jumper-sale-34491252
KR,2025-01-16,Corea del Sur : presidente Yoon Suk - yeol se niega a declarar en la segunda jornada bajo detención,,biobiochile.cl,https://www.biobiochile.cl/noticias/internacional/asia/2025/01/16/corea-del-sur-presidente-yoon-suk-yeol-se-niega-a-declarar-en-la-segunda-jornada-bajo-detencion.shtml
KR,2025-01-16,জুলাই বিপ্লবের ঘোষণাপত্র নিয়ে সর্বদলীয় সংলাপ চলছে | Suprobhat Bangladesh,,suprobhat.com,https://suprobhat.com/%E0%A6%9C%E0%A7%81%E0%A6%B2%E0%A6%BE%E0%A6%87-%E0%A6%AC%E0%A6%BF%E0%A6%AA%E0%A7%8D%E0%A6%B2%E0%A6%AC%E0%A7%87%E0%A6%B0-%E0%A6%98%E0%A7%8B%E0%A6%B7%E0%A6%A3%E0%A6%BE%E0%A6%AA%E0%A6%A4%E0%A7%8D-2/
KR,2025-01-16,"EQS - News : Royalty Management Holding Corp Provides Year in Review and Preannounces Estimated Revenue Growth of Over 50 %, Year - Over - Year",,finanzen.ch,https://www.finanzen.ch/nachrichten/aktien/eqs-news-royalty-management-holding-corp-provides-year-in-review-and-preannounces-estimated-revenue-growth-of-over-50percent-year-over-year-1034235398
KR,2025-01-16,Switch 2 Trailer : Schlechte News zum Release - Termin,,op-online.de,http://www.op-online.de/leben/games/neue-nintendo-konsole-switch-schon-heute-mit-trailer-angekuendigt-zr-93517943.html
KR,2025-01-16,Are Doritos Going Square ? | 93 . 9 LITE FM | Melissa Forman in the Morning,,939litefm.iheart.com,https://939litefm.iheart.com/featured/melissa-forman-in-the-morning/content/2025-01-16-are-doritos-going-square/
KR,2025-01-16,Interior de SP tem alerta para temporais nesta quinta ; Confira a previsão do tempo,,acidadeon.com,https://www.acidadeon.com/ribeiraopreto/cotidiano/interior-de-sp-tem-alerta-para-temporais-nesta-quinta-confira-a-previsao-do-tempo/
KR,2025-01-16,Preferred main contractor for new Brae campus announced,,shetlandtimes.co.uk,https://www.shetlandtimes.co.uk/2025/01/16/preferred-contractor-for-new-brae-campus-announced
KR,2025-01-16,İsrail Ordusu Suriyedeki Saldırısında Köy Muhtarını Öldürdü,,haberler.com,https://www.haberler.com/guncel/israil-ordusu-suriye-deki-saldirisinda-koy-muhtarini-oldurdu-18269419-haberi/
KR,2025-01-16,Wirtschaft – Chinesen wollen kriselnde VW - Werke kaufen,,heute.at,https://www.heute.at/s/chinesen-wollen-kriselnde-vw-werke-kaufen-120083893
KR,2025-01-16,Ultimele ştiri din Moldova,,news.yam.md,https://news.yam.md/ro/subjects/16188919
KR,2025-01-16,Süper Ligde  Yabancı VAR  dönemi resmen başladı,,fotospor.com,https://www.fotospor.com/futbol/super-ligde-yabanci-var-donemi-resmen-basladi-666761
KR,2025-01-16,Израиль передал Украине несколько сотен портативных зарядных станций EcoFlow | MigNews - Новости Израиля и Мира на русском языкеMigNews,,mignews.com,http://mignews.com/news/ukraine/izrail-peredal-ukraine-neskolko-soten-portativnyh-zaryadnyh-stancij-ecoflow.html
KR,2025-01-16,特朗普国防部长人选不知道亚细安,,zaobao.com.sg,https://www.zaobao.com.sg/news/world/story20250116-5743868
KR,2025-01-16,"Krebs , Offenheit und Wandel : Wie die Royals 2024 Offenheit neu definierten",,kn-online.de,https://www.kn-online.de/panorama/krebs-offenheit-und-wandel-wie-die-royals-2024-offenheit-neu-definierten-AXCPOHIY3JOJBDSFBUVE425WBA.html
KR,2025-01-16,Illinois bill could raise age for mandatory license renewal driving test for seniors,,wvik.org,https://www.wvik.org/illinois/2025-01-16/illinois-bill-could-raise-age-for-mandatory-license-renewal-driving-test-for-seniors
KR,2025-01-16,Trump wants a quick end to the Ukraine war . That a tall order,,wvik.org,https://www.wvik.org/2025-01-16/trump-wants-a-quick-end-to-the-ukraine-war-thats-a-tall-order
KR,2025-01-16,"BEOL - Úristen , elfelejtettem Ügyfélkapu+ - ra váltani ! Mi lesz most ? ",,beol.hu,https://www.beol.hu/helyi-kozelet/2025/01/ugyfelkapu-ugyintezes-valtas
KR,2025-01-16,Eurozone Trade Surplus Shrinks In November,,finanznachrichten.de,https://www.finanznachrichten.de/nachrichten-2025-01/64309376-eurozone-trade-surplus-shrinks-in-november-020.htm
KR,2025-01-16,"Red Meat , Dementia : The Surprising Link",,northwestsignal.net,https://www.northwestsignal.net/news/health/article_6a732f2a-0f7c-5e2c-b732-ee69e18b0da9.html
KR,2025-01-16,"Nintendo officially reveals the Nintendo Switch 2 , its next hybrid console",,techradar.com,https://www.techradar.com/gaming/nintendo-switch-2-announcement
KR,2025-01-16,Bh . biznismen kupio jedan od najluksuznijih hotela u Hrvatskoj,,oslobodjenje.ba,https://www.oslobodjenje.ba/vijesti/ekonomija/bh-biznismen-kupio-jedan-od-najluksuznijih-hotela-u-hrvatskoj-1013538/
KR,2025-01-16,"सैफ अली खान केस में बड़ा अपडेट , जानें अब तक पुलिस ने जुटाए कौन - कौन से सबूत , CCTV से खुला ऐसा राज",,hindi.oneindia.com,https://hindi.oneindia.com/news/entertainment/saif-ali-khan-attack-case-big-update-know-what-evidence-police-collected-cctv-revealed-such-secret-1202611.html
KR,2025-01-16,Louisiana Tragedy as Crash Leads to Death of Mail Driver,,talkradio960.com,https://talkradio960.com/ixp/36/p/louisiana-tragedy-as-crash-leads-to-death-of-mail-driver/
KR,2025-01-16,Christian persecution on the rise worldwide : new report,,heraldmalaysia.com,https://www.heraldmalaysia.com/news/christian-persecution-on-the-rise-worldwide-new-report/80329/1
KR,2025-01-16,Netanyahu :  Last minute crisi holding up truce approval,,torontosun.com,https://torontosun.com/news/world/netanyahu-says-last-minute-crisis-with-hamas-holding-up-approval-of-gaza-truce-and-hostage-deal
KR,2025-01-16,"Teška nesreća na Ilidži : Peugeotom naletila na biciklistu , zadobio je frakturu lopatice",,oslobodjenje.ba,https://www.oslobodjenje.ba/vijesti/crna-hronika/teska-nesreca-na-ilidzi-peugetom-naletila-na-biciklistu-zadobio-je-frakturu-lopatice-1013465/
KR,2025-01-16,"Stabbed Six Times , Saif Ali Khan Was Rushed To Hospital In Auto By Son Ibrahim . Here Why",,timesnownews.com,https://www.timesnownews.com/entertainment-news/saif-ali-khan-autorickshaw-ibrahim-ali-khan-knife-attack-mumbai-lilavati-hospital-kareena-kapoor-article-117296485
KR,2025-01-16,Pasangan suami isteri ditahan palsukan kad pengenalan,,utusan.com.my,https://www.utusan.com.my/luar-negara/2025/01/pasangan-suami-isteri-ditahan-palsukan-kad-pengenalan/
KR,2025-01-16,Cartier Owner Richemont Sales Beat Buoys Luxury Stocks -- 2nd Update,,marketscreener.com,https://www.marketscreener.com/quote/stock/COMPAGNIE-FINANCIERE-RICH-14354614/news/Cartier-Owner-Richemont-s-Sales-Beat-Buoys-Luxury-Stocks-2nd-Update-48784972/
KR,2025-01-16,"Cupa „ Prietenii Munților , gata de start ! - Știri din Timișoara ; Express de Banat ; Timiș și Caraș Severin",,expressdebanat.ro,https://expressdebanat.ro/cupa-prietenii-muntilor-gata-de-start/
KR,2025-01-16,Scientists warn of phenomenon observed in one - third of world beaches and we might be underestimating the problem,,yahoo.com,https://www.yahoo.com/news/scientists-warn-phenomenon-observed-one-111519312.html
KR,2025-01-16,"233 , 7 млн рублей направлено на социальные выплаты жителям Псковской области",,pln-pskov.ru,https://pln-pskov.ru/society/542606.html
KR,2025-01-16,"US retail sales rose modestly last month amid solid holiday shopping , boosting economy – Winnipeg Free Press",,winnipegfreepress.com,https://www.winnipegfreepress.com/business/2025/01/16/us-retail-sales-rose-modestly-last-month-amid-solid-holiday-shopping-boosting-economy
KR,2025-01-16,Milli basketbolcu İlkan Karaman  ın ölümüne sebep olmuştu ! Yeniden tutuklandı - Fanatik Gazetesi Basketbol Haberleri,,fanatik.com.tr,https://www.fanatik.com.tr/basketbol/milli-basketbolcu-ilkan-karamanin-olumune-sebep-olmustu-yeniden-tutuklandi-2569937
KR,2025-01-16,Новини Львова : Військові ветерани розпочали мандрівку Канарськими островами,,galinfo.com.ua,https://galinfo.com.ua/news/viyskovi_veterany_rozpochaly_mandrivku_kanarskymy_ostrovamy_429130.html
KR,2025-01-16,Gölcük ve Başiskeledeki trafiğe yeni yol züm meclise geldi - Kocaeli Haberleri,,ozgurkocaeli.com.tr,https://www.ozgurkocaeli.com.tr/haber/23406890/golcuk-ve-basiskeledeki-trafige-yeni-yol-cozumu-meclise-geldi
KR,2025-01-16,Landeswahlleiter : Vorbereitungen zur Bundestagswahl laufen nach Plan | NDR . de - Nachrichten,,ndr.de,"https://www.ndr.de:443/nachrichten/mecklenburg-vorpommern/Landeswahlleiter-Vorbereitungen-zur-Bundestagswahl-laufen-nach-Plan,wahlleiter106.html"
KR,2025-01-16,"Teen Lifestyles Were Less Healthy in 2023 Compared to 2013 , CDC Report Shows",,carrollspaper.com,https://carrollspaper.com/lifestyles/health/teen-lifestyles-were-less-healthy-in-2023-compared-to-2013-cdc-report-shows/article_9864ea07-fc2b-5f0f-9cae-58dd52d0ba8a.html
KR,2025-01-16,16 Ocak 2025 TV Yayın Akışı : Bu Akşam Hangi Diziler ve Programlar Var ? ,,cnnturk.com,https://www.cnnturk.com/magazin/dizi/16-ocak-2025-tv-yayin-akisi-bu-aksam-televizyonda-hangi-programlar-hangi-diziler-var-2208466
KR,2025-01-16,Übernehmen chinesische Hersteller deutsche VW - Werke ? ,,finanznachrichten.de,https://www.finanznachrichten.de/nachrichten-2025-01/64309391-uebernehmen-chinesische-hersteller-deutsche-vw-werke-649.htm
KR,2025-01-16,До +5 градусов и гололедицу прогнозируют в Псковской области 17 января,,pln-pskov.ru,https://pln-pskov.ru/society/542593.html
KR,2025-01-16,"Heritage Family Offices LLP Purchases 5 , 332 Shares of Jacobs Solutions Inc . ( NYSE : J ) ",,modernreaders.com,https://www.modernreaders.com/news/2025/01/16/heritage-family-offices-llp-purchases-5332-shares-of-jacobs-solutions-inc-nysej.html
KR,2025-01-16,VAOL - Biden búcsúbeszéde,,vaol.hu,https://www.vaol.hu/orszag-vilag/2025/01/biden-bucsubeszede-amerikai-elnok-tavozik
KR,2025-01-16,有致癌風險 FDA禁食品用 「 三號紅 」 色素,,singtaousa.com,https://www.singtaousa.com/2025-01-16/%E6%9C%89%E8%87%B4%E7%99%8C%E9%A2%A8%E9%9A%AA-fda%E7%A6%81%E9%A3%9F%E5%93%81%E7%94%A8%E3%80%8C%E4%B8%89%E8%99%9F%E7%B4%85%E3%80%8D%E8%89%B2%E7%B4%A0/5116796
KR,2025-01-16,KAN Football Club Expands Commitment to Women Soccer,,lelezard.com,https://www.lelezard.com/en/news-21669904.html
KR,2025-01-16,捎话上两会 | 如何完善渔港码头基础设施建设 ？ 政协委员建议 ： 高位统筹规划综合性渔港建设 - 新闻中心 - 南海网,,hinews.cn,http://www.hinews.cn/news/system/2025/01/16/033254120.shtml
KR,2025-01-16,比亚迪正式登陆韩国乘用车市场,,finance.sina.com.cn,https://finance.sina.com.cn/stock/relnews/cn/2025-01-16/doc-inefesvt6016490.shtml
KR,2025-01-16,"Moartea lui Sorin Ștefan Zoltan . Un complice al fiului său , trimis în judecată la mai bine de un an de la crimă",,dcnews.ro,https://www.dcnews.ro/moartea-lui-sorin-stefan-zoltan-un-complice-al-fiului-sau-trimis-in-judecata-la-mai-bine-de-un-an-de-la-crima_983804.html
KR,2025-01-16,"Порошенко заявив , що його знову не випустили за кордон",,kp.ua,https://kp.ua/ua/politics/a704013-poroshenko-zajaviv-shcho-joho-znovu-ne-vipustili-za-kordon
KR,2025-01-16,Inflation biggest concern for Bangladesh in 2025 : WEF,,thedailystar.net,https://www.thedailystar.net/business/news/inflation-biggest-concern-bangladesh-2025-wef-3800871
KR,2025-01-16,متحدث الحكومة الإسرائيلية : لا اتفاق لوقف إطلاق النار حاليا وسنواصل سيطرتنا في غزة,,shorouknews.com,https://www.shorouknews.com/news/view.aspx?cdate=16012025&id=e3451677-acd9-44da-a7e9-49a7c3cf45e6
KR,2025-01-16,岂容打着疗愈幌子玩欺诈 - 国内要论 - 新乡网新闻中心,,news.xxrb.com.cn,https://news.xxrb.com.cn/html/2025/guanzhu_0116/399400.html
KR,2025-01-16,"Orla Mining Achieves Record Annual Gold Production , Meets Improved 2024 Production Guidance , and Announces Preliminary 2025 Guidance",,juniorminingnetwork.com,https://www.juniorminingnetwork.com/junior-miner-news/press-releases/1439-tsx/ola/173697-orla-mining-achieves-record-annual-gold-production-meets-improved-2024-production-guidance-and-announces-preliminary-2025-guidance.html
KR,2025-01-16,"Willy : appello bis , chiesto lergastolo per i fratelli Bianchi - Notizie",,ansa.it,https://www.ansa.it/lazio/notizie/2025/01/16/willy-appello-bis-chiesto-lergastolo-per-i-fratelli-bianchi_3d8f1c98-babe-4912-85e2-f09eb0e8d206.html
KR,2025-01-16,Standoff in South Africa ends with 87 miners dead and anger over police  smoke them out  tactics,,whig.com,https://www.whig.com/ap/international/standoff-in-south-africa-ends-with-87-miners-dead-and-anger-over-polices-smoke-them/article_80cf254f-6eb3-5f5f-b352-a21912765dff.html
KR,2025-01-16,"Омичи не раскупили более 2 тысяч хвойных деревьев , заготовленных лесхозами перед Новым годом",,newsomsk.ru,https://newsomsk.ru:443/news/149482-omichi_ne_raskupili_bolee_2_tsyach_xvoynx_derevev_/
KR,2025-01-16,14 - latka szukała cała Polska . Wsiadł do pociągu i przepadł . Zaskakujący finał,,fakt.pl,https://www.fakt.pl/wydarzenia/polska/wroclaw/14-latka-szukala-cala-polska-wsiadl-do-pociagu-i-przepadl-zaskakujacy-final/1n6yt8w
KR,2025-01-16,"Скончался уроженец Рыбинска , известный психолог Владимир Шадриков",,pda.yar.kp.ru,https://pda.yar.kp.ru/online/news/6182905/
KR,2025-01-16,Advisors Management Group Inc . ADV Decreases Stock Position in Enterprise Products Partners L . P . ( NYSE : EPD ) ,,modernreaders.com,https://www.modernreaders.com/news/2025/01/16/advisors-management-group-inc-adv-decreases-stock-position-in-enterprise-products-partners-l-p-nyseepd.html
KR,2025-01-16,Standoff in South Africa ends with 87 miners dead and anger over police  smoke them out  tactics,,fitzhugh.ca,https://www.fitzhugh.ca/world-news/standoff-in-south-africa-ends-with-87-miners-dead-and-anger-over-polices-smoke-them-out-tactics-10083863
KR,2025-01-16,Local Woman Scammed Into Sending Money to  Elon Musk  ,,kpel965.com,https://kpel965.com/louisiana-woman-scammed-elon-musk/
KR,2025-01-16,"A Cease Fire , A Surrender & Florida Victory in D . C . – Top 3 Takeaways | 1290 WJNO",,wjno.iheart.com,https://wjno.iheart.com/featured/brian-mudd/content/2025-01-16-a-cease-fire-a-surrender-floridas-victory-in-dc-top-3-takeaways/
KR,2025-01-16,Oil giant BP cuts thousands of jobs to slash costs,,tuko.co.ke,https://www.tuko.co.ke/business-economy/575656-oil-giant-bp-cuts-thousands-jobs-slash-costs/
KR,2025-01-16,"Rock project , garden designed to boost mental health in Waseca County",,southernminn.com,https://www.southernminn.com/waseca_county_news/news/rock-project-garden-designed-to-boost-mental-health-in-waseca-county/article_92700a3e-d1c9-11ef-baab-7fa269d3d138.html
KR,2025-01-16,New NCCN Patient Resource Shares Latest Understanding of Genetic Testing to Guide Patient Decision Making,,lelezard.com,https://www.lelezard.com/en/news-21670065.html
KR,2025-01-16,Водонапорной башней в Печорах интересуются инвесторы – Валерий Зайцев,,pln-pskov.ru,https://pln-pskov.ru/society/542568.html
KR,2025-01-16,"Bologna , i risultati ( eccellenti ) della zona a 30 km / h : in un anno - 13 % incidenti e nessun pedone ucciso",,ilmessaggero.it,https://www.ilmessaggero.it/italia/bologna_citta_30_chilometri_orari_zona_incidenti_pedoni_uccisi-8597339.html
KR,2025-01-16,"Elon Musk asegura que intervino para ayudar en la liberación de la periodista Cecilia Sala , según el  New York Times  ",,es.euronews.com,https://es.euronews.com/2025/01/16/elon-musk-asegura-que-intervino-para-ayudar-en-la-liberacion-de-la-periodista-cecilia-sala
KR,2025-01-16,Новини Львова : З російського полону на Львівщину повернулось двоє захисників,,galinfo.com.ua,https://galinfo.com.ua/news/z_rosiyskogo_polonu_na_lvivshchynu_povernulos_dvoie_zahysnykiv_429117.html
KR,2025-01-16,Великолучанку заключат под стражу за нападение с ножом на бывшего сожителя,,pln-pskov.ru,https://pln-pskov.ru/accidents/542591.html
KR,2025-01-16,Woman lost both millionaire husband and $850K after being scammed by fake Brad Pitt,,themarysue.com,https://www.themarysue.com/woman-lost-both-millionaire-husband-and-850k-after-being-scammed-by-fake-brad-pitt/
KR,2025-01-16,"Digandrungi Milenial dan Gen - Z , Layanan Pay Later Diramal Tumbuh 30 % di 2025",,liputan6.com,https://www.liputan6.com/saham/read/5883884/digandrungi-milenial-dan-gen-z-layanan-pay-later-diramal-tumbuh-30-di-2025
KR,2025-01-16,С сегодняшнего дня родные погибших из - за войны войны могут подать заявление о компенсации в Реестр убытков,,ukranews.com,https://ukranews.com/news/1058931-vid-sogodni-ridni-zagiblih-cherez-vijnu-mozhut-podati-zayavu-pro-kompensatsiyu-do-reyestru-zbitkiv
KR,2025-01-16,Прекинот на огнот во Газа е успех на Трамп или на Бајден ? – DW – 16 . 01 . 2025,,dw.com,https://www.dw.com/mk/prekinot-na-ognot-vo-gaza-e-uspeh-na-tramp-ili-posledno-golemo-delo-na-bajden/a-71313964
KR,2025-01-16,"Lauri Lyly Takon tehdasta uhkaavasta kohtalosta :  Toivon , että etsittäisiin aktiivisesti vaihtoehtoja sulkemisen sijaan  ",,demokraatti.fi,https://demokraatti.fi/lauri-lyly-takon-tehdasta-uhkaavasta-kohtalosta-toivon-etta-etsittaisiin-aktiivisesti-vaihtoehtoja-sulkemisen-sijaan
KR,2025-01-16,Акваспа и массажный кабинет оборудуют в новой гостинице в центре Пскова,,pln-pskov.ru,https://pln-pskov.ru/tourism/542604.html
KR,2025-01-16,Trump could declare an economic emergency to implement tariffs,,bangordailynews.com,https://www.bangordailynews.com/2025/01/16/opinion/opinion-contributor/donald-trump-national-emergency-tariffs-trade-congress-powers-delegation/
KR,2025-01-16,MLK Unity dinner to kick - off series of events to honor Dr . King,,yahoo.com,https://www.yahoo.com/news/mlk-unity-dinner-kick-off-120226103.html
KR,2025-01-16,В части домов в Центральном округе Омска отключат воду,,newsomsk.ru,https://newsomsk.ru:443/news/149490-v_chasti_domov_v_tsentralnom_okruge_omska_otklyuch/
KR,2025-01-16,Zedcor Inc . Announces Upsize of Bought Deal Public Offering,,finanznachrichten.de,https://www.finanznachrichten.de/nachrichten-2025-01/64309405-zedcor-inc-announces-upsize-of-bought-deal-public-offering-296.htm
KR,2025-01-16,"Premier American Uranium Secures Part Three Drilling Permit for the Cebolleta Project , New Mexico",,juniorminingnetwork.com,https://www.juniorminingnetwork.com/junior-miner-news/press-releases/3303-tsx-venture/pur/173716-premier-american-uranium-secures-part-three-drilling-permit-for-the-cebolleta-project-new-mexico.html
KR,2025-01-16,Výroba vozidiel v SR v minulom roku poklesla na 993 . 000 kusov | Ekonomika - Spravodajstvo | Články,,zivotpo.sk,https://www.zivotpo.sk/clanky/clanok/183280/V%C3%BDroba%20vozidiel%20v%20SR%20v%20minulom%20roku%20poklesla%20na%20993.000%20kusov/
KR,2025-01-16,"Lion dancers , martial - arts display and food mark Tacoma welcome to Year of the Snake",,yahoo.com,https://www.yahoo.com/news/lion-dancers-martial-arts-display-131500630.html
KR,2025-01-16,FYI Daily - ITV2 | TV Guide,,tvguide.co.uk,https://www.tvguide.co.uk/schedule/176874c8-f426-5c24-b5ed-56b3332aa1dc/fyi-daily
KR,2025-01-16,بوابه التعليم الاساسي نتائج الطلاب 2025 .. نتائج الصف الأول والثاني الإعدادي برقم الجلوس والاسم,,gate.el-balad.com,https://gate.el-balad.com/72109
KR,2025-01-16,Museoviraston nimi pian historiaa ? Taustalla virastouudistus,,verkkouutiset.fi,https://www.verkkouutiset.fi/a/museoviraston-nimi-pian-historiaa-taustalla-virastouudistus/
KR,2025-01-16,Экскаватор столкнулся с учебным автомобилем Skoda рядом с ГАИ в Пскове : Псковская Лента Новостей / ПЛН,,pln-pskov.ru,https://pln-pskov.ru/automir/aprois/badtp/542586.html
KR,2025-01-16,Бастрыкин потребовал доклад о выстреле в лицо омской школьнице,,newsomsk.ru,https://newsomsk.ru:443/news/149478-bastrkin_potreboval_doklad_o_vstrele_v_litso_omsko/
KR,2025-01-16,İrəvanın regonda son  nəfəsliyi : Nikol İranı ABŞ - nin ayağına verməyəcək,,sherg.az,https://sherg.az/region/288400
KR,2025-01-16,Kate Garraway forced to pause GMB chat as she says Martin Clunes is  falling apart  ,,somersetlive.co.uk,https://www.somersetlive.co.uk/news/celebs-tv/kate-garraway-forced-pause-gmb-9867654
KR,2025-01-16,Celil Yüksel :  Umarım Avrupa kupalarına da gideriz  ,,malatyaguncel.com,https://www.malatyaguncel.com/celil-yuksel-umarim-avrupa-kupalarina-da-gideriz-2695345h.htm
KR,2025-01-16,Budget clothing firm closing three united kingdom stores by end of month,,buxtonadvertiser.co.uk,https://www.buxtonadvertiser.co.uk/business/consumer/select-fashion-stores-clothing-closing-uk-january-full-list-locations-4946605
KR,2025-01-16,"Editorial : City Council should keep close watch on federal immigration enforcement , but much is yet unknown",,yahoo.com,https://www.yahoo.com/news/editorial-city-council-keep-close-132600426.html
KR,2025-01-16,Bride Wakes Up To Find A Love Confession From Her Male Best Friend :  I Just Feel Gross  ,,boredpanda.com,https://www.boredpanda.com/best-friend-confesses-love-bride-before-wedding/?cexp_id=114887&cexp_var=6&_f=homepage_featured
KR,2025-01-16,Dynatrace Extends Compliance and Resilience Capabilities to Support the Digital Operational Resilience Act ( DORA ) EU Regulation,,lelezard.com,https://www.lelezard.com/en/news-21670098.html
KR,2025-01-16,"Officers , medics respond to school bus crash in Moraine",,yahoo.com,https://www.yahoo.com/news/officers-medics-respond-school-bus-131753486.html
KR,2025-01-16,Titan Mining Announces Phase III Metallurgy Results and Outlines Plans for Natural Flake Graphite Processing Facility in New York State,,financialpost.com,https://financialpost.com/globe-newswire/titan-mining-announces-phase-iii-metallurgy-results-and-outlines-plans-for-natural-flake-graphite-processing-facility-in-new-york-state
KR,2025-01-16,"Sally Struthers Claims Betty White  Fat - Shamed  Her , Calls Her A  Very Passive - Aggressive Woman  ",,boredpanda.com,https://www.boredpanda.com/sally-struthers-reveals-betty-white-passive-aggressive-fat-shamed-her/?cexp_id=114896&cexp_var=7&_f=featured
KR,2025-01-16,VAOL - A Tisza Párt megalázó behódolása,,vaol.hu,https://www.vaol.hu/orszag-vilag/2025/01/tisza-part-ep-kepviselo-beszoktatas-neppart
KR,2025-01-16,"Skyharbour to Carry Out Multi - Phased , 2025 Drilling Campaign Totalling 16 - 18 , 000 Metres at its Russell Lake and Moore Uranium Projects , Saskatchewan",,finanzen.at,https://www.finanzen.at/nachrichten/aktien/skyharbour-to-carry-out-multi-phased-2025-drilling-campaign-totalling-16-18-000-metres-at-its-russell-lake-and-moore-uranium-projects-saskatchewan-1034234769
KR,2025-01-16,An immigration raid at a New Bedford factory in 2007 may preview possible Trump workplace actions,,bostonglobe.com,https://www.bostonglobe.com/2025/01/16/metro/trump-mass-deportations-new-bedford-raid-2007/
KR,2025-01-16,Crowds attend Paris memorial for far - right French leader Jean - Marie Le Pen,,breakingnews.ie,https://www.breakingnews.ie/world/crowds-attend-paris-memorial-for-far-right-french-leader-jean-marie-le-pen-1718437.html
KR,2025-01-16,چیمپئنز ٹرافی ، قومی کرکٹ ٹیم کیلئے بری خبر ، ایک اور اہم باؤلر زخمی,,dailyausaf.com,https://dailyausaf.com/pakistan/2025/01/16/101471/
KR,2025-01-16,Sturz im Vatikan : Papst Franziskus trägt Schlinge nach Armverletzung,,op-marburg.de,https://www.op-marburg.de/panorama/sturz-im-vatikan-papst-franziskus-traegt-schlinge-nach-armverletzung-AXGIGZ46PJMGTCMCFBUJ5776VQ.html
KR,2025-01-16,Bayern setzt sich an die Spitze der besten Games - Standorte in Deutschland,,mittelstandcafe.de,https://www.mittelstandcafe.de/bayern-setzt-sich-an-die-spitze-der-besten-games-standorte-in-deutschland-2146301.html
KR,2025-01-16,Realme 14 Pro Plus vs Redmi Note 14 Pro Plus vs Motorola Edge 50 Pro : The Battle of India Premium Mid - Range Smartphones ! - Gizbot News,,gizbot.com,https://www.gizbot.com/mobile/features/realme-14-pro-plus-vs-redmi-note-14-pro-plus-vs-motorola-edge-50-pro-battle-mid-range-smartphones-108287.html
KR,2025-01-16,"Hybrid Electric Vehicle Sales in the U . S . Set for 13 . 8 % CAGR Growth Through 2034 , Fact . MR Analysis",,einpresswire.com,https://www.einpresswire.com/article/777490760/hybrid-electric-vehicle-sales-in-the-u-s-set-for-13-8-cagr-growth-through-2034-fact-mr-analysis
KR,2025-01-16,The iconic Kellogg cockerel has turned into the united kingdom largest - ever weathervane,,buxtonadvertiser.co.uk,https://www.buxtonadvertiser.co.uk/read-this/the-iconic-kelloggs-cockerel-has-turned-into-the-uks-largest-ever-weathervane-4945991
KR,2025-01-16,"Teen Lifestyles Were Less Healthy in 2023 Compared to 2013 , CDC Report Shows",,gjsentinel.com,https://www.gjsentinel.com/lifestyle/health_and_wellness/teen-lifestyles-were-less-healthy-in-2023-compared-to-2013-cdc-report-shows/article_68f1df2d-8d10-5d2f-8de5-3388af2cf354.html
KR,2025-01-16,Житель Омской области сбил косулю снегоходом и скрылся,,newsomsk.ru,https://newsomsk.ru:443/news/149489-jitel_omskoy_oblasti_sbil_kosulyu_snegoxodom_i_skr/
KR,2025-01-16,Is Your Home Too Warm for Senior Brain Health ? ,,gjsentinel.com,https://www.gjsentinel.com/lifestyle/health_and_wellness/is-your-home-too-warm-for-seniors-brain-health/article_d21ad9d2-b122-5fe6-a728-7c751fc46451.html
KR,2025-01-16,Louisiana Man Wanted After Allegedly Posing As A Fake Attorney,,talkradio960.com,https://talkradio960.com/ixp/36/p/louisiana-man-posing-as-fake-attorney/
KR,2025-01-16,Top News Calciomercato Milan | Rashford che fai ? In difesa Walker e o Tah Poi un nome a sorpresa,,zazoom.it,https://www.zazoom.it/2025-01-16/top-news-calciomercato-milan-rashford-che-fai-in-difesa-walker-e-o-tah-poi-un-nome-a-sorpresa/16189068/
KR,2025-01-16,Pete Wicks : For Dog Sake,,tvguide.co.uk,https://www.tvguide.co.uk/schedule/d10e6703-d3bc-5a55-a2bc-bb276bd6665d/pete-wicks-for-dogs-sake
KR,2025-01-16,Bollywood star Saif Ali Khan stabbed in home invasion in Mumbai,,torontosun.com,https://torontosun.com/entertainment/celebrity/bollywood-star-saif-ali-khan-stabbed-in-home-invasion-in-mumbai
KR,2025-01-16,El gobierno municipal espera que la subida del canon del agua de la Junta repercuta en inversiones en Chiclana,,diariodecadiz.es,https://www.diariodecadiz.es/chiclana/gobierno-municipal-espera-subida-canon_0_2003152230.html
KR,2025-01-16,Po útoku žiaka na gymnáziu v Spišskej Starej Vsi sú dvaja mŕtvi . Útočníka chytili,,dennikn.sk,https://dennikn.sk/4410369/po-utoku-ziaka-na-gymnaziu-v-spisskej-starej-vsi-su-dvaja-mrtvi-a-jeden-ziak-je-v-kritickom-stave-utocnika-chytili/
KR,2025-01-16,Art arda yenilgiler sonrası iddiaların sonu gelmedi : Borussia Dortmundda Nuri Şahin kararı netleşti mi ? ,,anlatilaninotesi.com.tr,https://anlatilaninotesi.com.tr/20250116/art-arda-yenilgiler-sonrasi-iddialarin-sonu-gelmedi-borussia-dortmundda-nuri-sahin-karari-netlesti-1092750474.html
KR,2025-01-16,"Teenager stabbed , punched and kicked in transphobic attack lives  in fear of leaving ... ",,heart.co.uk,https://www.heart.co.uk/news/uk-world/teenager-stabbed-punched-and-kicked-in-transp/
KR,2025-01-16,Einblick in Lage an Ukraine - Front : Sanitäter berichtet von verheerenden Zuständen – und seiner Flucht,,merkur.de,http://www.merkur.de/politik/ukraine-krieg-deserteure-fahnenflucht-russland-selenskyj-putin-personalmangel-waffen-front-flucht-93518574.html
KR,2025-01-16,Philippines Confronts China Over Coast Guard Patrols Near Zambales in South China Sea Dispute – Archyde,,archyde.com,https://www.archyde.com/philippines-confronts-china-over-coast-guard-patrols-near-zambales-in-south-china-sea-dispute/
KR,2025-01-16,"Ukrainische Jugendliche über Trump , Musk , die AfD und das BSW",,faz.net,https://www.faz.net/aktuell/feuilleton/debatten/ukrainische-jugendliche-ueber-trump-musk-die-afd-und-das-bsw-110234772.html
KR,2025-01-16,"Formation Metals Announces Acquisition of N2 Property in Quebec Casa Berardi Gold Trend , Highlighting 810 , 000 oz Historical Gold Resource",,juniorminingnetwork.com,https://www.juniorminingnetwork.com/junior-miner-news/press-releases/3378-cse/fomo/173711-formation-metals-announces-acquisition-of-n2-property-in-quebec-s-casa-berardi-gold-trend-highlighting-810-000-oz-historical-gold-resource.html
KR,2025-01-16,Investigation team arrives to probe attack on Saif Ali Khan at his residence,,bignewsnetwork.com,https://www.bignewsnetwork.com/news/274949377/investigation-team-arrives-to-probe-attack-on-saif-ali-khan-at-his-residence
KR,2025-01-16, 【 世界说 】 美国数字鸿沟使原住民长期处于劣势 原住民群体 ： 十分担忧没有  数字  的未来 _ 腾讯新闻,,news.qq.com,https://news.qq.com/rain/a/20250116A05LH300
KR,2025-01-16,2025  in ilk toplu işten çıkarma haberi Microsofttan geldi ! ,,cnnturk.com,https://www.cnnturk.com/ekonomi/2025in-ilk-toplu-isten-cikarma-haberi-microsofttan-geldi-2221699
KR,2025-01-16,Trauma And Tragedy In City Of Angels : Covering Los Angeles Fires,,ndtv.com,https://www.ndtv.com/world-news/trauma-and-tragedy-in-city-of-angels-covering-los-angeles-fires-7487886
KR,2025-01-16,Another Young Gun signs first professional contract with Arsenal Women,,justarsenal.com,https://www.justarsenal.com/another-young-gun-signs-first-professional-contract-with-arsenal-women/385075
KR,2025-01-16,"Target Corporation Provides Holiday Sales Update , Announces Leadership Team Changes",,marketscreener.com,https://www.marketscreener.com/quote/stock/TARGET-CORPORATION-12291/news/Target-Corporation-Provides-Holiday-Sales-Update-Announces-Leadership-Team-Changes-48783820/
KR,2025-01-16,顧立雄 ： 首架F - 16C ／ D BLK70組裝完成 3月測試完畢 | ETtoday軍武新聞,,ettoday.net,https://www.ettoday.net/news/20250116/2893818.htm
KR,2025-01-16,高鈞賢宣布女兒出生 ！ 重磅B女輪廓似足爸爸 老婆患妊娠期高血壓開刀 ： 好緊張,,singtaousa.com,https://www.singtaousa.com/2025-01-16/%E9%AB%98%E9%88%9E%E8%B3%A2%E5%A5%B3%E5%85%92%E5%87%BA%E4%B8%96%E4%BA%86%EF%BC%81%E7%82%BA%E5%A5%B3%E5%85%92%E6%94%B9%E5%90%8D%E6%9C%89%E7%89%B9%E5%88%A5%E6%84%8F%E6%80%9D%EF%BC%9A%E4%BF%82%E4%B8%80/5116851
KR,2025-01-16,"Missouri prison deaths increase , bringing renewed calls for scrutiny",,fultonsun.com,https://www.fultonsun.com/news/2025/jan/16/missouri-prison-deaths-increase-bringing-renewed/
KR,2025-01-16,2025 Deepal S07 review,,portstephensexaminer.com.au,https://www.portstephensexaminer.com.au/story/8868672/2025-deepal-s07-review/?cs=34616
KR,2025-01-16,增长  引擎  动力足 ！ 多领域  火热  数据点  亮  中国经济 _ 新闻频道 _ 央视网 ( cctv . com ) ,,news.cctv.com,https://news.cctv.com/2025/01/16/ARTITqAAbpwCOMGdyM4AqJOz250116.shtml
KR,2025-01-16,Lüks aracın çarptığı otomobil hastane aciline girdi : O anlar kamerada,,malatyaguncel.com,https://www.malatyaguncel.com/luks-aracin-carptigi-otomobil-hastane-aciline-girdi-o-anlar-kamerada-2695341h.htm
KR,2025-01-16,Nebraska will consider changing rules to weaken filibuster,,theindependent.com,https://theindependent.com/news/state-regional/government-politics/nebraska-lawmakers-will-consider-changing-rules-to-weaken-filibuster/article_9f4b6f26-ae5b-5dce-accc-4ebe2dafda10.html
KR,2025-01-16,Global Uranium Scopes Geophysical Survey Plans in Wyoming Following Successful Datasets and Big Rock Engagement,,financialpost.com,https://financialpost.com/globe-newswire/global-uranium-scopes-geophysical-survey-plans-in-wyoming-following-successful-datasets-and-big-rock-engagement
KR,2025-01-16,Σχολιάζοντας την τοπική επικαιρότητα ( Νο 168 / 16 - 01 - 2025 ) ,,alithia.gr,https://www.alithia.gr/apopseis/sholiazontas-tin-topiki-epikairotita-no-168-16-01-2025
KR,2025-01-16,"Early Edition : January 16 , 2025",,justsecurity.org,https://www.justsecurity.org/106474/early-edition-january-16-2025/
KR,2025-01-16,马克谈天下 ( 487 ) 中国企业大出海的现状和未来 - markyang发表于 我的中国 - 论坛,,bbs.wenxuecity.com,https://bbs.wenxuecity.com/bbs/mychina/1092296.html
KR,2025-01-16,TikTok難民 ︱《 人民日報 》 銳見 ： 深切體會什麼叫大勢人心,,singtaousa.com,https://www.singtaousa.com/2025-01-16/tiktok%E9%9B%A3%E6%B0%91%EF%B8%B1%E3%80%8A%E4%BA%BA%E6%B0%91%E6%97%A5%E5%A0%B1%E3%80%8B%E9%8A%B3%E8%A6%8B%EF%BC%9A%E6%B7%B1%E5%88%87%E9%AB%94%E6%9C%83%E4%BB%80%E9%BA%BC%E5%8F%AB%E5%A4%A7%E5%8B%A2/5116888
KR,2025-01-16,Invesco Russell 1000 Dynamic Multifactor ETF ( BATS : OMFL ) Shares Acquired by Financial Enhancement Group LLC,,theenterpriseleader.com,https://theenterpriseleader.com/2025/01/16/invesco-russell-1000-dynamic-multifactor-etf-batsomfl-shares-acquired-by-financial-enhancement-group-llc.html
KR,2025-01-16,Tuğçe Tayfurdan duygu dolu paylaşım ! - Haber Ekspres - İzmir Haberleri - Son Dakika Haberleri,,haberekspres.com.tr,https://www.haberekspres.com.tr/tugce-tayfurdan-duygu-dolu-paylasim
KR,2025-01-16,Standoff in South Africa ends with 87 miners dead and anger over police  smoke them out  tactics,,delta-optimist.com,https://www.delta-optimist.com/world-news/standoff-in-south-africa-ends-with-87-miners-dead-and-anger-over-polices-smoke-them-out-tactics-10083865
KR,2025-01-16,"China Vanke CEO taken away by authorities , state media reports",,straitstimes.com,https://www.straitstimes.com/asia/china-vankes-ceo-taken-away-by-authorities-state-media-reports
KR,2025-01-16,Wie KI Verbrecher erfolgreicher machen kann – und wieso die Polizei hinterherhinkt,,lvz.de,https://www.lvz.de/panorama/wie-ki-verbrecher-erfolgreicher-machen-kann-und-wieso-die-polizei-hinterherhinkt-NO54FHDKRBCOHNCFFQXKWK2ER4.html
KR,2025-01-19,Thiès : Birame Soulèye Diop déplore la gestion catastrophique du pays par Macky Sall,,seneweb.com,https://www.seneweb.com/news/Politique/thies-birame-souleye-diop-deplore-la-ges_n_460975.html
KR,2025-01-19,Plötzlich ruckelte der Lift - Unfall in spanischem Skigebiet,,berchtesgadener-anzeiger.de,"https://www.berchtesgadener-anzeiger.de/startseite_artikel,-ploetzlich-ruckelte-der-lift-unfall-in-spanischem-skigebiet-_arid,919191.html"
KR,2025-01-19,Eli Lilly and Company ( NYSE : LLY ) Shares Bought by B & T Capital Management DBA Alpha Capital Management,,wkrb13.com,https://www.wkrb13.com/2025/01/19/eli-lilly-and-company-nyselly-shares-bought-by-b-t-capital-management-dba-alpha-capital-management.html
KR,2025-01-19,"Days of Our Lives Monday , January 20 Update : Bonnie Elevator Horror – Leo Rats Out Kerry – Kate Lays Down the Law",,celebdirtylaundry.com,https://www.celebdirtylaundry.com/2025/days-of-our-lives-monday-january-20-update-bonnies-elevator-horror-leo-rats-out-kerry-kate-lays-down-the-law/
KR,2025-01-19,Світло в Донецькій області - у низці міст відсутнє електропостачання - 19 січня 2025 :: Новости Донбасса,,novosti.dn.ua,https://novosti.dn.ua/news/389210-u-nyztsi-mist-donechchyny-nemaye-svitla-ta-vody
KR,2025-01-19,Who are the Israelis released or recovered on the first day of the ceasefire ? ,,clickorlando.com,https://www.clickorlando.com/news/world/2025/01/19/who-are-the-israelis-released-or-recovered-on-the-first-day-of-the-ceasefire/
KR,2025-01-19,50 Examples Of The American Healthcare System That Might Shock The Rest Of The World,,boredpanda.com,https://www.boredpanda.com/worst-american-healthcare-experiences/?cexp_id=114966&cexp_var=39&_f=homepage_featured
KR,2025-01-19,Sanibel Captiva Trust Company Inc . Reduces Stake in U . S . Bancorp ( NYSE : USB ) ,,modernreaders.com,https://www.modernreaders.com/news/2025/01/19/sanibel-captiva-trust-company-inc-reduces-stake-in-u-s-bancorp-nyseusb.html
KR,2025-01-19,TikTok ban | US ban of TikTok began Sunday . Here what could come next,,abc7ny.com,https://abc7ny.com/post/tiktok-ban-us-began-sunday-heres-what-could-come/15815952/
KR,2025-01-19,长三角青年宣讲员齐聚湖州共研共话一体化 - 新华网,,zj.xinhuanet.com,http://www.zj.xinhuanet.com/20250119/08e62befa8b64f13bd809438c7f4273e/c.html
KR,2025-01-19,"Tin xe máy 19 / 1 :  Xe số quốc dân  125cc mới giá 30 triệu đồng ra mắt , hạ đo ván Honda Future và RSX",,techz.vn,https://www.techz.vn/178-125-5-tin-xe-may-19-1-xe-so-quoc-dan-125cc-moi-gia-30-trieu-dong-ra-mat-ha-do-van-honda-future-va-rsx-ylt640003.html
KR,2025-01-19,Una esperanza para el alzhéimer | Noticias Diario de Ávila,,diariodeavila.es,https://www.diariodeavila.es/noticia/zee4ea9c8-d7d1-bcba-623044e67132d6a3/202501/una-esperanza-para-el-alzheimer
KR,2025-01-19,"Sandy Cove Advisors LLC Has $361 , 000 Stake in Emerson Electric Co . ( NYSE : EMR ) ",,dailypolitical.com,https://www.dailypolitical.com/2025/01/19/sandy-cove-advisors-llc-has-361000-stake-in-emerson-electric-co-nyseemr.html
KR,2025-01-19,"Niezłe wiadomości dla deponentów : inflacja stabilna , stopy NBP też",,parkiet.com,https://www.parkiet.com/oszczedzanie/art41697451-niezle-wiadomosci-dla-deponentow-inflacja-stabilna-stopy-nbp-tez
KR,2025-01-19,एमसीयू के रीवा परिसर ने योग्य अतिथि शिक्षकों को बाहर करने रचा षडयंत्र,,navabharat.com,https://navabharat.com/?p=150557
KR,2025-01-19,"United Rentals , Inc . ( NYSE : URI ) Shares Sold by Wedge Capital Management L L P NC",,modernreaders.com,https://www.modernreaders.com/news/2025/01/19/united-rentals-inc-nyseuri-shares-sold-by-wedge-capital-management-l-l-p-nc.html
KR,2025-01-19,پاکستان رواں سال جون تک پانڈا بانڈ جاری کرے گا ، وفاقی وزیر خزانہ - Business,,dawnnews.tv,https://www.dawnnews.tv/news/1251099
KR,2025-01-19,"Eric Carmen Pop Genius , Sad Decline , and Unexplained Death",,rollingstone.com,https://www.rollingstone.com/music/music-features/eric-carmen-songs-marriage-death-1235230611/
KR,2025-01-19,"Romano Brothers AND Company Sells 215 Shares of Digital Realty Trust , Inc . ( NYSE : DLR ) ",,themarketsdaily.com,https://www.themarketsdaily.com/2025/01/19/romano-brothers-and-company-sells-215-shares-of-digital-realty-trust-inc-nysedlr.html
KR,2025-01-19,Child bicyclist killed by drunk driver in Orange County,,yahoo.com,https://www.yahoo.com/news/child-bicyclist-killed-drunk-driver-134459700.html
KR,2025-01-19,TFF 2 . Lig Beyaz Grup ; 24Erzincanspor - Altayspor : 3 - 1,,malatyaguncel.com,https://www.malatyaguncel.com/tff-2-lig-beyaz-grup-24erzincanspor-altayspor-3-1-2697137h.htm
KR,2025-01-19,Coronation Street icon latest to sign new contract amid major cast changes,,radiotimes.com,https://www.radiotimes.com/tv/soaps/coronation-street/coronation-street-simon-gregson-steve-mcdonald-new-contract-newsupdate/
KR,2025-01-19,"Kako je Đorđe Balašević slavio Bogojavljenje sa porodicom , priča o Bogojavljenskoj noći",,zena.blic.rs,https://zena.blic.rs/puls-poznatih/kako-je-djordje-balasevic-slavio-bogojavljenje-sa-porodicom-prica-o-bogojavljenskoj/qhebzf4
KR,2025-01-19,20 Yanvar tarixində metropolitenin iş rejiminə dəyişikliklər ediləcək,,news.day.az,https://news.day.az/azerinews/1723963.html
KR,2025-01-19,Apple y Google eliminan TikTok de sus tiendas – Telemundo McAllen ( 40 ) ,,telemundo40.com,https://www.telemundo40.com/especiales/claro-y-simple/cnbc-apple-google-eliminan-tiktok-tiendas-app-eeuu/2418766/
KR,2025-01-19,Polianta Ltd Increases Holdings in United States Steel Co . ( NYSE : X ) ,,modernreaders.com,https://www.modernreaders.com/news/2025/01/19/polianta-ltd-increases-holdings-in-united-states-steel-co-nysex.html
KR,2025-01-19,Selective Wealth Management Inc . Reduces Position in Visa Inc . ( NYSE : V ) ,,modernreaders.com,https://www.modernreaders.com/news/2025/01/19/selective-wealth-management-inc-reduces-position-in-visa-inc-nysev.html
KR,2025-01-19,Small businesses abruptly learn the limits of their insurance after fires and floods,,yahoo.com,https://www.yahoo.com/news/small-businesses-abruptly-learn-limits-140000907.html
KR,2025-01-19,"Medio Oriente , Papa  Rispettare tregua e giungere a soluzione due Stati  - Notizie dallItalia e dal mondo",,laprovinciaunicatv.it,https://www.laprovinciaunicatv.it/stories/italpress-news/medio-oriente-papa-rispettare-tregua-giungere-soluzione-due-stati-o_2771432_11/
KR,2025-01-19,Devojčica Ognjenka Rašić ( 11 ) iz Kovina dobila novu kuću na Bogojavljenje,,zena.blic.rs,https://zena.blic.rs/porodica/devojcica-ognjenka-rasic-11-iz-kovina-dobila-novu-kucu-na-bogojavljenje/gsk5be2
KR,2025-01-19, « آيفون17 » المنتظر .. تحدّي القوة والنحافة معاً من « آبل » ,,libyaakhbar.com,https://www.libyaakhbar.com/world-news/2510830.html
KR,2025-01-19,"What to watch at Trump inauguration : Big Tech CEOs , Carrie Underwood and foreign leaders",,wsbradio.com,https://www.wsbradio.com/news/politics/what-watch-trumps/QCI46R3WSNEXJKSMI6VN5HHHTA/
KR,2025-01-19,It inauguration eve and Trump is ready to revel in his return to power,,clickorlando.com,https://www.clickorlando.com/news/politics/2025/01/19/its-inauguration-eve-and-trump-is-ready-to-revel-in-his-return-to-power/
KR,2025-01-19,LIVE RADAR : Thunder and lightning before arctic air blasts Central Florida,,clickorlando.com,https://www.clickorlando.com/weather/2025/01/19/thunder-and-lightning-before-arctic-air-blasts-central-florida/
KR,2025-01-19,SLAVLJE U GAZI NAKON DOGOVORENOG PRIMIRJA Bosnjaci . Net,,bosnjaci.net,http://www.bosnjaci.net/prilog.php?rid=1&pid=82904&SLAVLJE%20U%20GAZI%20NAKON%20DOGOVORENOG%20PRIMIRJA
KR,2025-01-19,Pro - Palestinian rallies welcome long - awaited ceasefire,,katherinetimes.com.au,https://www.katherinetimes.com.au/story/8869983/pro-palestinian-rallies-welcome-long-awaited-ceasefire/
KR,2025-01-19,Yılmazdan Uludereliler Derneğine ziyaret,,malatyaguncel.com,https://www.malatyaguncel.com/yilmazdan-uludereliler-dernegine-ziyaret-2697118h.htm
KR,2025-01-19,"بواقع 106 . 4 ألف دولار لكل مواطن .. الدين الأمريكي يلامس 36 , 174 تريليون دولار",,libyaakhbar.com,https://www.libyaakhbar.com/business-news/2510796.html
KR,2025-01-19,Konyada evinde cansız bedeni bulunmuştu ! 48 yaşındaki sağlık çalışının ölüm nedeni belli oldu,,konhaber.com,https://www.konhaber.com/guncel/konya_da_evinde_cansiz_bedeni_bulunmustu_48_yasindaki_saglik_calisinin_olum_nedeni_belli_oldu-1958373h
KR,2025-01-19,尹锡悦19日正式进入拘留所,,news.ycwb.com,https://news.ycwb.com/2025-01/19/content_53192928.htm
KR,2025-01-19,"বর্তমান পত্রিকা : Bartaman Patrika | West Bengal frontliner Newspaper | Latest Bengali News , এই মুহূর্তে বাংলা খবর",,bartamanpatrika.com,https://bartamanpatrika.com/bidhesh/cid/15/detail-news/id/616155
KR,2025-01-19,Προετοιμασίες στο Ισραήλ για την υποδοχή των πρώτων ομήρων μετά την εκεχειρία,,skai.gr,https://www.skai.gr/news/world/proetoimasies-sto-israil-gia-tin-ypodoxi-ton-proton-omiron-meta-tin-ekexeiria
KR,2025-01-19,  อิสราเอล - ฮามาส  เริ่มข้อตกลงหยุดยิงหลังล่าช้าร่วม 3 ชั่วโมง,,thaipbs.or.th,https://www.thaipbs.or.th/news/content/348339
KR,2025-01-19,黄仁勋现身北京 ！ 透露了两条重要消息,,nbd.com.cn,https://www.nbd.com.cn/articles/2025-01-19/3727629.html
KR,2025-01-19,Hamas :  İsrailin serbest bırakılacak 90 mahkumun isimlerini teslim etmesi bekleniyor  ,,malatyaguncel.com,https://www.malatyaguncel.com/hamas-israilin-serbest-birakilacak-90-mahkumun-isimlerini-teslim-etmesi-bekleniyor-2697112h.htm
KR,2025-01-19,"Deputies searching for man suspected in hit - and - run , stabbing off - duty GA police officer",,wsbtv.com,https://www.wsbtv.com/news/local/rockdale-county/deputies-searching-man-suspected-hit-and-run-stabbing-off-duty-ga-police-officer/JHYF4VKFN5HXNO5NOPZTZVRF2E/
KR,2025-01-19,Άννα Βίσση : Μια από τις πρώτες τηλεοπτικές εμφανίσεις της τραγουδίστριας το 1973,,skai.gr,https://www.skai.gr/news/entertainment/anna-vissi-mia-apo-tis-protes-tileoptikes-emfaniseis-tis-tragoudistrias-to-1973
KR,2025-01-19,How quickly Trump will be able to carry out his mass deportation plan depends on these factors,,yahoo.com,https://www.yahoo.com/news/quickly-trump-able-carry-mass-140000011.html
KR,2025-01-19,Caltagirone va alla guerra su generali . sul suo  messaggero  attacca laccordo con natixis e ... ,,dagospia.com,https://www.dagospia.com/business/caltagirone-guerra-generali-suo-messaggero-attacca-l-accordo-natixis-421710
KR,2025-01-19,BŞEÜ  de minik öğrencilere  Materyal Geliştirme ve Uygulama  etkinliği düzenlendi,,malatyaguncel.com,https://www.malatyaguncel.com/bseude-minik-ogrencilere-materyal-gelistirme-ve-uygulama-etkinligi-duzenlendi-2697109h.htm
KR,2025-01-19,N . B . news : Mystery brain disease patients welcome new investigation,,toronto.ctvnews.ca,https://toronto.ctvnews.ca/atlantic/new-brunswick/article/good-first-step-nb-mystery-brain-disease-patients-welcome-new-investigation/
KR,2025-01-19,Lembra dela ?  Mini Gloria Maria  fará jornalismo após tirar 960 na redao do Enem,,istoe.com.br,https://istoe.com.br/lembra-dela-mini-gloria-maria-fara-jornalismo-apos-tirar-960-na-redacao-do-enem/
KR,2025-01-19,Perkins Coie Trust Co Buys New Position in iShares S & P 500 Value ETF ( NYSEARCA : IVE ) ,,dailypolitical.com,https://www.dailypolitical.com/2025/01/19/perkins-coie-trust-co-buys-new-position-in-ishares-sp-500-value-etf-nysearcaive.html
KR,2025-01-19,Elvedina Muzaferija nastavlja potragu za bodovima u Cortini,,24sata.info,http://24sata.info/elvedina-muzaferija-nastavlja-potragu-za-bodovima-u-cortini/
KR,2025-01-19,Épargne salariale : comment faire fructifier vos revenus dès maintenant ? ,,econostrum.info,https://econostrum.info/epargne-salariale-fructifier-vos-revenus/
KR,2025-01-19,Ranking the best Miami Dolphins of 2024 and why Tua Tagovailoa isnt included,,phinphanatic.com,https://phinphanatic.com/ranking-best-miami-dolphins-2024-tua-tagovailoa
KR,2025-01-19,How TikTok grew from a fun app for teens into a potential national security threat,,wsbradio.com,https://www.wsbradio.com/news/how-tiktok-grew-fun/GK6ZGECRHZI45OCB6XX5ZEJLHY/
KR,2025-01-19,Gwagwalada residents laud Wike rural transformation projects National Accord Newspaper,,nationalaccordnewspaper.com,https://www.nationalaccordnewspaper.com/gwagwalada-residents-laud-wikes-rural-transformation-projects/
KR,2025-01-19,"Romano Brothers AND Company Purchases Shares of 28 , 185 Lam Research Co . ( NASDAQ : LRCX ) ",,dailypolitical.com,https://www.dailypolitical.com/2025/01/19/romano-brothers-and-company-purchases-shares-of-28185-lam-research-co-nasdaqlrcx.html
KR,2025-01-19,"Mesut Bakkal :  Çalıştığımızın , emeğimizin karşılığını alan bir takım var  ",,malatyaguncel.com,https://www.malatyaguncel.com/mesut-bakkal-calistigimizin-emegimizin-karsiligini-alan-bir-takim-var-2697119h.htm
KR,2025-01-19,至少11款字节系应用程序已从美国苹果商店下架,,news.ycwb.com,https://news.ycwb.com/2025-01/19/content_53192889.htm
KR,2025-01-19,Pazaryolundaki Eşsiz Sis Bulutu Time Lapse Tekniğiyle Kaydedildi,,haberler.com,https://www.haberler.com/kultur-sanat/pazaryolu-ndaki-essiz-sis-bulutu-time-lapse-teknigiyle-kaydedildi-18279160-haberi/
KR,2025-01-19,TikTok goes dark in US as Trump seeks reprieve from ban,,spacedaily.com,https://www.spacedaily.com/afp/250119134422.2kzyc7sd.html
KR,2025-01-19,陈志平谈书法乱象背景 礼乐视角下的书法演变 _ 新闻频道 _ 中华网,,news.china.com,https://news.china.com/socialgd/10000169/20250119/47886916.html
KR,2025-01-19,南部战区带弹位南海战备警巡 常态化巡逻引关注 _ 新闻频道 _ 中华网,,news.china.com,https://news.china.com/socialgd/10000169/20250119/47886924.html
KR,2025-01-19,Великий науковий проєкт « Харків . 17 розмов про незламність » » Харків Новини Онлайн,,news.kh.ua,https://news.kh.ua/kharkov/anons/50062-velykyi-naukovyi-proiekt-kharkiv-17-rozmov-pro-nezlamnist.html
KR,2025-01-19,80 Times Crochet Enthusiasts Created Masterpieces That Wowed People Online ( New Pics ) ,,boredpanda.com,https://www.boredpanda.com/beautiful-crochet-design-reddit-pics/?cexp_id=114968&cexp_var=82&_f=homepage_featured
KR,2025-01-19,TikTok rend inaccessible son réseau social aux Etats - Unis mais compte sur  une solution  Trump,,seneweb.com,https://www.seneweb.com/news/Technologie/tiktok-rend-inaccessible-son-reseau-soci_n_460965.html
KR,2025-01-19,В восьми областях Украины объявили воздушную тревогу,,ria.ru,https://ria.ru/20250119/ukraina-1994490253.html
KR,2025-01-19,黄国昌给  蔡壁如派  下马威 党内竞争白热化 _ 新闻频道 _ 中华网,,news.china.com,https://news.china.com/socialgd/10000169/20250119/47886930.html
KR,2025-01-19,"Send Hindi News , Send News In Hindi - Amarujala . com",,amarujala.com,https://www.amarujala.com/tags/send?text=https:/www.amarujala.com/uttar-pradesh/gonda/former-mp-brij-bhushan-sharan-singh-said-bjp-will-win-milkipur-elections-he-also-attacked-arvind-kejriwal-2025-01-19
KR,2025-01-19,Telekom warnt Kunden vor Phishing - Mails : Betrugsmasche mit Treuepunkten,,goettinger-tageblatt.de,https://www.goettinger-tageblatt.de/digital/telekom-warnt-kunden-vor-phishing-mails-betrugsmasche-mit-treuepunkten-XBMAKYBAWNGMHAEPSQD6UF6VKA.html
KR,2025-01-19,El papel clave de La Caixa en el terremoto empresarial de Telefónica,,hoy.es,https://www.hoy.es/economia/papel-clave-caixa-terremoto-empresarial-telefonica-20250119152012-ntrc.html
KR,2025-01-19,Donald Tramp poslao poruku : Sačuvajte Tiktok ! ,,rtvbn.com,https://rtvbn.com/4070831/donald-tramp-poslao-poruku-sacuvajte-tiktok
KR,2025-01-19,Topman Tata Steel Nederland : fabriek moet verkleinen als transitie niet lukt,,bnr.nl,https://www.bnr.nl/nieuws/economie/10565216/topman-tata-steel-nederland-fabriek-moet-verkleinen-als-transitie-niet-lukt
KR,2025-01-19,My Son Tesla Model 3 Seats Burned From the Inside Out After the Heating Coils Warmed Up Excessively – Tesla Told Me to Call 911,,torquenews.com,https://www.torquenews.com/11826/my-sons-tesla-model-3-seats-burned-inside-out-after-heating-coils-warmed-excessively-tesla
KR,2025-01-19,Neil de Beer lambasts  insulting & idiocractic  SA politicians … ,,biznews.com,https://www.biznews.com/interviews/2025/01/19/neil-de-beer-lambasts-sa-politicians
KR,2025-01-19,BizNews brainteaser – Ian Trivialus 19 January 2025,,biznews.com,https://www.biznews.com/light/2025/01/19/biznews-brainteaser-ians-trivialus-19-january-2025
KR,2025-01-19,Konyada tüfek elinde patlayan avcı yaralandı,,konhaber.com,https://www.konhaber.com/guncel/konya_da_tufek_elinde_patlayan_avci_yaralandi-1958380h
KR,2025-01-19,"Deputies searching for man suspected in hit - and - run , stabbing off - duty GA police officer",,yahoo.com,https://www.yahoo.com/news/deputies-searching-man-suspected-hit-135747857.html
KR,2025-01-19,"Плести сітки , шити одяг , готувати : волонтери закликають українців допомагати ЗСУ – як саме",,5.ua,https://www.5.ua/suspilstvo/plesty-sitky-shyty-odiah-hotuvaty-volontery-zaklykaiut-ukraintsiv-dopomahaty-zsu-iak-same-342924.html
KR,2025-01-19,"Medio Oriente , in vigore il cessate il fuoco a Gaza - Notizie dallItalia e dal mondo",,laprovinciaunicatv.it,https://www.laprovinciaunicatv.it/stories/italpress-news/medio-oriente-vigore-cessate-fuoco-gaza-o_2771408_11/
KR,2025-01-19,Ice rescue : Driver pulled from Rideau River after vehicle fell through ice,,toronto.ctvnews.ca,https://toronto.ctvnews.ca/ottawa/article/driver-rescued-from-rideau-river-after-vehicle-fell-through-ice/
KR,2025-01-19,Армія РФ вбила мирного жителя Херсонщини новини LB . ua,,lb.ua,https://lb.ua/society/2025/01/19/656053_rosiyani_obstrilyali_chervoniy_mayak.html
KR,2025-01-19,Lebedev London Live TV channel closes after decade of mounting losses | Local TV,,theguardian.com,https://www.theguardian.com/media/2025/jan/19/lebedevs-london-live-tv-channel-closes-after-decade-of-mounting-losses
KR,2025-01-19,Ateşkesin ardından yardım tırları Gazzeye giriyor,,konhaber.com,https://www.konhaber.com/dunya/ateskesin_ardindan_yardim_tirlari_gazze_ye_giriyor-1958390h
KR,2025-01-19,亚冬会｜雪上赛区准备得怎么样了 ？ ,,news.ycwb.com,https://news.ycwb.com/2025-01/19/content_53193013.htm
KR,2025-01-19,"Ameriprise Financial , Inc . ( NYSE : AMP ) Shares Sold by TruWealth Advisors LLC",,dailypolitical.com,https://www.dailypolitical.com/2025/01/19/ameriprise-financial-inc-nyseamp-shares-sold-by-truwealth-advisors-llc.html
KR,2025-01-19,Iran unveils  secret  underground naval base 500 metres below sea level,,dailystar.co.uk,https://www.dailystar.co.uk/news/world-news/iran-unveils-secret-underground-naval-34509450
KR,2025-01-19,"Futuros del Dow Jones : Se avecina la inauguración de Trump ; La moneda meme $TRUMP se dispara , TikTok se oscurece – Periódico HOY",,hoy.com.ni,https://www.hoy.com.ni/2025/01/19/futuros-del-dow-jones-se-avecina-la-inauguracion-de-trump-la-moneda-meme-trump-se-dispara-tiktok-se-oscurece/
KR,2025-01-19,Διπλό  δίχτυ προστασίας  για υποψήφιους αγοραστές ακινήτων - Πώς δεν θα ... ,,thetoc.gr,https://www.thetoc.gr/oikonomia/article/diplo-dixtu-prostasias-gia-upopsifious-agorastes-akiniton---pos-den-tha-plirosete-perissotera/
KR,2025-01-19,Sprott Copper Miners ETF ( NASDAQ : COPP ) Sees Significant Increase in Short Interest,,wkrb13.com,https://www.wkrb13.com/2025/01/19/sprott-copper-miners-etf-nasdaqcopp-sees-significant-increase-in-short-interest.html
KR,2025-01-19,  Σπίτι μου 2 : Τα ψιλά γράμματα στις αιτήσεις - Παραδείγματα,,thetoc.gr,https://www.thetoc.gr/oikonomia/article/spiti-mou-2-ta-psila-grammata-stis-aitiseis/
KR,2025-01-19,Missing TikTok ? Continue watching our viral content right here,,dailymail.co.uk,https://www.dailymail.co.uk/news/article-14297851/Missing-TikTok-Continue-watching-viral-content-dailymail.html
KR,2025-01-19,Here Where New Yorkers Can Watch Donald Trump Presidential Inauguration,,1045theteam.com,https://1045theteam.com/ixp/79/p/stream-trump-inauguration-in-new-york/
KR,2025-01-19,Αυτοί είναι οι 33 όμηροι που θα απελευθερωθούν στην πρώτη φάση της συμφωνίας Ισραήλ - Χαμάς,,skai.gr,https://www.skai.gr/news/world/aytoi-einai-oi-33-omiroi-pou-tha-apeleytherothoun-stin-proti-fasi-tis-symfonias-israil-xam
KR,2025-01-19,小红书正式上线一键翻译功能 ， YYDS等热梗也能翻 ， 目前支持  纯外文内容  ,,news.ycwb.com,https://news.ycwb.com/2025-01/19/content_53192842.htm
KR,2025-01-19,"Southwest , Alaska Airlines , JetBlue lead airlines in customer satisfaction",,eturbonews.com,https://eturbonews.com/southwest-alaska-airlines-jetblue-lead-airlines-in-customer-satisfaction/
KR,2025-01-19,Vonn falls in Cortina as Brignone takes World Cup win,,easternriverinachronicle.com.au,https://www.easternriverinachronicle.com.au/story/8870357/vonn-falls-in-cortina-as-brignone-takes-world-cup-win/?cs=6364
KR,2025-01-19,AK Parti Kayseri Gençlik Kolları Başkanı Danacı oldu,,malatyaguncel.com,https://www.malatyaguncel.com/ak-parti-kayseri-genclik-kollari-baskani-danaci-oldu-2697125h.htm
KR,2025-01-19,Зеленский ввел санкции против 18 политиков и культурных деятелей,,ria.ru,https://ria.ru/20250119/ukraina-1994489467.html
KR,2025-01-19,Donald Trump says  save TikTok  after it goes dark for nearly 170 million US users : Can he overturn the ban ? ,,economictimes.indiatimes.com,https://economictimes.indiatimes.com/news/international/global-trends/donald-trump-says-save-tiktok-after-it-goes-dark-for-nearly-170-million-us-users-can-he-overturn-the-ban/articleshow/117374844.cms
KR,2025-01-19,"Estonia solicită Europei să interzică TikTok , urmând exemplul SUA : „ Nu este un mijloc de informare în masă , ci o armă de influență  – Ziarul de Gardă",,zdg.md,https://www.zdg.md/stiri/stiri-externe/estonia-solicita-europei-sa-interzica-tiktok-urmand-exemplul-sua-nu-este-un-mijloc-de-informare-in-masa-ci-o-arma-de-influenta/
KR,2025-01-19,Cagliari Lecce 0 - 0 LIVE | occasione per i rossoblù ma Felici manca il tap in,,zazoom.it,https://www.zazoom.it/2025-01-19/cagliari-lecce-0-0-live-occasione-per-i-rossoblu-ma-felici-manca-il-tap-in/16207652/
KR,2025-01-19,Siyah Kalp dizisinin setinde kavga çıkmıştı ! Ünlü oyuncu diziden ayrılma kararı aldı,,yasemin.com,https://www.yasemin.com/magazin/haber/3027835-siyah-kalp-dizisinin-setinde-kavga-cikmisti-unlu-oyuncu-diziden-ayrilma-karari-aldi
KR,2025-01-19,Djokovic and Alcaraz to meet in clash of the titans,,easternriverinachronicle.com.au,https://www.easternriverinachronicle.com.au/story/8870348/djokovic-and-alcaraz-to-meet-in-clash-of-the-titans/?cs=6364
KR,2025-01-19,Η Exxon Mobil ξεκινά γεωτρήσεις για φυσικό αέριο στην κυπριακή ΑΟΖ,,thetoc.gr,https://www.thetoc.gr/oikonomia/539620/i-exxon-mobil-xekina-geotriseis-gia-fusiko-aerio-stin-kupriaki-aoz
KR,2025-01-19,Ice rescue : Driver pulled from Rideau River after vehicle fell through ice,,ottawa.ctvnews.ca,https://ottawa.ctvnews.ca/ottawa/article/driver-rescued-from-rideau-river-after-vehicle-fell-through-ice/
KR,2025-01-19,Kidnapped NYSC corps member recounts ordeal in captor den National Accord Newspaper,,nationalaccordnewspaper.com,https://www.nationalaccordnewspaper.com/kidnapped-nysc-corps-member-recounts-ordeal-in-captors-den/
KR,2025-01-19,Schwab U . S . Large - Cap Value ETF ( NYSEARCA : SCHV ) Shares Purchased by Riversedge Advisors LLC,,wkrb13.com,https://www.wkrb13.com/2025/01/19/schwab-u-s-large-cap-value-etf-nysearcaschv-shares-purchased-by-riversedge-advisors-llc.html
KR,2025-01-19,У Дніпрі відділення політравми відновило роботу після удару російської ракети у лікарню,,5.ua,https://www.5.ua/regiony/u-dnipri-viddilennia-politravmy-vidnovylo-robotu-pislia-vluchennia-rosiiskoi-rakety-u-likarniu-342905.html
KR,2025-01-19,New Update : Here How Much Snow To Expect As Major Winter Storm Slams Northeast,,dailyvoice.com,https://dailyvoice.com/ny/southampton/new-update-heres-how-much-snow-to-expect-from-potent-winter-storm/
KR,2025-01-19,Polianta Ltd Has $15 . 32 Million Stake in iShares MSCI Switzerland ETF ( NYSEARCA : EWL ) ,,wkrb13.com,https://www.wkrb13.com/2025/01/19/polianta-ltd-has-15-32-million-stake-in-ishares-msci-switzerland-etf-nysearcaewl.html
KR,2025-01-19,iShares Core S & P 500 ETF ( NYSEARCA : IVV ) Shares Sold by Integrated Investment Consultants LLC,,theenterpriseleader.com,https://theenterpriseleader.com/2025/01/19/ishares-core-sp-500-etf-nysearcaivv-shares-sold-by-integrated-investment-consultants-llc.html
KR,2025-01-19,Tekvando seçmelerine Şehitkamil damgası,,malatyaguncel.com,https://www.malatyaguncel.com/tekvando-secmelerine-sehitkamil-damgasi-2697122h.htm
KR,2025-01-19,Diyarbakırda silah zoruyla çocuk kaçıran şüphelilerden biri tutuklandı,,malatyaguncel.com,https://www.malatyaguncel.com/diyarbakirda-silah-zoruyla-cocuk-kaciran-suphelilerden-biri-tutuklandi-2697123h.htm
KR,2025-01-19,ભૂલથી પણ આ લિંક પર ક્લિક ન કરતા ! PM કિસાન યોજનાના નામે ખેડૂતો સાથે છેતરપિંડી,,vtvgujarati.com,https://www.vtvgujarati.com/news-details/fraudulent-messages-of-pm-kisan-yojana-how-farmers-can-stay-safe-from-scammers
KR,2025-01-19,Trendyol Süper Lig : Konyaspor : 1 - Kasımpaşa : 0 ( İlk yarı ) ,,malatyaguncel.com,https://www.malatyaguncel.com/trendyol-super-lig-konyaspor-1-kasimpasa-0-ilk-yari-2697117h.htm
KR,2025-01-19,I Think This Proves That Kane Brown is a Spectacular Parent,,975kgkl.com,https://975kgkl.com/ixp/204/p/kane-brown-katelyn-brown-spectacular-parents/
KR,2025-01-19,Clarius Group LLC Sells 88 Shares of Moody Co . ( NYSE : MCO ) ,,dailypolitical.com,https://www.dailypolitical.com/2025/01/19/clarius-group-llc-sells-88-shares-of-moodys-co-nysemco.html
KR,2025-01-19,Death toll in Nìger State tanker explosion rises to 86 National Accord Newspaper,,nationalaccordnewspaper.com,https://www.nationalaccordnewspaper.com/death-toll-in-niger-state-tanker-explosion-rises-to-86/
KR,2025-01-19,إعادة تنظيم مكتبة يونسكو في سبها خطوة نحو إحياء الإرث الثقافي للمدينة,,alwasat.ly,https://alwasat.ly/news/art-culture/464380
KR,2025-01-19,"Zorgen in financiële wereld om hoge kapitaalmarktrente , inflatie en geopolitieke situatie",,bnr.nl,https://www.bnr.nl/nieuws/economie/10565215/zorgen-in-financiele-wereld-om-hoge-kapitaalmarktrente-inflatie-en-geopolitieke-situatie
KR,2025-01-19,视频 ： 南部战区带弹位南海战备警巡 独家画面揭秘机型 _ 新闻频道 _ 中华网,,news.china.com,https://news.china.com/socialgd/10000169/20250119/47886920.html
KR,2025-01-19,TikTok Goes Dark In US As Trump Seeks Reprieve From Ban,,ibtimes.com,https://www.ibtimes.com/tiktok-goes-dark-us-trump-seeks-reprieve-ban-3759950
KR,2025-01-19,Nederland derde belangrijkste handelspartner voor Duitsland,,drimble.nl,https://drimble.nl/economie/100198764/nederland-derde-belangrijkste-handelspartner-voor-duitsland.html
KR,2025-01-19,Coco Gauff writes  RIP TikTok united states  on a TV camera at the Australian Open - The Daily Reporter,,greenfieldreporter.com,https://www.greenfieldreporter.com/2025/01/19/coco-gauff-writes-rip-tiktok-usa-on-a-tv-camera-at-the-australian-open/
KR,2025-01-19,"Hamas , İsrailden Serbest Bırakılacak Mahkumların Listesini Bekliyor",,haberler.com,https://www.haberler.com/politika/hamas-israil-den-serbest-birakilacak-mahkumlarin-listesini-bekliyor-18279106-haberi/
KR,2025-01-19,Bakan Yumaklı  dan bir çocuğun sahipsiz köpeklerin saldırısında ölümüne ilişkin açıklama,,konhaber.com,https://www.konhaber.com/guncel/bakan_yumakli_dan_bir_cocugun_sahipsiz_kopeklerin_saldirisinda_olumune_iliskin_aciklama-1958386h
KR,2025-01-19,Ya sabemos donde ganó Alejandro el apelativo de  El Grande . Lo hizo en este campo de batalla recién descubierto,,mundodeportivo.com,https://www.mundodeportivo.com/urbantecno/ciencia/ya-sabemos-donde-gano-alejandro-el-apelativo-de-el-grande-lo-hizo-en-este-campo-de-batalla-recien-descubierto
KR,2025-01-19,Erkan Sözeri :  Türk futbolunun yakasını bırakın  ,,malatyaguncel.com,https://www.malatyaguncel.com/erkan-sozeri-turk-futbolunun-yakasini-birakin-2697120h.htm
KR,2025-01-19,트럼프  내가 혼돈이라고 ? 한국을 보라  농담,,inews24.com,https://inews24.com/view/1805708
KR,2025-01-19,Καίτη Γκρέυ : Η τελευταία της φωτογραφία στα 100α της γενέθλια - 8 μήνες ... ,,thetoc.gr,https://www.thetoc.gr/people-style/article/kaiti-gkreu-i-teleutaia-tis-fotografia-sta-100a-tis-genethlia---8-mines-prin-apo-ton-thanato-tis/
KR,2025-01-19,Opinion : MLK Albany Movement was not a failure,,ajc.com,https://www.ajc.com/opinion/opinion-mlks-albany-movement-was-not-a-failure/4R5UDK5UP5H4ZA5CKWKLWQNEMY/
KR,2025-01-19,Steve Bannon says MAGA populism will win as Trump is surrounded by billionaires,,southcarolinapublicradio.org,https://www.southcarolinapublicradio.org/2025-01-19/steve-bannon-says-maga-populism-will-win-as-trump-is-surrounded-by-billionaires
KR,2025-01-19,537 Shares in Moody Co . ( NYSE : MCO ) Acquired by J2 Capital Management Inc,,wkrb13.com,https://www.wkrb13.com/2025/01/19/537-shares-in-moodys-co-nysemco-acquired-by-j2-capital-management-inc.html
KR,2025-01-19,Grove Bank & Trust Acquires 123 Shares of MSCI Inc . ( NYSE : MSCI ) ,,theenterpriseleader.com,https://theenterpriseleader.com/2025/01/19/grove-bank-trust-acquires-123-shares-of-msci-inc-nysemsci.html
KR,2025-01-19,"How Jack the Ripper slashed throats , ripped out entrails and wielded a knife with surgical precision ... as descendants of his victims back inquest after DNA breakthrough",,dailymail.co.uk,https://www.dailymail.co.uk/news/article-14296253/Jack-Ripper-victims-inquest-DNA.html
KR,2025-01-19,Jonathan Carter : Build resistance to Trump  cut baby cut  forest policy,,sunjournal.com,https://www.sunjournal.com/2025/01/19/jonathan-carter-build-resistance-to-trumps-cut-baby-cut-forest-policy/
KR,2025-01-19,"Polianta Ltd Acquires Shares of 14 , 700 Dollar General Co . ( NYSE : DG ) ",,theenterpriseleader.com,https://theenterpriseleader.com/2025/01/19/polianta-ltd-acquires-shares-of-14700-dollar-general-co-nysedg.html
KR,2025-01-19,Памʼять жертв Чорного Січня вшанували у Харкові » Харків Новини Онлайн,,news.kh.ua,https://news.kh.ua/kharkov/50063-pamiat-zhertv-chornogo-sichnia-vshanuvaly-u-kharkovi.html
KR,2025-01-19,Djokovic makes silent protest over Channel Nine sledge,,easternriverinachronicle.com.au,https://www.easternriverinachronicle.com.au/story/8870356/djokovic-makes-silent-protest-over-channel-nine-sledge/?cs=6364
KR,2025-01-19,Pro - Palestinian rallies welcome long - awaited ceasefire,,therural.com.au,https://www.therural.com.au/story/8869983/pro-palestinian-rallies-welcome-long-awaited-ceasefire/?cs=9676
KR,2025-01-19,Melbourne Stars go from 0 - 5 to booking BBL finals spot,,easternriverinachronicle.com.au,https://www.easternriverinachronicle.com.au/story/8870332/melbourne-stars-go-from-0-5-to-booking-bbl-finals-spot/?cs=6364
KR,2025-01-19,VAOL - Így kezelhetők a HMPV - vírus enyhe tünetei,,vaol.hu,https://www.vaol.hu/hazai-bulvar-celeb/2025/01/hmpv-virus-tunetek-enyhitese
KR,2025-01-19,Polianta Ltd Grows Position in Lam Research Co . ( NASDAQ : LRCX ) ,,dailypolitical.com,https://www.dailypolitical.com/2025/01/19/polianta-ltd-grows-position-in-lam-research-co-nasdaqlrcx.html
KR,2025-01-19,Pro - Palestinian rallies welcome long - awaited ceasefire,,easternriverinachronicle.com.au,https://www.easternriverinachronicle.com.au/story/8869983/pro-palestinian-rallies-welcome-long-awaited-ceasefire/
KR,2025-01-19,Student prvi do Časnog krsta u Nišu,,juznevesti.com,https://www.juznevesti.com/drustvo/student-prvi-do-casnog-krsta-u-nisu/
KR,2025-01-19,Vujović : Đurić svojim radom i vizijom obogatio umjetnički pejzaž naše zemlje,,portalanalitika.me,https://www.portalanalitika.me/clanak/vujovic-duric-svojim-radom-i-vizijom-obogatio-umjetnicki-pejzaz-nase-zemlje
KR,2025-01-19,Gaza ceasefire deal takes effect and fighting halts after delay,,businesstimes.com.sg,https://www.businesstimes.com.sg/international/update-6-gaza-ceasefire-deal-takes-effect-and-fighting-halts-after-delay
KR,2025-01-19,ЦАХАЛ усилила оборону в рамках подготовки к освобождению заключенных ХАМАС,,ria.ru,https://ria.ru/20250119/tsakhal-1994491181.html
KR,2025-01-19,"Anak kedua pemain JDT , Nazmi Faiz meninggal dunia",,sinarharian.com.my,https://www.sinarharian.com.my/article/708031/berita/sukan/anak-kedua-pemain-jdt-nazmi-faiz-meninggal-dunia
KR,2025-01-19,Portside Wealth Group LLC Lowers Position in RTX Co . ( NYSE : RTX ) ,,themarketsdaily.com,https://www.themarketsdaily.com/2025/01/19/portside-wealth-group-llc-lowers-position-in-rtx-co-nysertx.html
KR,2025-01-19,Γρηγόρης Βαλτινός :  Θέλουν να με ζευγαρώσουν … – Το …. αποκαλυπτικό spoiler ... ,,thetoc.gr,https://www.thetoc.gr/people-style/article/grigoris-baltinos-theloun-na-me-zeugarosoun-to-apokaluptiko-spoiler-gia-tin-gi-tis-elias/
KR,2025-01-19,Virajı alamayan motosiklet sürücüsü kaza yaptı : 2 yaralı,,malatyaguncel.com,https://www.malatyaguncel.com/viraji-alamayan-motosiklet-surucusu-kaza-yapti-2-yarali-2697136h.htm
KR,2025-01-19,Η Exxon Mobil ξεκινά γεωτρήσεις για φυσικό αέριο στην κυπριακή ΑΟΖ,,thetoc.gr,https://www.thetoc.gr/oikonomia/article/i-exxon-mobil-xekina-geotriseis-gia-fusiko-aerio-stin-kupriaki-aoz/
KR,2025-01-19,Dominguez Wealth Management Solutions Inc . Has $3 . 47 Million Position in The Procter & Gamble Company ( NYSE : PG ) ,,themarketsdaily.com,https://www.themarketsdaily.com/2025/01/19/dominguez-wealth-management-solutions-inc-has-3-47-million-position-in-the-procter-gamble-company-nysepg.html
KR,2025-01-19,"Start your week smart : TikTok ban kicks in , Gaza ceasefire begins , ERA ratified , new CNN poll , Senate seat filled",,yahoo.com,https://www.yahoo.com/news/start-week-smart-tiktok-ban-133742045.html
KR,2025-01-19,TikTok в США не працює - Естонія закликає підтримати заборону в Європі,,rbc.ua,https://www.rbc.ua/rus/news/estoniyi-pidtrimuyut-zaboronu-tiktok-evropi-1737289822.html
KR,2025-01-19,"VIDEO : મહાકુંભની આગ આવી કાબુમાં , શ્રદ્ધાળુઓનો વાળ પણ વાંકો ન થયો , કારણ આવ્યું સામે",,vtvgujarati.com,https://www.vtvgujarati.com/news-details/massive-fire-in-prayagraj-mahakumbh
KR,2025-01-19,How TikTok grew from a fun app for teens into a potential national security threat,,idahostatejournal.com,https://www.idahostatejournal.com/news/national/how-tiktok-grew-from-a-fun-app-for-teens-into-a-potential-national-security-threat/article_178ec07e-6048-53f3-aa27-96bf8a2861cc.html
KR,2025-01-19,长风破浪潮头立 中国以构建人类命运共同体理念与行动深刻作答时代之问,,news.ycwb.com,https://news.ycwb.com/2025-01/19/content_53192978.htm
KR,2025-01-19,올해 설 선물 트렌드⋯  웰니스 · 친환경  ,,inews24.com,https://inews24.com/view/1805457
KR,2025-01-19,Ameritas Advisory Services LLC Has $5 . 73 Million Stock Position in Costco Wholesale Co . ( NASDAQ : COST ) ,,wkrb13.com,https://www.wkrb13.com/2025/01/19/ameritas-advisory-services-llc-has-5-73-million-stock-position-in-costco-wholesale-co-nasdaqcost.html
KR,2025-01-19,У Чернівецькій області голова громади привласнив кошти для ЗСУ новини LB . ua,,lb.ua,https://lb.ua/society/2025/01/19/656037_golova_gromadi_bukovini.html
KR,2025-01-19,"Europa heeft Turkije nodig voor haar veiligheid ,  tijd voor serieus gesprek  ",,bnr.nl,https://www.bnr.nl/nieuws/internationaal/10565047/europa-heeft-turkije-nodig-voor-haar-veiligheid-tijd-voor-serieus-gesprek
KR,2025-01-19,Libyanın Petrolü Avrupada Talep Görüyor,,haberler.com,https://www.haberler.com/guncel/libya-nin-petrolu-avrupa-da-talep-goruyor-18279156-haberi/
KR,2025-01-19,Steve Bannon says MAGA populism will win as Trump is surrounded by billionaires,,northcountrypublicradio.org,https://www.northcountrypublicradio.org/news/npr/nx-s1-5254112/steve-bannon-says-maga-populism-will-win-as-trump-is-surrounded-by-billionaires
KR,2025-01-19,"Unsettled weather ahead for Sunday , with rain , storms and wind . ",,yahoo.com,https://www.yahoo.com/news/unsettled-weather-ahead-sunday-rain-141951311.html
KR,2025-01-19,Retirement Wealth Solutions LLC Buys New Position in Broadcom Inc . ( NASDAQ : AVGO ) ,,dailypolitical.com,https://www.dailypolitical.com/2025/01/19/retirement-wealth-solutions-llc-buys-new-position-in-broadcom-inc-nasdaqavgo.html
KR,2025-01-19,Esenyurt Belediyesi sömestr şenliği başlıyor,,malatyaguncel.com,https://www.malatyaguncel.com/esenyurt-belediyesi-somestr-senligi-basliyor-2697113h.htm
KR,2025-01-19,Whitaker Myers Wealth Managers LTD . Makes New Investment in Vanguard FTSE Developed Markets ETF ( NYSEARCA : VEA ) ,,dailypolitical.com,https://www.dailypolitical.com/2025/01/19/whitaker-myers-wealth-managers-ltd-makes-new-investment-in-vanguard-ftse-developed-markets-etf-nysearcavea.html
KR,2025-01-19,Hrant Dink İçin 18 . Yıl Anma Töreni Düzenlendi,,haberler.com,https://www.haberler.com/guncel/hrant-dink-icin-18-yil-anma-toreni-duzenlendi-18279142-haberi/
KR,2025-01-19,100 milyon liralık vurgunda  yılın işadamı  ve 10 kişiye gözaltı,,konhaber.com,https://www.konhaber.com/3-sayfa/100_milyon_liralik_vurgunda_yilin_isadami_ve_10_kisiye_gozalti-1958381h
KR,2025-01-19,"Oak Ridge Investments LLC Buys 1 , 250 Shares of Netflix , Inc . ( NASDAQ : NFLX ) ",,wkrb13.com,https://www.wkrb13.com/2025/01/19/oak-ridge-investments-llc-buys-1250-shares-of-netflix-inc-nasdaqnflx.html
KR,2025-01-19,All - Star ITIC Virtual Tourism Investment Summit a success,,eturbonews.com,https://eturbonews.com/all-star-itic-virtual-tourism-investment-summit-a-success/
KR,2025-01-19,新华视点丨微光成炬 ， 温暖回家路,,news.ycwb.com,https://news.ycwb.com/2025-01/19/content_53193036.htm
KR,2025-01-19,Cencerrada pastoril en Riofrío | Noticias Diario de Ávila,,diariodeavila.es,https://www.diariodeavila.es/noticia/zee4c0021-02ea-e068-ff548add003fc384/202501/exito-de-participacion-en-la-cencerrada-de-riofrio
KR,2025-01-19,Δυστοπία : Η επιστροφή των Παλαιστινίων στα συντρίμμια της Γάζας,,naftemporiki.gr,https://www.naftemporiki.gr/kosmos/1886682/dystopia-i-epistrofi-ton-palaistinion-sta-syntrimmia-tis-gazas/
KR,2025-01-19,"Kırmızı Bültenle aranan organize suç örgütü elebaşı Ercan Yılmaz ve Kırmızı Bültenle aranan örgüt üyesi İbrahim Kaymak , Türkiyeye getirildi . ",,malatyaguncel.com,https://www.malatyaguncel.com/kirmizi-bultenle-aranan-organize-suc-orgutu-elebasi-ercan-yilmaz-ve-kirmizi-bultenle-arana-2697116h.htm
KR,2025-01-19,Brignone vince il Super G a Cortina e domina la classifica generale  - Notizie dallItalia e dal mondo,,laprovinciaunicatv.it,https://www.laprovinciaunicatv.it/stories/italpress-news/brignone-vince-super-g-cortina-domina-classifica-generale-o_2771429_11/
KR,2025-01-19,高速拥堵20公里有人下车遛狗 无奈之举引热议 _ 新闻频道 _ 中华网,,news.china.com,https://news.china.com/socialgd/10000169/20250119/47886902.html
KR,2025-01-19,"Reinhard Fendrich : „ Zuerst wird man beschimpft , dann bedroht , zum Schluss verfolgt . ",,goettinger-tageblatt.de,https://www.goettinger-tageblatt.de/kultur/reinhard-fendrich-zuerst-wird-man-beschimpft-dann-bedroht-zum-schluss-verfolgt-L22TDFHEABFQ3J3OQV7KISW2LY.html
KR,2025-01-19,"Artemis Investment Management LLP Lowers Stock Holdings in Natera , Inc . ( NASDAQ : NTRA ) ",,themarketsdaily.com,https://www.themarketsdaily.com/2025/01/19/artemis-investment-management-llp-lowers-stock-holdings-in-natera-inc-nasdaqntra.html
KR,2025-01-19,Protesters storm South Korea court after it extends Yoon detention,,businesstimes.com.sg,https://www.businesstimes.com.sg/international/protesters-storm-south-korea-court-after-it-extends-yoons-detention
KR,2025-01-19,Bring Them Home : Israeli News Reporting First Transfer of Female Hostages to Red Cross Now Underway,,twitchy.com,https://twitchy.com/amy-curtis/2025/01/19/here-we-go-israeli-news-reporting-transfer-of-female-hostages-to-red-cross-now-underway-n2406931
KR,2025-01-19,B & T Capital Management DBA Alpha Capital Management Grows Position in Visa Inc . ( NYSE : V ) ,,modernreaders.com,https://www.modernreaders.com/news/2025/01/19/b-t-capital-management-dba-alpha-capital-management-grows-position-in-visa-inc-nysev.html
KR,2025-01-19,Chevron Co . ( NYSE : CVX ) Shares Sold by Lake Street Private Wealth LLC,,modernreaders.com,https://www.modernreaders.com/news/2025/01/19/chevron-co-nysecvx-shares-sold-by-lake-street-private-wealth-llc.html
KR,2025-01-19,Dünyanýn gözü Gazzede ... Rehine takasý baþladý,,aksam.com.tr,https://www.aksam.com.tr/dunya/dunyanin-gozu-gazzede-rehine-takasi-basladi/haber-1539196
KR,2025-01-19,Vanguard Small - Cap Value ETF ( NYSEARCA : VBR ) is Aaron Wealth Advisors LLC 10th Largest Position,,wkrb13.com,https://www.wkrb13.com/2025/01/19/vanguard-small-cap-value-etf-nysearcavbr-is-aaron-wealth-advisors-llcs-10th-largest-position.html
KR,2025-01-19,Studenti pozivaju na proteste u 19 gradova širom Srbije,,vreme.com,https://vreme.com/drustvo/studenti-pozivaju-na-proteste-u-19-gradova-sirom-srbije/
KR,2025-01-19,I Think This Proves That Kane Brown is a Spectacular Parent,,kwcdcountry.com,https://kwcdcountry.com/ixp/204/p/kane-brown-katelyn-brown-spectacular-parents/
KR,2025-01-19,"Dakwa sembunyi Titah Adendum , Anwar perlu bertanggungjawab – Ku Li",,sinarharian.com.my,https://www.sinarharian.com.my/article/708130/berita/politik/dakwa-sembunyi-titah-adendum-anwar-perlu-bertanggungjawab-ndash-ku-li
KR,2025-01-19,Plötzlich ruckelte der Lift - Unfall in spanischem Skigebiet,,tz.de,http://www.tz.de/welt/ploetzlich-ruckelte-der-lift-unfall-in-spanischem-skigebiet-zr-93522958.html
KR,2025-01-19,  В общественном туалете : поступок Зеленского вызвал недоумение в Раде,,ria.ru,https://ria.ru/20250119/kiev-1994494667.html
KR,2025-01-19,Kırmızı bültenle aranan suç örgütü lideri ve üyesi Türkiyeye getirildi,,haberler.com,https://www.haberler.com/3-sayfa/kirmizi-bultenle-aranan-organize-suc-orgutu-18279120-haberi/
KR,2025-01-19,"Polianta Ltd Purchases Shares of 47 , 800 AngloGold Ashanti plc ( NYSE : AU ) ",,themarketsdaily.com,https://www.themarketsdaily.com/2025/01/19/polianta-ltd-purchases-shares-of-47800-anglogold-ashanti-plc-nyseau.html
KR,2025-01-19,Σπύρος Μπιμπίλας για Καίτη Γκρέυ : « Πάντα θα θυμάμαι με πόση αγάπη μιλούσες για τον Καζαντζίδη » ,,inewsgr.com,https://www.inewsgr.com/93/spyros-bibilas-gia-kaiti-gkrey-panta-tha-thymamai-me-posi-agapi-milouses-gia-ton-kazantzidi.htm
KR,2025-01-19,"Child dies in overnight fire , JSO says",,yahoo.com,https://www.yahoo.com/news/child-dies-overnight-fire-jso-131929504.html
KR,2025-01-19,"Bride Uninvites Her BFF , Acts Shocked When She Finds Out Her Wedding Cake Order Was Canceled Too",,boredpanda.com,https://www.boredpanda.com/maid-of-honor-uninvited-from-wedding-cancels-cake-order/?cexp_id=115045&cexp_var=57&_f=homepage_featured
KR,2025-01-19, ¿ Cuán rápido iniciaría plan de Trump sobre deportaciones masivas ? – Telemundo Chicago,,telemundochicago.com,https://www.telemundochicago.com/noticias/inmigracion/donald-trump-plan-deportaciones-masivas/2522951/
KR,2025-01-19,BNC Wealth Management LLC Grows Stake in Emerson Electric Co . ( NYSE : EMR ) ,,themarketsdaily.com,https://www.themarketsdaily.com/2025/01/19/bnc-wealth-management-llc-grows-stake-in-emerson-electric-co-nyseemr.html
KR,2025-01-19,The man on a mission to save coral reefs – by growing them in London,,yahoo.com,https://www.yahoo.com/news/man-mission-save-coral-reefs-140000541.html
KR,2025-01-19,Soupçons de blanchiment dargent : ING pointée du doigt dans laffaire Reynders,,virgule.lu,https://www.virgule.lu/international/soupcons-de-blanchiment-d-argent-ing-pointee-du-doigt-dans-l-affaire-reynders/34835954.html
KR,2025-01-19,Farage lijkt meer gematigde koers te varen :  niet anti - immigratie maar pro - controle  ,,bnr.nl,https://www.bnr.nl/nieuws/internationaal/10565191/farage-lijkt-meer-gematigde-koers-te-varen-niet-anti-immigratie-maar-pro-controle
KR,2025-01-19,"Who is Itamar Ben - Gvir , the far - right minister who resigned from Netanyahu Cabinet ? ",,theglobeandmail.com,https://www.theglobeandmail.com/world/article-who-is-itamar-ben-gvir-the-far-right-minister-who-resigned-from/
KR,2025-01-19,週一輻射冷卻早晚偏冷 白天陽光露臉高溫逾20度 - 生活,,news.ltn.com.tw,https://news.ltn.com.tw/news/life/breakingnews/4928643
KR,2025-01-19,"LongView Wealth Management Cuts Stock Position in Advanced Micro Devices , Inc . ( NASDAQ : AMD ) ",,wkrb13.com,https://www.wkrb13.com/2025/01/19/longview-wealth-management-cuts-stock-position-in-advanced-micro-devices-inc-nasdaqamd.html
KR,2025-01-19,"İtalya Dışişleri Bakanı Tajani , İsrail ve Filistini Ziyaret Edecek",,haberler.com,https://www.haberler.com/guncel/italya-disisleri-bakani-tajani-israil-ve-filistin-i-ziyaret-edecek-18279154-haberi/
KR,2025-01-19,Pro - Palestinian rallies welcome long - awaited ceasefire,,blayneychronicle.com.au,https://www.blayneychronicle.com.au/story/8869983/pro-palestinian-rallies-welcome-long-awaited-ceasefire/?cs=9676
KR,2025-01-19,В ЯНАО закрыли зимник Лабытнанги Мужи Азовы Теги,,ura.news,https://ura.news/news/1052869871
KR,2025-01-19,"বর্তমান পত্রিকা : Bartaman Patrika | West Bengal frontliner Newspaper | Latest Bengali News , এই মুহূর্তে বাংলা খবর",,bartamanpatrika.com,https://bartamanpatrika.com/desh/cid/14/detail-news/id/616153
KR,2025-01-19,Жители Бурятии рванули на ПМЖ в Сибирь и на запад России | Байкал Daily - Новости Бурятии и Улан - Удэ в реальном времени,,baikal-daily.ru,https://www.baikal-daily.ru/news/16/493091/
KR,2025-01-19,"Maiden Cove Capital LLC Has $899 , 000 Stock Position in Vanguard Health Care ETF ( NYSEARCA : VHT ) ",,dailypolitical.com,https://www.dailypolitical.com/2025/01/19/maiden-cove-capital-llc-has-899000-stock-position-in-vanguard-health-care-etf-nysearcavht.html
KR,2025-01-19,"대전 신축야구장 ,  대전  명칭 넣기로",,inews24.com,https://inews24.com/view/1805712
KR,2025-01-19,کرم : خیبرپختونخوا حکومت کا شرپسند عناصر کے خلاف بلا تفریق کارروائی کرنے کا فیصلہ - Pakistan,,dawnnews.tv,https://www.dawnnews.tv/news/1251106
KR,2025-01-19,Urgent concerns as two  good friend found dead in street and more feared,,dailystar.co.uk,https://www.dailystar.co.uk/news/latest-news/urgent-concerns-two-good-friends-34509768
KR,2025-01-19,پاکستان رواں سال جون تک پانڈا بانڈ جاری کرے گا ، وفاقی وزیر خزانہ - Business,,dawnnews.tv,https://www.dawnnews.tv/news/1251099/
KR,2025-01-19,"Woman , 19 , grabbed and assaulted by 30 men in nightmare New Year trip to Italy",,metro.co.uk,https://metro.co.uk/2025/01/19/woman-19-grabbed-assaulted-30-men-nightmare-new-year-trip-italy-22389836/
KR,2025-01-19,Trump 2nd term represents hope for the right and fear of a dark era for others,,southcarolinapublicradio.org,https://www.southcarolinapublicradio.org/2025-01-19/trumps-2nd-term-represents-hope-for-the-right-and-fear-of-a-dark-era-for-others
KR,2025-01-19,TikTok может вернуться в Россию после блокировки в США,,amic.ru,https://www.amic.ru/news/tiktok-mozhet-vernutsya-v-rossiyu-posle-blokirovki-v-ssha-555942
KR,2025-01-19,Luncheon to focus on nation 1st president | Pine Bluff Commercial News,,pbcommercial.com,https://www.pbcommercial.com/news/2025/jan/19/luncheon-to-focus-on-nations-1st-president/
KR,2025-01-19,"Kuzenler Yusuf ile Kadir , mermer ocağında su dolu çukurda boğuldu",,dha.com.tr,https://www.dha.com.tr/gundem/kuzenler-yusuf-ile-kadir-mermer-ocaginda-su-dolu-cukurda-boguldu-2568673
KR,2025-01-19,Pakistan Trade Deficit With Neighbouring Countries Rises By 43 . 22 Pct,,menafn.com,https://menafn.com/1109106023/Pakistans-Trade-Deficit-With-Neighbouring-Countries-Rises-By-4322-Pct
KR,2025-01-19,"Brady Martz Wealth Solutions LLC Purchases Shares of 21 , 379 Avantis Emerging Markets Equity ETF ( NYSEARCA : AVEM ) ",,theenterpriseleader.com,https://theenterpriseleader.com/2025/01/19/brady-martz-wealth-solutions-llc-purchases-shares-of-21379-avantis-emerging-markets-equity-etf-nysearcaavem.html
KR,2025-01-19,Buddy Hield makes The Bahamas a household name,,eturbonews.com,https://eturbonews.com/buddy-hield-makes-bahamas-household-name/
KR,2025-01-19,Elon Musk teases return of Vine app following TikTok ban | News US,,metro.co.uk,https://metro.co.uk/2025/01/19/elon-musk-looking-into-return-vine-following-tiktok-ban-22390190/
KR,2025-01-19,Woman spent thousands on  mummy makeover  and cried when she saw results,,bristolpost.co.uk,https://www.bristolpost.co.uk/news/real-life/woman-spent-thousands-mummy-makeover-9875161
KR,2025-01-19,  You Can Starve : Husband Brutal Wake - Up Call Pushes Exhausted Wife To The Brink,,boredpanda.com,https://www.boredpanda.com/husband-pours-cold-water-sleeping-wife/?cexp_id=114970&cexp_var=77&_f=homepage_featured
KR,2025-01-19,"공수처 , 尹  변호인 외 접견 금지  김건희 여사도 못 만난다",,inews24.com,https://inews24.com/view/1805700
KR,2025-01-19,The Bold and the Beautiful Spoilers : Li Reads Paternity Outcome - Luna Father is Jack or Finn ? ,,celebdirtylaundry.com,https://www.celebdirtylaundry.com/2025/the-bold-and-the-beautiful-spoilers-li-reads-paternity-outcome-lunas-father-is-jack-or-finn/
KR,2025-01-19,Λήμνος : Μεθυσμένος οδηγός έπεσε σε σταθμευμένα οχήματα και τραυμάτισε ... ,,thetoc.gr,https://www.thetoc.gr/koinwnia/article/limnos-methusmenos-odigos-epese-se-stathmeumena-oximata-kai-traumatise-ilikiomeno-binteo/
KR,2025-01-19,The Young and the Restless Spoilers : Sally Dumps Billy Over Adam Destruction – Vendetta Derails Love Story ? ,,celebdirtylaundry.com,https://www.celebdirtylaundry.com/2025/the-young-and-the-restless-spoilers-sally-dumps-billy-over-adams-destruction-vendetta-derails-love-story/
KR,2025-01-19,Studiu : Persoanele care folosesc medicamente pentru slăbit și - au redus cheltuielile alimentare cu aproape 6 % ,,news.yam.md,https://news.yam.md/ro/story/16210539
KR,2025-01-19,Ex - con five year Lottery blow out from mansions and supercars to living in own poo,,dailystar.co.uk,https://www.dailystar.co.uk/news/world-news/ex-cons-five-year-lottery-34491327
KR,2025-01-19,"MIT , arılara yardım etmesi için robot böcek geliştirdi",,tr.euronews.com,https://tr.euronews.com/next/2025/01/19/mit-arilara-yardim-etmesi-icin-robot-bocek-gelistirdi
KR,2025-01-19,Quelles sont les aides sociales accessibles aux couples en 2025 ? ,,econostrum.info,https://econostrum.info/aides-sociales-accessibles-couples/
KR,2025-01-19,"Γιάννης Σαρακιώτης : Θα ψηφίσω τη Λούκα Κατσέλη , αλλά δεν επιστρέφω στον ... ",,thetoc.gr,https://www.thetoc.gr/politiki/article/giannis-sarakiotis-tha-psifiso-ti-louka-katseli-alla-den-epistrefo-ston-suriza/
KR,2025-01-19,Who is Itamar Ben - Gvir ? ,,wtol.com,https://www.wtol.com/article/news/nation-world/israel-hamas-conflict/itamar-ben-gvir-resigns-netanyahu-cabinet/507-bc2d1f2f-5372-44ff-81d5-a17f050203c7
KR,2025-01-19,في خدمتك .. خطوات الحصول على كتب إلكترونية من بنك المعرفة مجانًا,,akhbarelyom.com,https://akhbarelyom.com/news/newdetails/4535367/1/%D9%81%D9%8A-%D8%AE%D8%AF%D9%85%D8%AA%D9%83-%D8%AE%D8%B7%D9%88%D8%A7%D8%AA-%D8%A7%D9%84%D8%AD%D8%B5%D9%88%D9%84-%D8%B9%D9%84%D9%89-%D9%83%D8%AA%D8%A8-%D8%A5%D9%84%D9%83%D8%AA%D8%B1%D9%88%D9%86%D9%8A%D8%A9-
KR,2025-01-19,Engelli kıza şiddet iddiasına annenin avukatından yalanlama,,malatyaguncel.com,https://www.malatyaguncel.com/engelli-kiza-siddet-iddiasina-annenin-avukatindan-yalanlama-2695791h.htm
KR,2025-01-19,"ECB - bestuurder : rente verder verlagen kan , wel voorzichtig zijn",,bnr.nl,https://www.bnr.nl/nieuws/economie/10565217/ecb-bestuurder-rente-verder-verlagen-kan-wel-voorzichtig-zijn
KR,2025-01-19,Incendio al Porto Antico di Genova : evacuazione e soccorsi,,notizie.it,https://www.notizie.it/incendio-devastante-al-porto-antico-di-genova-evacuazione-e-intervento-dei-vigili-del-fuoco/
KR,2025-01-19,Естонія закликає Європу заборонити TikTok як США,,lb.ua,https://lb.ua/world/2025/01/19/656059_estoniya_zaklikaie_ievropu_zaboroniti.html
KR,2025-01-19,A股后市怎么走 ？ 机构解读 震荡调整为主基调 _ 新闻频道 _ 中华网,,news.china.com,https://news.china.com/socialgd/10000169/20250119/47886929.html
KR,2025-01-19,"Opération de sécurisation à Dakar : 410 individus interpellés , de la drogue saisie , des véhicules et des motos immobilisés",,seneweb.com,https://www.seneweb.com/news/Societe/operation-de-securisation-a-dakar-410-in_n_460973.html
KR,2025-01-19,"Kolone na izlazu iz BiH u Gradišci , V . Kladuši i Izačiću",,rtvbn.com,https://rtvbn.com/4070824/kolone-na-izlazu-iz-bih-u-gradisci-v-kladusi-i-izacicu
KR,2025-01-19,"Alba Parietti , come sta dopo lincidente ? « Mi è andata bene , mi hanno dato una botta bestiale . Ho fatto due chilometri sul ginocchio rotto » ",,ilmessaggero.it,https://www.ilmessaggero.it/persone/alba_parietti_incidente_come_sta_ginocchio_rotto_domenica_in-8603265.html
KR,2025-01-19,Many doctors dont discuss sex after cancer . But survivors wish they would,,northcountrypublicradio.org,https://www.northcountrypublicradio.org/news/npr/nx-s1-5266845/many-doctors-don-t-discuss-sex-after-cancer-but-survivors-wish-they-would
KR,2025-01-19," « Не подумали головой »: Блогеры - подростки , снявшие штаны у Спаса на Крови , извинились перед верующими и встретились с полицией",,pda.spb.kp.ru,https://pda.spb.kp.ru/daily/27653.5/5038370/
